{"run 0": {"cross": 1.0, "ndgc_score": 1.0000000000000002, "cohen_kappa_score": 1.0, "r2_score": 1.0, "levenshtein_normalized_similarity": 1.0, "kendalltau": 1.0, "weightedtau": 1.0, "rbo": 1.0, "damerau_levenshtein_normalized_similarity": 1.0, "jaro_winkler_normalized_similarity": 1.0, "hamming_normalized_similarity": 1.0, "debug": {"cross": [1.0, 1.0, 1.0, 1.0, 1.0, 1.0, 1.0, 1.0, 1.0, 1.0], "ndgc_score": [1.0000000000000002, 1.0000000000000002, 1.0000000000000002, 1.0000000000000002, 1.0000000000000002, 1.0000000000000002, 1.0000000000000002, 1.0000000000000002, 1.0000000000000002, 1.0000000000000002], "cohen_kappa_score": [1.0, 1.0, 1.0, 1.0, 1.0, 1.0, 1.0, 1.0, 1.0, 1.0], "r2_score": [1.0, 1.0, 1.0, 1.0, 1.0, 1.0, 1.0, 1.0, 1.0, 1.0], "levenshtein_normalized_similarity": [1.0, 1.0, 1.0, 1.0, 1.0, 1.0, 1.0, 1.0, 1.0, 1.0], "kendalltau": [1.0, 1.0, 1.0, 1.0, 1.0, 1.0, 1.0, 1.0, 1.0, 1.0], "weightedtau": [1.0, 1.0, 1.0, 1.0, 1.0, 1.0, 1.0, 1.0, 1.0, 1.0], "rbo": [1.0, 1.0, 1.0, 1.0, 1.0, 1.0, 1.0, 1.0, 1.0, 1.0], "damerau_levenshtein_normalized_similarity": [1.0, 1.0, 1.0, 1.0, 1.0, 1.0, 1.0, 1.0, 1.0, 1.0], "jaro_winkler_normalized_similarity": [1.0, 1.0, 1.0, 1.0, 1.0, 1.0, 1.0, 1.0, 1.0, 1.0], "hamming_normalized_similarity": [1.0, 1.0, 1.0, 1.0, 1.0, 1.0, 1.0, 1.0, 1.0, 1.0]}}, "run 1": {"cross": 0.8848340892727906, "ndgc_score": 0.9318188488609376, "cohen_kappa_score": 0.445, "r2_score": 0.6129448412691734, "levenshtein_normalized_similarity": 0.5322222222222223, "kendalltau": 0.6644444444444446, "weightedtau": 0.6249479239725068, "rbo": 0.755473544973545, "damerau_levenshtein_normalized_similarity": 0.5344444444444445, "jaro_winkler_normalized_similarity": 0.8090714285714287, "hamming_normalized_similarity": 0.5066666666666666, "debug": {"cross": [0.9994172494172494, 0.997173058013766, 0.9897660818713451, 1.0058479532163742, 1.0073746312684364, 0.5552815894797027, 0.5233542319749217, 0.7831620166421929, 1.0058651026392962, 0.9810989782046221], "ndgc_score": [0.9490085568775053, 0.9119354485816255, 0.9680005726572418, 0.9468655348724109, 0.925236287756243, 0.9185803662500858, 0.9207966144314715, 0.9156243358971402, 0.9303237475838324, 0.9318170237018195], "cohen_kappa_score": [0.4875000000000001, 0.23750000000000018, 0.65, 0.4625, 0.4000000000000001, 0.45000000000000007, 0.4625000000000001, 0.5, 0.3750000000000001, 0.4250000000000001], "r2_score": [0.6626799976771324, 0.4097640995914009, 0.872233550844739, 0.7117302051613377, 0.7202367072821116, 0.3915376832756312, 0.3933313410914177, 0.5693794623662211, 0.7121472485944278, 0.686408116807315], "levenshtein_normalized_similarity": [0.5666666666666667, 0.33333333333333337, 0.7, 0.6000000000000001, 0.5111111111111112, 0.5222222222222223, 0.5444444444444445, 0.5777777777777778, 0.47777777777777775, 0.48888888888888893], "kendalltau": [0.7111111111111111, 0.6111111111111112, 0.8388888888888889, 0.6666666666666667, 0.7, 0.5777777777777777, 0.6, 0.5833333333333334, 0.6944444444444444, 0.6611111111111111], "weightedtau": [0.6835162715668397, 0.5503594473278159, 0.8276353626034508, 0.6639342825080657, 0.6259889185018938, 0.53060562491233, 0.5680284752419694, 0.5561930144480292, 0.6373614812736711, 0.6058563613410015], "rbo": [0.7380555555555556, 0.654484126984127, 0.8074074074074075, 0.8107539682539683, 0.7585714285714286, 0.7634656084656084, 0.766547619047619, 0.7940608465608465, 0.7412698412698412, 0.7201190476190475], "damerau_levenshtein_normalized_similarity": [0.5666666666666667, 0.34444444444444444, 0.7, 0.6111111111111112, 0.5111111111111112, 0.5222222222222223, 0.5444444444444445, 0.5777777777777778, 0.47777777777777775, 0.48888888888888893], "jaro_winkler_normalized_similarity": [0.8165079365079364, 0.7394973544973544, 0.8483333333333334, 0.8714417989417989, 0.8116402116402117, 0.7956613756613756, 0.7977248677248677, 0.8342857142857142, 0.799537037037037, 0.7760846560846562], "hamming_normalized_similarity": [0.5444444444444445, 0.32222222222222224, 0.6888888888888889, 0.5222222222222224, 0.4666666666666667, 0.5111111111111111, 0.5222222222222221, 0.5555555555555556, 0.4444444444444445, 0.48888888888888893]}}, "run 2": {"cross": 0.7875545274515664, "ndgc_score": 0.8865429965851324, "cohen_kappa_score": 0.21375000000000016, "r2_score": -2.3266931527971515, "levenshtein_normalized_similarity": 0.3511111111111111, "kendalltau": 0.40722222222222226, "weightedtau": 0.3621584373684949, "rbo": 0.642537037037037, "damerau_levenshtein_normalized_similarity": 0.3555555555555556, "jaro_winkler_normalized_similarity": 0.729292328042328, "hamming_normalized_similarity": 0.30111111111111116, "debug": {"cross": [0.562713881862818, 0.779077540106952, 0.7969918159699182, 0.9909712054660811, 1.0079051383399211, 0.5902239114696451, 0.7747933884297521, 0.8411359099981854, 0.7490599424905995, 0.7826725403817915], "ndgc_score": [0.8607695299743412, 0.8813759694111925, 0.8666788671482502, 0.9327914998491911, 0.9005453720104226, 0.8610839075910528, 0.8693268911255083, 0.8799244319490983, 0.9163144049211729, 0.8966190918710932], "cohen_kappa_score": [0.2125000000000002, 0.23750000000000018, 0.17500000000000018, 0.3375000000000001, 0.22500000000000014, 0.18750000000000017, 0.18750000000000017, 0.1250000000000002, 0.2750000000000001, 0.17500000000000016], "r2_score": [-8.01614753339091, -0.3505734016454191, -0.5382968971543984, -0.5406773703092038, -2.561479971447694, -1.4416896692295094, -1.4382099171790481, -0.4122925146726478, -2.656145140560498, -5.311419112382185], "levenshtein_normalized_similarity": [0.34444444444444444, 0.38888888888888895, 0.3666666666666667, 0.4333333333333334, 0.34444444444444444, 0.3222222222222223, 0.3555555555555555, 0.25555555555555554, 0.3666666666666667, 0.33333333333333337], "kendalltau": [0.35555555555555557, 0.4222222222222222, 0.3277777777777778, 0.6000000000000001, 0.45555555555555544, 0.3055555555555555, 0.2555555555555556, 0.41666666666666663, 0.55, 0.38333333333333336], "weightedtau": [0.27896619441716936, 0.39177479309861135, 0.2991303128068453, 0.5333672324309161, 0.42687087950624203, 0.24783630242670784, 0.24537101977837, 0.35088897461074486, 0.4943715808668818, 0.3530070837424605], "rbo": [0.6068650793650793, 0.6411507936507936, 0.6275793650793651, 0.7170502645502644, 0.6579894179894181, 0.641005291005291, 0.6175661375661374, 0.625026455026455, 0.6705687830687831, 0.620568783068783], "damerau_levenshtein_normalized_similarity": [0.35555555555555557, 0.41111111111111115, 0.3666666666666667, 0.4333333333333334, 0.34444444444444444, 0.3222222222222223, 0.36666666666666664, 0.25555555555555554, 0.3666666666666667, 0.33333333333333337], "jaro_winkler_normalized_similarity": [0.6944179894179894, 0.7413359788359788, 0.7040277777777778, 0.7843055555555555, 0.7351719576719576, 0.7313756613756615, 0.721957671957672, 0.7102910052910053, 0.7129761904761904, 0.757063492063492], "hamming_normalized_similarity": [0.30000000000000004, 0.3222222222222223, 0.2666666666666667, 0.41111111111111115, 0.31111111111111117, 0.2777777777777778, 0.2777777777777778, 0.22222222222222224, 0.35555555555555557, 0.2666666666666667]}}, "run 3": {"cross": 0.8045874993146406, "ndgc_score": 0.880320846430916, "cohen_kappa_score": 0.11750000000000019, "r2_score": -2.413475520166125, "levenshtein_normalized_similarity": 0.2777777777777778, "kendalltau": 0.285, "weightedtau": 0.2815009117688316, "rbo": 0.6005396825396826, "damerau_levenshtein_normalized_similarity": 0.28222222222222226, "jaro_winkler_normalized_similarity": 0.6908452380952381, "hamming_normalized_similarity": 0.21555555555555558, "debug": {"cross": [0.5751981351981352, 0.7988375704334709, 0.8074892408713785, 0.9762611275964391, 0.8512333702882483, 0.8131471454355467, 0.7880203908241291, 0.8357946077767241, 0.8055178652193579, 0.7943755395029758],