{"run 0": {"cross": 1.0, "ndgc_score": 1.0000000000000002, "cohen_kappa_score": 1.0, "r2_score": 1.0, "levenshtein_normalized_similarity": 1.0, "kendalltau": 1.0, "weightedtau": 1.0, "rbo": 1.0, "damerau_levenshtein_normalized_similarity": 1.0, "jaro_winkler_normalized_similarity": 1.0, "hamming_normalized_similarity": 1.0, "debug": {"cross": [1.0, 1.0, 1.0, 1.0, 1.0, 1.0, 1.0, 1.0, 1.0, 1.0], "ndgc_score": [1.0000000000000002, 1.0000000000000002, 1.0000000000000002, 1.0000000000000002, 1.0000000000000002, 1.0000000000000002, 1.0000000000000002, 1.0000000000000002, 1.0000000000000002, 1.0000000000000002], "cohen_kappa_score": [1.0, 1.0, 1.0, 1.0, 1.0, 1.0, 1.0, 1.0, 1.0, 1.0], "r2_score": [1.0, 1.0, 1.0, 1.0, 1.0, 1.0, 1.0, 1.0, 1.0, 1.0], "levenshtein_normalized_similarity": [1.0, 1.0, 1.0, 1.0, 1.0, 1.0, 1.0, 1.0, 1.0, 1.0], "kendalltau": [1.0, 1.0, 1.0, 1.0, 1.0, 1.0, 1.0, 1.0, 1.0, 1.0], "weightedtau": [1.0, 1.0, 1.0, 1.0, 1.0, 1.0, 1.0, 1.0, 1.0, 1.0], "rbo": [1.0, 1.0, 1.0, 1.0, 1.0, 1.0, 1.0, 1.0, 1.0, 1.0], "damerau_levenshtein_normalized_similarity": [1.0, 1.0, 1.0, 1.0, 1.0, 1.0, 1.0, 1.0, 1.0, 1.0], "jaro_winkler_normalized_similarity": [1.0, 1.0, 1.0, 1.0, 1.0, 1.0, 1.0, 1.0, 1.0, 1.0], "hamming_normalized_similarity": [1.0, 1.0, 1.0, 1.0, 1.0, 1.0, 1.0, 1.0, 1.0, 1.0]}}, "run 1": {"cross": 0.8865756130696575, "ndgc_score": 0.9599424863867616, "cohen_kappa_score": 0.41875000000000007, "r2_score": 0.5437529344300267, "levenshtein_normalized_similarity": 0.518888888888889, "kendalltau": 0.7016666666666667, "weightedtau": 0.7408646023285175, "rbo": 0.732808201058201, "damerau_levenshtein_normalized_similarity": 0.5255555555555557, "jaro_winkler_normalized_similarity": 0.8114239417989418, "hamming_normalized_similarity": 0.4833333333333333, "debug": {"cross": [1.0227272727272727, 0.9521519543258673, 1.0031378877532724, 1.0255862590664353, 1.0242203052422032, 0.5099250936329588, 0.568540131040131, 0.7670454545454545, 1.0242203052422032, 0.9682014671207756], "ndgc_score": [0.9788506210247773, 0.935770602851607, 0.9830648065111367, 0.9468767135325324, 0.9596492337515304, 0.9811931561833832, 0.9801709837077578, 0.9387847602431888, 0.9596492337515304, 0.9354147523101736], "cohen_kappa_score": [0.5, 0.2625000000000001, 0.4750000000000001, 0.2500000000000001, 0.2375000000000001, 0.85, 0.8625, 0.26250000000000007, 0.2375000000000001, 0.2500000000000001], "r2_score": [0.6731519264166168, 0.2979245202508959, 0.6824969851763794, 0.42578903341988994, 0.49120044516031697, 0.8514564693992923, 0.8650232414629594, 0.35698658913324005, 0.49120044516031697, 0.30229968872035967], "levenshtein_normalized_similarity": [0.5777777777777777, 0.3666666666666667, 0.5555555555555556, 0.38888888888888895, 0.3666666666666667, 0.8777777777777777, 0.9111111111111112, 0.4111111111111111, 0.3666666666666667, 0.36666666666666664], "kendalltau": [0.8, 0.5944444444444444, 0.7555555555555556, 0.6222222222222222, 0.638888888888889, 0.8777777777777779, 0.8944444444444445, 0.611111111111111, 0.638888888888889, 0.5833333333333333], "weightedtau": [0.8151406228082481, 0.6355502174217984, 0.8077132136344509, 0.6726662224715949, 0.7029229204657035, 0.8854046850890729, 0.9013273250105204, 0.6449186421658017, 0.7029229204657035, 0.6400792537522795], "rbo": [0.7657407407407406, 0.6271957671957672, 0.692037037037037, 0.6797089947089947, 0.6555291005291005, 0.9503571428571428, 0.9476587301587301, 0.6881481481481482, 0.6555291005291005, 0.6661772486772487], "damerau_levenshtein_normalized_similarity": [0.5777777777777777, 0.37777777777777777, 0.5666666666666667, 0.4, 0.3666666666666667, 0.9, 0.9111111111111112, 0.4111111111111111, 0.3666666666666667, 0.3777777777777778], "jaro_winkler_normalized_similarity": [0.8561111111111112, 0.7327777777777779, 0.7948148148148148, 0.7683597883597884, 0.7321164021164022, 0.9657142857142856, 0.9677777777777778, 0.7767195767195768, 0.7321164021164022, 0.7877314814814815], "hamming_normalized_similarity": [0.5555555555555556, 0.34444444444444444, 0.5333333333333333, 0.33333333333333337, 0.32222222222222224, 0.8666666666666666, 0.8777777777777779, 0.34444444444444444, 0.32222222222222224, 0.33333333333333337]}}, "run 2": {"cross": 0.7914144784881592, "ndgc_score": 0.9442698797064868, "cohen_kappa_score": 0.26500000000000007, "r2_score": -2.9422531850516522, "levenshtein_normalized_similarity": 0.38888888888888895, "kendalltau": 0.5433333333333333, "weightedtau": 0.6133845911067473, "rbo": 0.6617764550264551, "damerau_levenshtein_normalized_similarity": 0.39333333333333337, "jaro_winkler_normalized_similarity": 0.7686752645502645, "hamming_normalized_similarity": 0.34666666666666673, "debug": {"cross": [0.5815573770491803, 0.7862949672160199, 0.8230088495575222, 1.0019104084321477, 1.0167023697951532, 0.5670436187399032, 0.7648788353013704, 0.8335870116692035, 0.7702659982838821, 0.7688953488372093], "ndgc_score": [0.963056572133395, 0.9386713871478923, 0.9471718803366791, 0.9458883615095666, 0.9578085183988246, 0.948470607147757, 0.9284513272483406, 0.934254559808539, 0.948905204075596, 0.9300203792582764], "cohen_kappa_score": [0.5, 0.2125000000000002, 0.2500000000000001, 0.2750000000000001, 0.18750000000000014, 0.4000000000000001, 0.18750000000000017, 0.22500000000000017, 0.2500000000000001, 0.16250000000000017], "r2_score": [-1.4741835707887176, -1.0510543196090496, -0.9756484716859181, -0.28300332460872346, -2.537563750913833, -1.0071647328654927, -2.0235062007622977, -6.245301900133318, -6.25965670616176, -7.5654488729874085], "levenshtein_normalized_similarity": [0.5666666666666668, 0.34444444444444444, 0.4, 0.41111111111111115, 0.3111111111111111, 0.5333333333333334, 0.3, 0.34444444444444444, 0.35555555555555557, 0.3222222222222223], "kendalltau": [0.711111111111111, 0.4666666666666666, 0.5166666666666666, 0.5833333333333333, 0.5833333333333334, 0.6277777777777777, 0.4833333333333333, 0.4833333333333334, 0.5444444444444444, 0.4333333333333333], "weightedtau": [0.712205428531351, 0.5860394164679479, 0.6283174358255016, 0.642353415626315, 0.6452009398232572, 0.6260695749754523, 0.544666152335531, 0.578101767428812, 0.6200080656473559, 0.5508837144059476], "rbo": [0.766005291005291, 0.6231349206349207, 0.6793518518518519, 0.7015079365079366, 0.6172751322751322, 0.7535978835978836, 0.6058994708994709, 0.5901851851851851, 0.6528439153439154, 0.6279629629629631], "damerau_levenshtein_normalized_similarity": [0.5777777777777778, 0.34444444444444444, 0.4, 0.41111111111111115, 0.3111111111111111, 0.5444444444444445, 0.3, 0.3555555555555555, 0.3666666666666667, 0.3222222222222223], "jaro_winkler_normalized_similarity": [0.846084656084656, 0.7457539682539681, 0.7637037037037037, 0.8086243386243386, 0.7289682539682539, 0.8434589947089947, 0.741468253968254, 0.7104232804232804, 0.7328835978835979, 0.7653835978835979], "hamming_normalized_similarity": [0.5555555555555556, 0.30000000000000004, 0.33333333333333337, 0.35555555555555557, 0.2777777777777778, 0.4666666666666668, 0.2777777777777778, 0.3111111111111111, 0.33333333333333337, 0.2555555555555556]}}, "run 3": {"cross": 0.8031328489733222, "ndgc_score": 0.945526644452217, "cohen_kappa_score": 0.18875000000000014, "r2_score": -2.712110275918828, "levenshtein_normalized_similarity": 0.3466666666666667, "kendalltau": 0.44222222222222224, "weightedtau": 0.5628277107588724, "rbo": 0.6531931216931217, "damerau_levenshtein_normalized_similarity": 0.35444444444444445, "jaro_winkler_normalized_similarity": 0.7610310846560846, "hamming_normalized_similarity": 0.2788888888888889, "debug": {"cross": [0.6297111742424242, 0.7815324295587452, 0.8052565124933547, 0.9472248103287635, 0.8156603860083436, 0.8171875, 0.849992819187132, 0.8448939619073349, 0.7615950864833131, 0.7782738095238094], "ndgc_score": [0.9469761787974772, 0.9527263242249093, 0.9487145020724987, 0.9448053423114597, 0.947225680825855, 0.9332090155940655, 0.9168266211021676, 0.949940849770863, 0.961231970867275, 0.9536099589555986],