{"run 0": {"cross": 1.0, "ndgc_score": 1.0000000000000002, "cohen_kappa_score": 1.0, "r2_score": 1.0, "levenshtein_normalized_similarity": 1.0, "kendalltau": 1.0, "weightedtau": 1.0, "rbo": 1.0, "damerau_levenshtein_normalized_similarity": 1.0, "jaro_winkler_normalized_similarity": 1.0, "hamming_normalized_similarity": 1.0, "debug": {"cross": [1.0, 1.0, 1.0, 1.0, 1.0, 1.0, 1.0, 1.0, 1.0, 1.0], "ndgc_score": [1.0000000000000002, 1.0000000000000002, 1.0000000000000002, 1.0000000000000002, 1.0000000000000002, 1.0000000000000002, 1.0000000000000002, 1.0000000000000002, 1.0000000000000002, 1.0000000000000002], "cohen_kappa_score": [1.0, 1.0, 1.0, 1.0, 1.0, 1.0, 1.0, 1.0, 1.0, 1.0], "r2_score": [1.0, 1.0, 1.0, 1.0, 1.0, 1.0, 1.0, 1.0, 1.0, 1.0], "levenshtein_normalized_similarity": [1.0, 1.0, 1.0, 1.0, 1.0, 1.0, 1.0, 1.0, 1.0, 1.0], "kendalltau": [1.0, 1.0, 1.0, 1.0, 1.0, 1.0, 1.0, 1.0, 1.0, 1.0], "weightedtau": [1.0, 1.0, 1.0, 1.0, 1.0, 1.0, 1.0, 1.0, 1.0, 1.0], "rbo": [1.0, 1.0, 1.0, 1.0, 1.0, 1.0, 1.0, 1.0, 1.0, 1.0], "damerau_levenshtein_normalized_similarity": [1.0, 1.0, 1.0, 1.0, 1.0, 1.0, 1.0, 1.0, 1.0, 1.0], "jaro_winkler_normalized_similarity": [1.0, 1.0, 1.0, 1.0, 1.0, 1.0, 1.0, 1.0, 1.0, 1.0], "hamming_normalized_similarity": [1.0, 1.0, 1.0, 1.0, 1.0, 1.0, 1.0, 1.0, 1.0, 1.0]}}, "run 1": {"cross": 0.8772711977041858, "ndgc_score": 0.9756234629594663, "cohen_kappa_score": 0.4625000000000001, "r2_score": 0.45165548060920074, "levenshtein_normalized_similarity": 0.5455555555555556, "kendalltau": 0.7011111111111111, "weightedtau": 0.7780551269462759, "rbo": 0.7566772486772486, "damerau_levenshtein_normalized_similarity": 0.558888888888889, "jaro_winkler_normalized_similarity": 0.8344689153439153, "hamming_normalized_similarity": 0.5222222222222224, "debug": {"cross": [1.0107314069578222, 0.997173058013766, 0.9901767311318687, 1.004655248133509, 0.9967769803296119, 0.5460500198491465, 0.4904174192253663, 0.7654750747534252, 1.004655248133509, 0.9666007905138342], "ndgc_score": [0.9825320698903264, 0.9811646774619612, 0.9742987210982024, 0.9669315849635742, 0.9724259495132861, 0.9949137872845814, 0.9926840773614671, 0.9621195126000359, 0.9669315849635742, 0.9622326644576542], "cohen_kappa_score": [0.3625000000000001, 0.475, 0.38750000000000007, 0.3000000000000001, 0.3750000000000001, 0.825, 0.9125, 0.3125000000000001, 0.3000000000000001, 0.37500000000000006], "r2_score": [0.6384098580273005, 0.15681863163764084, 0.5613640662613264, 0.4753129262899497, 0.3698125519834845, 0.584734050875428, 0.7356883001665887, 0.1429383772791856, 0.4753129262899497, 0.37616311728115404], "levenshtein_normalized_similarity": [0.4444444444444445, 0.5333333333333333, 0.47777777777777775, 0.41111111111111115, 0.4888888888888888, 0.8666666666666666, 0.9333333333333333, 0.4333333333333333, 0.41111111111111115, 0.45555555555555555], "kendalltau": [0.7388888888888888, 0.7222222222222223, 0.7, 0.6111111111111109, 0.6333333333333334, 0.9111111111111112, 0.9111111111111111, 0.55, 0.6111111111111109, 0.6222222222222221], "weightedtau": [0.8000017534015991, 0.7968579043344087, 0.7673358816103241, 0.6981238602889606, 0.7409173797166504, 0.939486604011783, 0.9364111376069575, 0.6932160892130734, 0.6981238602889606, 0.7100767989900407], "rbo": [0.7121693121693122, 0.7282936507936508, 0.7331084656084657, 0.6760714285714287, 0.7286640211640211, 0.9155555555555557, 0.9667460317460318, 0.679867724867725, 0.6760714285714287, 0.7502248677248676], "damerau_levenshtein_normalized_similarity": [0.4666666666666666, 0.5555555555555556, 0.47777777777777775, 0.4333333333333334, 0.5111111111111112, 0.8777777777777777, 0.9333333333333333, 0.4333333333333333, 0.4333333333333334, 0.4666666666666667], "jaro_winkler_normalized_similarity": [0.7916005291005291, 0.8105291005291004, 0.8089087301587302, 0.7788359788359787, 0.8411904761904762, 0.9522751322751322, 0.9637037037037037, 0.7788227513227512, 0.7788359788359787, 0.8399867724867726], "hamming_normalized_similarity": [0.4333333333333334, 0.5333333333333333, 0.45555555555555555, 0.37777777777777777, 0.4444444444444445, 0.8444444444444444, 0.9222222222222222, 0.38888888888888895, 0.37777777777777777, 0.4444444444444445]}}, "run 2": {"cross": 0.7917821297835217, "ndgc_score": 0.9609769118052593, "cohen_kappa_score": 0.27000000000000013, "r2_score": -6.060531877878285, "levenshtein_normalized_similarity": 0.39666666666666667, "kendalltau": 0.5344444444444443, "weightedtau": 0.6589039486604011, "rbo": 0.6551838624338624, "damerau_levenshtein_normalized_similarity": 0.4, "jaro_winkler_normalized_similarity": 0.7728485449735449, "hamming_normalized_similarity": 0.3511111111111111, "debug": {"cross": [0.587171052631579, 0.7803583278035834, 0.8304441797891581, 0.9927536231884057, 1.0031565656565655, 0.5868317728782845, 0.7550796265788028, 0.8180815508021392, 0.7764260249554367, 0.7875185735512631], "ndgc_score": [0.9729742517857526, 0.9640952085849565, 0.9580841913000778, 0.961526258186364, 0.9584207989510034, 0.9737626602641584, 0.9607420524011789, 0.9597578656920109, 0.955330983640921, 0.9450748472461699], "cohen_kappa_score": [0.425, 0.3500000000000001, 0.23750000000000013, 0.21250000000000008, 0.23750000000000018, 0.3375000000000001, 0.3000000000000001, 0.21250000000000008, 0.20000000000000012, 0.18750000000000017], "r2_score": [-4.450324482266541, -9.62033599510671, -4.208973238268601, -0.7490267121037543, -2.722297286752771, -2.5405882622297034, -5.474144785019139, -13.310883959820718, -8.979621815472218, -8.54912224174269], "levenshtein_normalized_similarity": [0.48888888888888893, 0.4444444444444445, 0.3666666666666667, 0.35555555555555557, 0.41111111111111115, 0.4666666666666667, 0.4222222222222222, 0.34444444444444444, 0.33333333333333337, 0.33333333333333337], "kendalltau": [0.6944444444444444, 0.6222222222222222, 0.5055555555555554, 0.5277777777777777, 0.49444444444444446, 0.6555555555555554, 0.538888888888889, 0.4555555555555556, 0.4777777777777777, 0.37222222222222223], "weightedtau": [0.7506505119932669, 0.6799533595174639, 0.638474891289101, 0.6600557581708515, 0.6458111235797448, 0.7349295132557161, 0.6400003506803198, 0.6278387571889466, 0.6415503576939263, 0.5697748632346753], "rbo": [0.7333068783068784, 0.6487169312169312, 0.6726587301587301, 0.629021164021164, 0.6732804232804233, 0.6932142857142857, 0.6796693121693121, 0.6117063492063491, 0.6034656084656084, 0.6067989417989417], "damerau_levenshtein_normalized_similarity": [0.5, 0.4444444444444445, 0.3666666666666667, 0.35555555555555557, 0.4222222222222222, 0.4666666666666667, 0.4333333333333334, 0.34444444444444444, 0.33333333333333337, 0.33333333333333337], "jaro_winkler_normalized_similarity": [0.803505291005291, 0.7703042328042329, 0.8154629629629631, 0.7458730158730158, 0.7892791005291004, 0.7880687830687829, 0.8105291005291007, 0.7378968253968253, 0.7134656084656085, 0.7541005291005292], "hamming_normalized_similarity": [0.48888888888888893, 0.4222222222222222, 0.32222222222222224, 0.30000000000000004, 0.3222222222222223, 0.4111111111111111, 0.37777777777777777, 0.30000000000000004, 0.28888888888888886, 0.2777777777777778]}}, "run 3": {"cross": 0.8023227886023566, "ndgc_score": 0.9543141331242924, "cohen_kappa_score": 0.2075000000000001, "r2_score": -6.251680443624336, "levenshtein_normalized_similarity": 0.3422222222222223, "kendalltau": 0.46277777777777784, "weightedtau": 0.6079564104362464, "rbo": 0.6355277777777778, "damerau_levenshtein_normalized_similarity": 0.35111111111111115, "jaro_winkler_normalized_similarity": 0.7521884920634921, "hamming_normalized_similarity": 0.29555555555555557, "debug": {"cross": [0.619384741988576, 0.7988375704334709, 0.8074892408713785, 0.9762611275964391, 0.8512333702882483, 0.8118167433831989, 0.7890460848858383, 0.8206587227205784, 0.7725246521680399, 0.7759756316877979],