{"run 0": {"cross": 1.0, "ndgc_score": 1.0000000000000002, "cohen_kappa_score": 1.0, "r2_score": 1.0, "levenshtein_normalized_similarity": 1.0, "kendalltau": 1.0, "weightedtau": 1.0, "rbo": 1.0, "damerau_levenshtein_normalized_similarity": 1.0, "jaro_winkler_normalized_similarity": 1.0, "hamming_normalized_similarity": 1.0, "debug": {"cross": [1.0, 1.0, 1.0, 1.0, 1.0, 1.0, 1.0, 1.0, 1.0, 1.0], "ndgc_score": [1.0000000000000002, 1.0000000000000002, 1.0000000000000002, 1.0000000000000002, 1.0000000000000002, 1.0000000000000002, 1.0000000000000002, 1.0000000000000002, 1.0000000000000002, 1.0000000000000002], "cohen_kappa_score": [1.0, 1.0, 1.0, 1.0, 1.0, 1.0, 1.0, 1.0, 1.0, 1.0], "r2_score": [1.0, 1.0, 1.0, 1.0, 1.0, 1.0, 1.0, 1.0, 1.0, 1.0], "levenshtein_normalized_similarity": [1.0, 1.0, 1.0, 1.0, 1.0, 1.0, 1.0, 1.0, 1.0, 1.0], "kendalltau": [1.0, 1.0, 1.0, 1.0, 1.0, 1.0, 1.0, 1.0, 1.0, 1.0], "weightedtau": [1.0, 1.0, 1.0, 1.0, 1.0, 1.0, 1.0, 1.0, 1.0, 1.0], "rbo": [1.0, 1.0, 1.0, 1.0, 1.0, 1.0, 1.0, 1.0, 1.0, 1.0], "damerau_levenshtein_normalized_similarity": [1.0, 1.0, 1.0, 1.0, 1.0, 1.0, 1.0, 1.0, 1.0, 1.0], "jaro_winkler_normalized_similarity": [1.0, 1.0, 1.0, 1.0, 1.0, 1.0, 1.0, 1.0, 1.0, 1.0], "hamming_normalized_similarity": [1.0, 1.0, 1.0, 1.0, 1.0, 1.0, 1.0, 1.0, 1.0, 1.0]}}, "run 1": {"cross": 0.8843939914121643, "ndgc_score": 0.9239884291300973, "cohen_kappa_score": 0.38000000000000006, "r2_score": 0.6052316379470717, "levenshtein_normalized_similarity": 0.4677777777777778, "kendalltau": 0.6383333333333334, "weightedtau": 0.5789469069995793, "rbo": 0.7222261904761904, "damerau_levenshtein_normalized_similarity": 0.47111111111111115, "jaro_winkler_normalized_similarity": 0.8041653439153439, "hamming_normalized_similarity": 0.4488888888888889, "debug": {"cross": [0.9953260676944888, 0.9738751814223514, 1.0001452578886205, 1.0014577259475217, 1.0014577259475217, 0.5598958333333335, 0.5598958333333335, 0.780687865593526, 1.0014577259475217, 0.9697406970134242], "ndgc_score": [0.9485474894217554, 0.9243508266983259, 0.9584434657197513, 0.9295458632348467, 0.9295458632348467, 0.8702256719747641, 0.8702256719747641, 0.9416574028096113, 0.9295458632348467, 0.9377961729974602], "cohen_kappa_score": [0.4625000000000001, 0.32500000000000007, 0.5625, 0.4375000000000001, 0.4375000000000001, 0.17500000000000016, 0.17500000000000016, 0.3500000000000001, 0.4375000000000001, 0.4375000000000001], "r2_score": [0.6999573442083069, 0.6468882272753562, 0.7618759490225404, 0.7303025165257725, 0.7303025165257725, 0.3386288662300389, 0.3386288662300389, 0.39699996678839106, 0.7303025165257725, 0.6784296101387268], "levenshtein_normalized_similarity": [0.5333333333333332, 0.4333333333333334, 0.6333333333333333, 0.5111111111111112, 0.5111111111111112, 0.30000000000000004, 0.30000000000000004, 0.4444444444444445, 0.5111111111111112, 0.5], "kendalltau": [0.7222222222222221, 0.65, 0.7777777777777779, 0.6777777777777778, 0.6777777777777778, 0.39999999999999997, 0.39999999999999997, 0.6944444444444444, 0.6777777777777778, 0.7055555555555556], "weightedtau": [0.7047587319399635, 0.5983710899144341, 0.7393375648758592, 0.6010923691962408, 0.6010923691962408, 0.32069189227100586, 0.32069189227100586, 0.659173797166503, 0.6010923691962408, 0.6431669939682985], "rbo": [0.7793518518518517, 0.6837698412698412, 0.7888756613756613, 0.7746296296296296, 0.7746296296296296, 0.6234391534391535, 0.6234391534391535, 0.6732010582010582, 0.7746296296296296, 0.7262962962962962], "damerau_levenshtein_normalized_similarity": [0.5444444444444444, 0.4444444444444445, 0.6333333333333333, 0.5111111111111112, 0.5111111111111112, 0.30000000000000004, 0.30000000000000004, 0.4444444444444445, 0.5111111111111112, 0.5111111111111111], "jaro_winkler_normalized_similarity": [0.8398148148148149, 0.7617592592592592, 0.8565740740740739, 0.858611111111111, 0.858611111111111, 0.7142724867724868, 0.7142724867724868, 0.7690740740740741, 0.858611111111111, 0.8100529100529101], "hamming_normalized_similarity": [0.5222222222222221, 0.4, 0.611111111111111, 0.5, 0.5, 0.2666666666666667, 0.2666666666666667, 0.42222222222222217, 0.5, 0.5]}}, "run 2": {"cross": 0.7912935494053979, "ndgc_score": 0.9020030092296316, "cohen_kappa_score": 0.18625000000000014, "r2_score": -3.622269126147123, "levenshtein_normalized_similarity": 0.3177777777777778, "kendalltau": 0.40555555555555556, "weightedtau": 0.3839232360779913, "rbo": 0.6443743386243386, "damerau_levenshtein_normalized_similarity": 0.32333333333333336, "jaro_winkler_normalized_similarity": 0.7341574074074074, "hamming_normalized_similarity": 0.27666666666666667, "debug": {"cross": [0.5700757575757575, 0.8122358600845249, 0.8158311051693404, 1.0163690476190474, 1.001466275659824, 0.5501647973238882, 0.7294389204545455, 0.8500867707916167, 0.7734859980686991, 0.7937809613067346], "ndgc_score": [0.8675580742524268, 0.9678107064760045, 0.8893293529415514, 0.898100149107588, 0.9110824144562433, 0.8648795912571312, 0.8345391409581178, 0.9353870906841368, 0.9265160661876635, 0.9248275059754544], "cohen_kappa_score": [0.17500000000000016, 0.3375000000000001, 0.16250000000000017, 0.32500000000000007, 0.21250000000000013, 0.0750000000000002, 1.9984014443252818e-16, 0.2125000000000002, 0.20000000000000018, 0.16250000000000014], "r2_score": [-12.354584659339647, -0.11913417007877665, -0.5713087772250965, -0.6894137718384002, -3.0025299465408515, -5.611731586636387, -7.878174130418759, -0.40784063188959585, -3.2530261685471524, -2.334947418956564], "levenshtein_normalized_similarity": [0.3000000000000001, 0.4333333333333334, 0.2888888888888889, 0.44444444444444453, 0.32222222222222224, 0.2333333333333334, 0.2, 0.35555555555555557, 0.31111111111111117, 0.2888888888888889], "kendalltau": [0.2555555555555556, 0.6333333333333333, 0.37222222222222223, 0.5055555555555555, 0.4444444444444445, 0.2333333333333333, 0.07777777777777778, 0.4888888888888888, 0.5499999999999999, 0.49444444444444435], "weightedtau": [0.204595665591247, 0.7044238322345351, 0.348763851872633, 0.41905246177584515, 0.39547271707111803, 0.1849715948940946, 0.0429688595875999, 0.5344911628559406, 0.5224488006733062, 0.48204341422359365], "rbo": [0.630079365079365, 0.7101322751322751, 0.6041137566137567, 0.696931216931217, 0.678968253968254, 0.6225132275132275, 0.5495238095238094, 0.6641798941798942, 0.6187037037037035, 0.6685978835978836], "damerau_levenshtein_normalized_similarity": [0.3000000000000001, 0.44444444444444453, 0.30000000000000004, 0.44444444444444453, 0.3333333333333333, 0.24444444444444452, 0.2, 0.35555555555555557, 0.3222222222222223, 0.2888888888888889], "jaro_winkler_normalized_similarity": [0.7071296296296297, 0.7876521164021164, 0.7175925925925926, 0.7948412698412699, 0.7589285714285714, 0.715079365079365, 0.6552910052910053, 0.7455820105820107, 0.7191402116402117, 0.7403373015873016], "hamming_normalized_similarity": [0.2666666666666667, 0.41111111111111115, 0.2555555555555556, 0.4, 0.3, 0.1777777777777778, 0.11111111111111112, 0.3, 0.2888888888888889, 0.2555555555555556]}}, "run 3": {"cross": 0.8035370146959782, "ndgc_score": 0.8791755204117884, "cohen_kappa_score": 0.13375000000000017, "r2_score": -3.29332711016472, "levenshtein_normalized_similarity": 0.28444444444444444, "kendalltau": 0.2872222222222222, "weightedtau": 0.2658994950203395, "rbo": 0.6092156084656085, "damerau_levenshtein_normalized_similarity": 0.28888888888888886, "jaro_winkler_normalized_similarity": 0.6937063492063491, "hamming_normalized_similarity": 0.23000000000000004, "debug": {"cross": [0.6115542066629023, 0.8427299703264095, 0.8174635241301909, 1.0182946486137976, 0.8018181818181818, 0.7628776096894293, 0.7572861643962561, 0.8618001662971178, 0.771497517286185, 0.790048157739312], "ndgc_score": [0.9025966870320354, 0.956972118138272, 0.8285519507826586, 0.8632050413330145, 0.868978408376179, 0.8719818993145954, 0.8100072740566129, 0.8716468842599936, 0.9103849485653577, 0.9074299922591653],