dataset,perturbation,target,rep,model,ndcg_score,cohen_kappa_score,r2_score,kendalltau,weightedtau,spearmanr,rbo
real_data5_testing,mean_variance_drift,Age_linear,0,LinearRegression,1.0,1.0,1.0,1.0,1.0,1.0,1.0
real_data5_testing,mean_variance_drift,Age_linear,0,RandomForestRegressor,0.9998865453300223,0.9090909090909091,0.9991933425598879,0.9928698752228164,0.9950687374124814,0.999083269671505,0.981438799033054
real_data5_testing,mean_variance_drift,Age_linear,1,LinearRegression,1.0,1.0,1.0,1.0,1.0,1.0,1.0
real_data5_testing,mean_variance_drift,Age_linear,1,RandomForestRegressor,0.9998998037585641,0.7878787878787878,0.9991554798552517,0.985739750445633,0.9935786748081799,0.998472116119175,0.9420574399633413
real_data5_testing,mean_variance_drift,Age_linear,2,LinearRegression,1.0,1.0,1.0,1.0,1.0,1.0,1.0
real_data5_testing,mean_variance_drift,Age_linear,2,RandomForestRegressor,0.999755374078516,0.6666666666666665,0.9992491780757199,0.9786096256684493,0.9875261676037294,0.9978609625668448,0.8450342970281967
real_data5_testing,mean_variance_drift,Age_linear,3,LinearRegression,1.0,1.0,1.0,1.0,1.0,1.0,1.0
real_data5_testing,mean_variance_drift,Age_linear,3,RandomForestRegressor,0.9996998482688667,0.6969696969696969,0.9994274116253746,0.9786096256684493,0.9863699948124518,0.9975553857906798,0.9374155595411893
real_data5_testing,mean_variance_drift,Age_linear,4,LinearRegression,1.0,1.0,1.0,1.0,1.0,1.0,1.0
real_data5_testing,mean_variance_drift,Age_linear,4,RandomForestRegressor,0.9994038486007719,0.6666666666666665,0.9988542546963813,0.9786096256684493,0.9799137916607211,0.9978609625668448,0.889444248137378
real_data5_testing,mean_variance_drift,erythema,0,DecisionTreeClassifier,1.0,1.0,1.0,1.0,1.0,1.0,1.0
real_data5_testing,mean_variance_drift,erythema,0,RandomForestClassifier,1.0,1.0,1.0,1.0,1.0,1.0,1.0
real_data5_testing,mean_variance_drift,erythema,1,DecisionTreeClassifier,1.0,1.0,1.0,1.0,1.0,1.0,1.0
real_data5_testing,mean_variance_drift,erythema,1,RandomForestClassifier,1.0,1.0,1.0,1.0,1.0,1.0,1.0
real_data5_testing,mean_variance_drift,erythema,2,DecisionTreeClassifier,1.0,1.0,1.0,1.0,1.0,1.0,1.0
real_data5_testing,mean_variance_drift,erythema,2,RandomForestClassifier,1.0,1.0,1.0,1.0,1.0,1.0,1.0
real_data5_testing,mean_variance_drift,erythema,3,DecisionTreeClassifier,1.0,1.0,1.0,1.0,1.0,1.0,1.0
real_data5_testing,mean_variance_drift,erythema,3,RandomForestClassifier,1.0,1.0,1.0,1.0,1.0,1.0,1.0
real_data5_testing,mean_variance_drift,erythema,4,DecisionTreeClassifier,1.0,1.0,1.0,1.0,1.0,1.0,1.0
real_data5_testing,mean_variance_drift,erythema,4,RandomForestClassifier,1.0,1.0,1.0,1.0,1.0,1.0,1.0
real_data5_testing,mean_variance_drift,scaling,0,DecisionTreeClassifier,1.0,1.0,1.0,1.0,1.0,1.0,1.0
real_data5_testing,mean_variance_drift,scaling,0,RandomForestClassifier,1.0,1.0,1.0,1.0,1.0,1.0,1.0
real_data5_testing,mean_variance_drift,scaling,1,DecisionTreeClassifier,1.0,1.0,1.0,1.0,1.0,1.0,1.0
real_data5_testing,mean_variance_drift,scaling,1,RandomForestClassifier,1.0,1.0,1.0,1.0,1.0,1.0,1.0
real_data5_testing,mean_variance_drift,scaling,2,DecisionTreeClassifier,1.0,1.0,1.0,1.0,1.0,1.0,1.0
real_data5_testing,mean_variance_drift,scaling,2,RandomForestClassifier,1.0,1.0,1.0,1.0,1.0,1.0,1.0
real_data5_testing,mean_variance_drift,scaling,3,DecisionTreeClassifier,1.0,1.0,1.0,1.0,1.0,1.0,1.0
real_data5_testing,mean_variance_drift,scaling,3,RandomForestClassifier,1.0,1.0,1.0,1.0,1.0,1.0,1.0
real_data5_testing,mean_variance_drift,scaling,4,DecisionTreeClassifier,1.0,1.0,1.0,1.0,1.0,1.0,1.0
real_data5_testing,mean_variance_drift,scaling,4,RandomForestClassifier,1.0,1.0,1.0,1.0,1.0,1.0,1.0
real_data5_testing,mean_variance_drift,definite_borders,0,DecisionTreeClassifier,1.0,1.0,1.0,1.0,1.0,1.0,1.0
real_data5_testing,mean_variance_drift,definite_borders,0,RandomForestClassifier,1.0,1.0,1.0,1.0,1.0,1.0,1.0
real_data5_testing,mean_variance_drift,definite_borders,1,DecisionTreeClassifier,1.0,1.0,1.0,1.0,1.0,1.0,1.0
real_data5_testing,mean_variance_drift,definite_borders,1,RandomForestClassifier,1.0,1.0,1.0,1.0,1.0,1.0,1.0
real_data5_testing,mean_variance_drift,definite_borders,2,DecisionTreeClassifier,1.0,1.0,1.0,1.0,1.0,1.0,1.0
real_data5_testing,mean_variance_drift,definite_borders,2,RandomForestClassifier,1.0,1.0,1.0,1.0,1.0,1.0,1.0
real_data5_testing,mean_variance_drift,definite_borders,3,DecisionTreeClassifier,1.0,1.0,1.0,1.0,1.0,1.0,1.0
real_data5_testing,mean_variance_drift,definite_borders,3,RandomForestClassifier,1.0,1.0,1.0,1.0,1.0,1.0,1.0
real_data5_testing,mean_variance_drift,definite_borders,4,DecisionTreeClassifier,1.0,1.0,1.0,1.0,1.0,1.0,1.0
real_data5_testing,mean_variance_drift,definite_borders,4,RandomForestClassifier,1.0,1.0,1.0,1.0,1.0,1.0,1.0
real_data5_testing,mean_variance_drift,itching,0,DecisionTreeClassifier,1.0,1.0,1.0,1.0,1.0,1.0,1.0
real_data5_testing,mean_variance_drift,itching,0,RandomForestClassifier,1.0,1.0,1.0,1.0,1.0,1.0,1.0
real_data5_testing,mean_variance_drift,itching,1,DecisionTreeClassifier,1.0,1.0,1.0,1.0,1.0,1.0,1.0
real_data5_testing,mean_variance_drift,itching,1,RandomForestClassifier,1.0,1.0,1.0,1.0,1.0,1.0,1.0
real_data5_testing,mean_variance_drift,itching,2,DecisionTreeClassifier,1.0,1.0,1.0,1.0,1.0,1.0,1.0
real_data5_testing,mean_variance_drift,itching,2,RandomForestClassifier,1.0,1.0,1.0,1.0,1.0,1.0,1.0
real_data5_testing,mean_variance_drift,itching,3,DecisionTreeClassifier,1.0,1.0,1.0,1.0,1.0,1.0,1.0
real_data5_testing,mean_variance_drift,itching,3,RandomForestClassifier,1.0,1.0,1.0,1.0,1.0,1.0,1.0
real_data5_testing,mean_variance_drift,itching,4,DecisionTreeClassifier,1.0,1.0,1.0,1.0,1.0,1.0,1.0
real_data5_testing,mean_variance_drift,itching,4,RandomForestClassifier,1.0,1.0,1.0,1.0,1.0,1.0,1.0
real_data5_testing,mean_variance_drift,koebner_phenomenon,0,DecisionTreeClassifier,1.0,1.0,1.0,1.0,1.0,1.0,1.0
real_data5_testing,mean_variance_drift,koebner_phenomenon,0,RandomForestClassifier,1.0,1.0,1.0,1.0,1.0,1.0,1.0
real_data5_testing,mean_variance_drift,koebner_phenomenon,1,DecisionTreeClassifier,1.0,1.0,1.0,1.0,1.0,1.0,1.0
real_data5_testing,mean_variance_drift,koebner_phenomenon,1,RandomForestClassifier,1.0,1.0,1.0,1.0,1.0,1.0,1.0
real_data5_testing,mean_variance_drift,koebner_phenomenon,2,DecisionTreeClassifier,1.0,1.0,1.0,1.0,1.0,1.0,1.0
real_data5_testing,mean_variance_drift,koebner_phenomenon,2,RandomForestClassifier,1.0,1.0,1.0,1.0,1.0,1.0,1.0
real_data5_testing,mean_variance_drift,koebner_phenomenon,3,DecisionTreeClassifier,1.0,1.0,1.0,1.0,1.0,1.0,1.0
real_data5_testing,mean_variance_drift,koebner_phenomenon,3,RandomForestClassifier,1.0,1.0,1.0,1.0,1.0,1.0,1.0
real_data5_testing,mean_variance_drift,koebner_phenomenon,4,DecisionTreeClassifier,1.0,1.0,1.0,1.0,1.0,1.0,1.0
real_data5_testing,mean_variance_drift,koebner_phenomenon,4,RandomForestClassifier,1.0,1.0,1.0,1.0,1.0,1.0,1.0
real_data5_testing,mean_variance_drift,polygonal_papules,0,DecisionTreeClassifier,1.0,1.0,1.0,1.0,1.0,1.0,1.0
real_data5_testing,mean_variance_drift,polygonal_papules,0,RandomForestClassifier,1.0,1.0,1.0,1.0,1.0,1.0,1.0
real_data5_testing,mean_variance_drift,polygonal_papules,1,DecisionTreeClassifier,1.0,1.0,1.0,1.0,1.0,1.0,1.0
real_data5_testing,mean_variance_drift,polygonal_papules,1,RandomForestClassifier,1.0,1.0,1.0,1.0,1.0,1.0,1.0
real_data5_testing,mean_variance_drift,polygonal_papules,2,DecisionTreeClassifier,1.0,1.0,1.0,1.0,1.0,1.0,1.0
real_data5_testing,mean_variance_drift,polygonal_papules,2,RandomForestClassifier,1.0,1.0,1.0,1.0,1.0,1.0,1.0
real_data5_testing,mean_variance_drift,polygonal_papules,3,DecisionTreeClassifier,1.0,1.0,1.0,1.0,1.0,1.0,1.0
real_data5_testing,mean_variance_drift,polygonal_papules,3,RandomForestClassifier,1.0,1.0,1.0,1.0,1.0,1.0,1.0
real_data5_testing,mean_variance_drift,polygonal_papules,4,DecisionTreeClassifier,1.0,1.0,1.0,1.0,1.0,1.0,1.0
real_data5_testing,mean_variance_drift,polygonal_papules,4,RandomForestClassifier,1.0,1.0,1.0,1.0,1.0,1.0,1.0
real_data5_testing,mean_variance_drift,follicular_papules,0,DecisionTreeClassifier,1.0,1.0,1.0,1.0,1.0,1.0,1.0
real_data5_testing,mean_variance_drift,follicular_papules,0,RandomForestClassifier,1.0,1.0,1.0,1.0,1.0,1.0,1.0
real_data5_testing,mean_variance_drift,follicular_papules,1,DecisionTreeClassifier,1.0,1.0,1.0,1.0,1.0,1.0,1.0
real_data5_testing,mean_variance_drift,follicular_papules,1,RandomForestClassifier,1.0,1.0,1.0,1.0,1.0,1.0,1.0
real_data5_testing,mean_variance_drift,follicular_papules,2,DecisionTreeClassifier,1.0,1.0,1.0,1.0,1.0,1.0,1.0
real_data5_testing,mean_variance_drift,follicular_papules,2,RandomForestClassifier,1.0,1.0,1.0,1.0,1.0,1.0,1.0
real_data5_testing,mean_variance_drift,follicular_papules,3,DecisionTreeClassifier,1.0,1.0,1.0,1.0,1.0,1.0,1.0
real_data5_testing,mean_variance_drift,follicular_papules,3,RandomForestClassifier,1.0,1.0,1.0,1.0,1.0,1.0,1.0
real_data5_testing,mean_variance_drift,follicular_papules,4,DecisionTreeClassifier,1.0,1.0,1.0,1.0,1.0,1.0,1.0
real_data5_testing,mean_variance_drift,follicular_papules,4,RandomForestClassifier,1.0,1.0,1.0,1.0,1.0,1.0,1.0
real_data5_testing,mean_variance_drift,oral_mucosal_involvement,0,DecisionTreeClassifier,1.0,1.0,1.0,1.0,1.0,1.0,1.0
real_data5_testing,mean_variance_drift,oral_mucosal_involvement,0,RandomForestClassifier,1.0,1.0,1.0,1.0,1.0,1.0,1.0
real_data5_testing,mean_variance_drift,oral_mucosal_involvement,1,DecisionTreeClassifier,1.0,1.0,1.0,1.0,1.0,1.0,1.0
real_data5_testing,mean_variance_drift,oral_mucosal_involvement,1,RandomForestClassifier,1.0,1.0,1.0,1.0,1.0,1.0,1.0
real_data5_testing,mean_variance_drift,oral_mucosal_involvement,2,DecisionTreeClassifier,1.0,1.0,1.0,1.0,1.0,1.0,1.0
real_data5_testing,mean_variance_drift,oral_mucosal_involvement,2,RandomForestClassifier,1.0,1.0,1.0,1.0,1.0,1.0,1.0
real_data5_testing,mean_variance_drift,oral_mucosal_involvement,3,DecisionTreeClassifier,1.0,1.0,1.0,1.0,1.0,1.0,1.0
real_data5_testing,mean_variance_drift,oral_mucosal_involvement,3,RandomForestClassifier,1.0,1.0,1.0,1.0,1.0,1.0,1.0
real_data5_testing,mean_variance_drift,oral_mucosal_involvement,4,DecisionTreeClassifier,1.0,1.0,1.0,1.0,1.0,1.0,1.0
real_data5_testing,mean_variance_drift,oral_mucosal_involvement,4,RandomForestClassifier,1.0,1.0,1.0,1.0,1.0,1.0,1.0
real_data5_testing,mean_variance_drift,knee_and_elbow_involvement,0,DecisionTreeClassifier,1.0,1.0,1.0,1.0,1.0,1.0,1.0
real_data5_testing,mean_variance_drift,knee_and_elbow_involvement,0,RandomForestClassifier,1.0,1.0,1.0,1.0,1.0,1.0,1.0
real_data5_testing,mean_variance_drift,knee_and_elbow_involvement,1,DecisionTreeClassifier,1.0,1.0,1.0,1.0,1.0,1.0,1.0
real_data5_testing,mean_variance_drift,knee_and_elbow_involvement,1,RandomForestClassifier,1.0,1.0,1.0,1.0,1.0,1.0,1.0
real_data5_testing,mean_variance_drift,knee_and_elbow_involvement,2,DecisionTreeClassifier,1.0,1.0,1.0,1.0,1.0,1.0,1.0
real_data5_testing,mean_variance_drift,knee_and_elbow_involvement,2,RandomForestClassifier,1.0,1.0,1.0,1.0,1.0,1.0,1.0
real_data5_testing,mean_variance_drift,knee_and_elbow_involvement,3,DecisionTreeClassifier,1.0,1.0,1.0,1.0,1.0,1.0,1.0
real_data5_testing,mean_variance_drift,knee_and_elbow_involvement,3,RandomForestClassifier,1.0,1.0,1.0,1.0,1.0,1.0,1.0
real_data5_testing,mean_variance_drift,knee_and_elbow_involvement,4,DecisionTreeClassifier,1.0,1.0,1.0,1.0,1.0,1.0,1.0
real_data5_testing,mean_variance_drift,knee_and_elbow_involvement,4,RandomForestClassifier,1.0,1.0,1.0,1.0,1.0,1.0,1.0
real_data5_testing,mean_variance_drift,scalp_involvement,0,DecisionTreeClassifier,1.0,1.0,1.0,1.0,1.0,1.0,1.0
real_data5_testing,mean_variance_drift,scalp_involvement,0,RandomForestClassifier,1.0,1.0,1.0,1.0,1.0,1.0,1.0
real_data5_testing,mean_variance_drift,scalp_involvement,1,DecisionTreeClassifier,1.0,1.0,1.0,1.0,1.0,1.0,1.0
real_data5_testing,mean_variance_drift,scalp_involvement,1,RandomForestClassifier,1.0,1.0,1.0,1.0,1.0,1.0,1.0
real_data5_testing,mean_variance_drift,scalp_involvement,2,DecisionTreeClassifier,1.0,1.0,1.0,1.0,1.0,1.0,1.0
real_data5_testing,mean_variance_drift,scalp_involvement,2,RandomForestClassifier,1.0,1.0,1.0,1.0,1.0,1.0,1.0
real_data5_testing,mean_variance_drift,scalp_involvement,3,DecisionTreeClassifier,1.0,1.0,1.0,1.0,1.0,1.0,1.0
real_data5_testing,mean_variance_drift,scalp_involvement,3,RandomForestClassifier,1.0,1.0,1.0,1.0,1.0,1.0,1.0
real_data5_testing,mean_variance_drift,scalp_involvement,4,DecisionTreeClassifier,1.0,1.0,1.0,1.0,1.0,1.0,1.0
real_data5_testing,mean_variance_drift,scalp_involvement,4,RandomForestClassifier,1.0,1.0,1.0,1.0,1.0,1.0,1.0
real_data5_testing,mean_variance_drift,family_history,0,DecisionTreeClassifier,1.0,1.0,1.0,1.0,1.0,1.0,1.0
real_data5_testing,mean_variance_drift,family_history,0,RandomForestClassifier,1.0,1.0,1.0,1.0,1.0,1.0,1.0
real_data5_testing,mean_variance_drift,family_history,1,DecisionTreeClassifier,1.0,1.0,1.0,1.0,1.0,1.0,1.0
real_data5_testing,mean_variance_drift,family_history,1,RandomForestClassifier,1.0,1.0,1.0,1.0,1.0,1.0,1.0
real_data5_testing,mean_variance_drift,family_history,2,DecisionTreeClassifier,1.0,1.0,1.0,1.0,1.0,1.0,1.0
real_data5_testing,mean_variance_drift,family_history,2,RandomForestClassifier,1.0,1.0,1.0,1.0,1.0,1.0,1.0
real_data5_testing,mean_variance_drift,family_history,3,DecisionTreeClassifier,1.0,1.0,1.0,1.0,1.0,1.0,1.0
real_data5_testing,mean_variance_drift,family_history,3,RandomForestClassifier,1.0,1.0,1.0,1.0,1.0,1.0,1.0
real_data5_testing,mean_variance_drift,family_history,4,DecisionTreeClassifier,1.0,1.0,1.0,1.0,1.0,1.0,1.0
real_data5_testing,mean_variance_drift,family_history,4,RandomForestClassifier,1.0,1.0,1.0,1.0,1.0,1.0,1.0
real_data5_testing,mean_variance_drift,melanin_incontinence,0,DecisionTreeClassifier,1.0,1.0,1.0,1.0,1.0,1.0,1.0
real_data5_testing,mean_variance_drift,melanin_incontinence,0,RandomForestClassifier,1.0,1.0,1.0,1.0,1.0,1.0,1.0
real_data5_testing,mean_variance_drift,melanin_incontinence,1,DecisionTreeClassifier,1.0,1.0,1.0,1.0,1.0,1.0,1.0
real_data5_testing,mean_variance_drift,melanin_incontinence,1,RandomForestClassifier,1.0,1.0,1.0,1.0,1.0,1.0,1.0
real_data5_testing,mean_variance_drift,melanin_incontinence,2,DecisionTreeClassifier,1.0,1.0,1.0,1.0,1.0,1.0,1.0
real_data5_testing,mean_variance_drift,melanin_incontinence,2,RandomForestClassifier,1.0,1.0,1.0,1.0,1.0,1.0,1.0
real_data5_testing,mean_variance_drift,melanin_incontinence,3,DecisionTreeClassifier,1.0,1.0,1.0,1.0,1.0,1.0,1.0
real_data5_testing,mean_variance_drift,melanin_incontinence,3,RandomForestClassifier,1.0,1.0,1.0,1.0,1.0,1.0,1.0
real_data5_testing,mean_variance_drift,melanin_incontinence,4,DecisionTreeClassifier,1.0,1.0,1.0,1.0,1.0,1.0,1.0
real_data5_testing,mean_variance_drift,melanin_incontinence,4,RandomForestClassifier,1.0,1.0,1.0,1.0,1.0,1.0,1.0
real_data5_testing,mean_variance_drift,eosinophils_in_the_infiltrate,0,DecisionTreeClassifier,1.0,1.0,1.0,1.0,1.0,1.0,1.0
real_data5_testing,mean_variance_drift,eosinophils_in_the_infiltrate,0,RandomForestClassifier,1.0,1.0,1.0,1.0,1.0,1.0,1.0
real_data5_testing,mean_variance_drift,eosinophils_in_the_infiltrate,1,DecisionTreeClassifier,1.0,1.0,1.0,1.0,1.0,1.0,1.0
real_data5_testing,mean_variance_drift,eosinophils_in_the_infiltrate,1,RandomForestClassifier,1.0,1.0,1.0,1.0,1.0,1.0,1.0
real_data5_testing,mean_variance_drift,eosinophils_in_the_infiltrate,2,DecisionTreeClassifier,1.0,1.0,1.0,1.0,1.0,1.0,1.0
real_data5_testing,mean_variance_drift,eosinophils_in_the_infiltrate,2,RandomForestClassifier,1.0,1.0,1.0,1.0,1.0,1.0,1.0
real_data5_testing,mean_variance_drift,eosinophils_in_the_infiltrate,3,DecisionTreeClassifier,1.0,1.0,1.0,1.0,1.0,1.0,1.0
real_data5_testing,mean_variance_drift,eosinophils_in_the_infiltrate,3,RandomForestClassifier,1.0,1.0,1.0,1.0,1.0,1.0,1.0
real_data5_testing,mean_variance_drift,eosinophils_in_the_infiltrate,4,DecisionTreeClassifier,1.0,1.0,1.0,1.0,1.0,1.0,1.0
real_data5_testing,mean_variance_drift,eosinophils_in_the_infiltrate,4,RandomForestClassifier,1.0,1.0,1.0,1.0,1.0,1.0,1.0
real_data5_testing,mean_variance_drift,PNL_infiltrate,0,DecisionTreeClassifier,1.0,1.0,1.0,1.0,1.0,1.0,1.0
real_data5_testing,mean_variance_drift,PNL_infiltrate,0,RandomForestClassifier,1.0,1.0,1.0,1.0,1.0,1.0,1.0
real_data5_testing,mean_variance_drift,PNL_infiltrate,1,DecisionTreeClassifier,1.0,1.0,1.0,1.0,1.0,1.0,1.0
real_data5_testing,mean_variance_drift,PNL_infiltrate,1,RandomForestClassifier,1.0,1.0,1.0,1.0,1.0,1.0,1.0
real_data5_testing,mean_variance_drift,PNL_infiltrate,2,DecisionTreeClassifier,1.0,1.0,1.0,1.0,1.0,1.0,1.0
real_data5_testing,mean_variance_drift,PNL_infiltrate,2,RandomForestClassifier,1.0,1.0,1.0,1.0,1.0,1.0,1.0
real_data5_testing,mean_variance_drift,PNL_infiltrate,3,DecisionTreeClassifier,1.0,1.0,1.0,1.0,1.0,1.0,1.0
real_data5_testing,mean_variance_drift,PNL_infiltrate,3,RandomForestClassifier,1.0,1.0,1.0,1.0,1.0,1.0,1.0
real_data5_testing,mean_variance_drift,PNL_infiltrate,4,DecisionTreeClassifier,1.0,1.0,1.0,1.0,1.0,1.0,1.0
real_data5_testing,mean_variance_drift,PNL_infiltrate,4,RandomForestClassifier,1.0,1.0,1.0,1.0,1.0,1.0,1.0
real_data5_testing,mean_variance_drift,fibrosis_of_the_papillary_dermis,0,DecisionTreeClassifier,1.0,1.0,1.0,1.0,1.0,1.0,1.0
real_data5_testing,mean_variance_drift,fibrosis_of_the_papillary_dermis,0,RandomForestClassifier,1.0,1.0,1.0,1.0,1.0,1.0,1.0
real_data5_testing,mean_variance_drift,fibrosis_of_the_papillary_dermis,1,DecisionTreeClassifier,1.0,1.0,1.0,1.0,1.0,1.0,1.0
real_data5_testing,mean_variance_drift,fibrosis_of_the_papillary_dermis,1,RandomForestClassifier,1.0,1.0,1.0,1.0,1.0,1.0,1.0
real_data5_testing,mean_variance_drift,fibrosis_of_the_papillary_dermis,2,DecisionTreeClassifier,1.0,1.0,1.0,1.0,1.0,1.0,1.0
real_data5_testing,mean_variance_drift,fibrosis_of_the_papillary_dermis,2,RandomForestClassifier,1.0,1.0,1.0,1.0,1.0,1.0,1.0
real_data5_testing,mean_variance_drift,fibrosis_of_the_papillary_dermis,3,DecisionTreeClassifier,1.0,1.0,1.0,1.0,1.0,1.0,1.0
real_data5_testing,mean_variance_drift,fibrosis_of_the_papillary_dermis,3,RandomForestClassifier,1.0,1.0,1.0,1.0,1.0,1.0,1.0
real_data5_testing,mean_variance_drift,fibrosis_of_the_papillary_dermis,4,DecisionTreeClassifier,1.0,1.0,1.0,1.0,1.0,1.0,1.0
real_data5_testing,mean_variance_drift,fibrosis_of_the_papillary_dermis,4,RandomForestClassifier,1.0,1.0,1.0,1.0,1.0,1.0,1.0
real_data5_testing,mean_variance_drift,exocytosis,0,DecisionTreeClassifier,1.0,1.0,1.0,1.0,1.0,1.0,1.0
real_data5_testing,mean_variance_drift,exocytosis,0,RandomForestClassifier,1.0,1.0,1.0,1.0,1.0,1.0,1.0
real_data5_testing,mean_variance_drift,exocytosis,1,DecisionTreeClassifier,1.0,1.0,1.0,1.0,1.0,1.0,1.0
real_data5_testing,mean_variance_drift,exocytosis,1,RandomForestClassifier,1.0,1.0,1.0,1.0,1.0,1.0,1.0
real_data5_testing,mean_variance_drift,exocytosis,2,DecisionTreeClassifier,1.0,1.0,1.0,1.0,1.0,1.0,1.0
real_data5_testing,mean_variance_drift,exocytosis,2,RandomForestClassifier,1.0,1.0,1.0,1.0,1.0,1.0,1.0
real_data5_testing,mean_variance_drift,exocytosis,3,DecisionTreeClassifier,1.0,1.0,1.0,1.0,1.0,1.0,1.0
real_data5_testing,mean_variance_drift,exocytosis,3,RandomForestClassifier,1.0,1.0,1.0,1.0,1.0,1.0,1.0
real_data5_testing,mean_variance_drift,exocytosis,4,DecisionTreeClassifier,1.0,1.0,1.0,1.0,1.0,1.0,1.0
real_data5_testing,mean_variance_drift,exocytosis,4,RandomForestClassifier,1.0,1.0,1.0,1.0,1.0,1.0,1.0
real_data5_testing,mean_variance_drift,acanthosis,0,DecisionTreeClassifier,1.0,1.0,1.0,1.0,1.0,1.0,1.0
real_data5_testing,mean_variance_drift,acanthosis,0,RandomForestClassifier,1.0,1.0,1.0,1.0,1.0,1.0,1.0
real_data5_testing,mean_variance_drift,acanthosis,1,DecisionTreeClassifier,1.0,1.0,1.0,1.0,1.0,1.0,1.0
real_data5_testing,mean_variance_drift,acanthosis,1,RandomForestClassifier,1.0,1.0,1.0,1.0,1.0,1.0,1.0
real_data5_testing,mean_variance_drift,acanthosis,2,DecisionTreeClassifier,1.0,1.0,1.0,1.0,1.0,1.0,1.0
real_data5_testing,mean_variance_drift,acanthosis,2,RandomForestClassifier,1.0,1.0,1.0,1.0,1.0,1.0,1.0
real_data5_testing,mean_variance_drift,acanthosis,3,DecisionTreeClassifier,1.0,1.0,1.0,1.0,1.0,1.0,1.0
real_data5_testing,mean_variance_drift,acanthosis,3,RandomForestClassifier,1.0,1.0,1.0,1.0,1.0,1.0,1.0
real_data5_testing,mean_variance_drift,acanthosis,4,DecisionTreeClassifier,1.0,1.0,1.0,1.0,1.0,1.0,1.0
real_data5_testing,mean_variance_drift,acanthosis,4,RandomForestClassifier,1.0,1.0,1.0,1.0,1.0,1.0,1.0
real_data5_testing,mean_variance_drift,hyperkeratosis,0,DecisionTreeClassifier,1.0,1.0,1.0,1.0,1.0,1.0,1.0
real_data5_testing,mean_variance_drift,hyperkeratosis,0,RandomForestClassifier,1.0,1.0,1.0,1.0,1.0,1.0,1.0
real_data5_testing,mean_variance_drift,hyperkeratosis,1,DecisionTreeClassifier,1.0,1.0,1.0,1.0,1.0,1.0,1.0
real_data5_testing,mean_variance_drift,hyperkeratosis,1,RandomForestClassifier,1.0,1.0,1.0,1.0,1.0,1.0,1.0
real_data5_testing,mean_variance_drift,hyperkeratosis,2,DecisionTreeClassifier,1.0,1.0,1.0,1.0,1.0,1.0,1.0
real_data5_testing,mean_variance_drift,hyperkeratosis,2,RandomForestClassifier,1.0,1.0,1.0,1.0,1.0,1.0,1.0
real_data5_testing,mean_variance_drift,hyperkeratosis,3,DecisionTreeClassifier,1.0,1.0,1.0,1.0,1.0,1.0,1.0
real_data5_testing,mean_variance_drift,hyperkeratosis,3,RandomForestClassifier,1.0,1.0,1.0,1.0,1.0,1.0,1.0
real_data5_testing,mean_variance_drift,hyperkeratosis,4,DecisionTreeClassifier,1.0,1.0,1.0,1.0,1.0,1.0,1.0
real_data5_testing,mean_variance_drift,hyperkeratosis,4,RandomForestClassifier,1.0,1.0,1.0,1.0,1.0,1.0,1.0
real_data5_testing,mean_variance_drift,parakeratosis,0,DecisionTreeClassifier,1.0,1.0,1.0,1.0,1.0,1.0,1.0
real_data5_testing,mean_variance_drift,parakeratosis,0,RandomForestClassifier,1.0,1.0,1.0,1.0,1.0,1.0,1.0
real_data5_testing,mean_variance_drift,parakeratosis,1,DecisionTreeClassifier,1.0,1.0,1.0,1.0,1.0,1.0,1.0
real_data5_testing,mean_variance_drift,parakeratosis,1,RandomForestClassifier,1.0,1.0,1.0,1.0,1.0,1.0,1.0
real_data5_testing,mean_variance_drift,parakeratosis,2,DecisionTreeClassifier,1.0,1.0,1.0,1.0,1.0,1.0,1.0
real_data5_testing,mean_variance_drift,parakeratosis,2,RandomForestClassifier,1.0,1.0,1.0,1.0,1.0,1.0,1.0
real_data5_testing,mean_variance_drift,parakeratosis,3,DecisionTreeClassifier,1.0,1.0,1.0,1.0,1.0,1.0,1.0
real_data5_testing,mean_variance_drift,parakeratosis,3,RandomForestClassifier,1.0,1.0,1.0,1.0,1.0,1.0,1.0
real_data5_testing,mean_variance_drift,parakeratosis,4,DecisionTreeClassifier,1.0,1.0,1.0,1.0,1.0,1.0,1.0
real_data5_testing,mean_variance_drift,parakeratosis,4,RandomForestClassifier,1.0,1.0,1.0,1.0,1.0,1.0,1.0
real_data5_testing,mean_variance_drift,clubbing_of_the_rete_ridges,0,DecisionTreeClassifier,1.0,1.0,1.0,1.0,1.0,1.0,1.0
real_data5_testing,mean_variance_drift,clubbing_of_the_rete_ridges,0,RandomForestClassifier,1.0,1.0,1.0,1.0,1.0,1.0,1.0
real_data5_testing,mean_variance_drift,clubbing_of_the_rete_ridges,1,DecisionTreeClassifier,1.0,1.0,1.0,1.0,1.0,1.0,1.0
real_data5_testing,mean_variance_drift,clubbing_of_the_rete_ridges,1,RandomForestClassifier,1.0,1.0,1.0,1.0,1.0,1.0,1.0
real_data5_testing,mean_variance_drift,clubbing_of_the_rete_ridges,2,DecisionTreeClassifier,1.0,1.0,1.0,1.0,1.0,1.0,1.0
real_data5_testing,mean_variance_drift,clubbing_of_the_rete_ridges,2,RandomForestClassifier,1.0,1.0,1.0,1.0,1.0,1.0,1.0
real_data5_testing,mean_variance_drift,clubbing_of_the_rete_ridges,3,DecisionTreeClassifier,1.0,1.0,1.0,1.0,1.0,1.0,1.0
real_data5_testing,mean_variance_drift,clubbing_of_the_rete_ridges,3,RandomForestClassifier,1.0,1.0,1.0,1.0,1.0,1.0,1.0
real_data5_testing,mean_variance_drift,clubbing_of_the_rete_ridges,4,DecisionTreeClassifier,1.0,1.0,1.0,1.0,1.0,1.0,1.0
real_data5_testing,mean_variance_drift,clubbing_of_the_rete_ridges,4,RandomForestClassifier,1.0,1.0,1.0,1.0,1.0,1.0,1.0
real_data5_testing,mean_variance_drift,elongation_of_the_rete_ridges,0,DecisionTreeClassifier,1.0,1.0,1.0,1.0,1.0,1.0,1.0
real_data5_testing,mean_variance_drift,elongation_of_the_rete_ridges,0,RandomForestClassifier,1.0,1.0,1.0,1.0,1.0,1.0,1.0
real_data5_testing,mean_variance_drift,elongation_of_the_rete_ridges,1,DecisionTreeClassifier,1.0,1.0,1.0,1.0,1.0,1.0,1.0
real_data5_testing,mean_variance_drift,elongation_of_the_rete_ridges,1,RandomForestClassifier,1.0,1.0,1.0,1.0,1.0,1.0,1.0
real_data5_testing,mean_variance_drift,elongation_of_the_rete_ridges,2,DecisionTreeClassifier,1.0,1.0,1.0,1.0,1.0,1.0,1.0
real_data5_testing,mean_variance_drift,elongation_of_the_rete_ridges,2,RandomForestClassifier,1.0,1.0,1.0,1.0,1.0,1.0,1.0
real_data5_testing,mean_variance_drift,elongation_of_the_rete_ridges,3,DecisionTreeClassifier,1.0,1.0,1.0,1.0,1.0,1.0,1.0
real_data5_testing,mean_variance_drift,elongation_of_the_rete_ridges,3,RandomForestClassifier,1.0,1.0,1.0,1.0,1.0,1.0,1.0
real_data5_testing,mean_variance_drift,elongation_of_the_rete_ridges,4,DecisionTreeClassifier,1.0,1.0,1.0,1.0,1.0,1.0,1.0
real_data5_testing,mean_variance_drift,elongation_of_the_rete_ridges,4,RandomForestClassifier,1.0,1.0,1.0,1.0,1.0,1.0,1.0
real_data5_testing,mean_variance_drift,thinning_of_the_suprapapillary_epidermis,0,DecisionTreeClassifier,1.0,1.0,1.0,1.0,1.0,1.0,1.0
real_data5_testing,mean_variance_drift,thinning_of_the_suprapapillary_epidermis,0,RandomForestClassifier,1.0,1.0,1.0,1.0,1.0,1.0,1.0
real_data5_testing,mean_variance_drift,thinning_of_the_suprapapillary_epidermis,1,DecisionTreeClassifier,1.0,1.0,1.0,1.0,1.0,1.0,1.0
real_data5_testing,mean_variance_drift,thinning_of_the_suprapapillary_epidermis,1,RandomForestClassifier,1.0,1.0,1.0,1.0,1.0,1.0,1.0
real_data5_testing,mean_variance_drift,thinning_of_the_suprapapillary_epidermis,2,DecisionTreeClassifier,1.0,1.0,1.0,1.0,1.0,1.0,1.0
real_data5_testing,mean_variance_drift,thinning_of_the_suprapapillary_epidermis,2,RandomForestClassifier,1.0,1.0,1.0,1.0,1.0,1.0,1.0
real_data5_testing,mean_variance_drift,thinning_of_the_suprapapillary_epidermis,3,DecisionTreeClassifier,1.0,1.0,1.0,1.0,1.0,1.0,1.0
real_data5_testing,mean_variance_drift,thinning_of_the_suprapapillary_epidermis,3,RandomForestClassifier,1.0,1.0,1.0,1.0,1.0,1.0,1.0
real_data5_testing,mean_variance_drift,thinning_of_the_suprapapillary_epidermis,4,DecisionTreeClassifier,1.0,1.0,1.0,1.0,1.0,1.0,1.0
real_data5_testing,mean_variance_drift,thinning_of_the_suprapapillary_epidermis,4,RandomForestClassifier,1.0,1.0,1.0,1.0,1.0,1.0,1.0
real_data5_testing,mean_variance_drift,spongiform_pustule,0,DecisionTreeClassifier,1.0,1.0,1.0,1.0,1.0,1.0,1.0
real_data5_testing,mean_variance_drift,spongiform_pustule,0,RandomForestClassifier,1.0,1.0,1.0,1.0,1.0,1.0,1.0
real_data5_testing,mean_variance_drift,spongiform_pustule,1,DecisionTreeClassifier,1.0,1.0,1.0,1.0,1.0,1.0,1.0
real_data5_testing,mean_variance_drift,spongiform_pustule,1,RandomForestClassifier,1.0,1.0,1.0,1.0,1.0,1.0,1.0
real_data5_testing,mean_variance_drift,spongiform_pustule,2,DecisionTreeClassifier,1.0,1.0,1.0,1.0,1.0,1.0,1.0
real_data5_testing,mean_variance_drift,spongiform_pustule,2,RandomForestClassifier,1.0,1.0,1.0,1.0,1.0,1.0,1.0
real_data5_testing,mean_variance_drift,spongiform_pustule,3,DecisionTreeClassifier,1.0,1.0,1.0,1.0,1.0,1.0,1.0
real_data5_testing,mean_variance_drift,spongiform_pustule,3,RandomForestClassifier,1.0,1.0,1.0,1.0,1.0,1.0,1.0
real_data5_testing,mean_variance_drift,spongiform_pustule,4,DecisionTreeClassifier,1.0,1.0,1.0,1.0,1.0,1.0,1.0
real_data5_testing,mean_variance_drift,spongiform_pustule,4,RandomForestClassifier,1.0,1.0,1.0,1.0,1.0,1.0,1.0
real_data5_testing,mean_variance_drift,munro_microabcess,0,DecisionTreeClassifier,1.0,1.0,1.0,1.0,1.0,1.0,1.0
real_data5_testing,mean_variance_drift,munro_microabcess,0,RandomForestClassifier,1.0,1.0,1.0,1.0,1.0,1.0,1.0
real_data5_testing,mean_variance_drift,munro_microabcess,1,DecisionTreeClassifier,1.0,1.0,1.0,1.0,1.0,1.0,1.0
real_data5_testing,mean_variance_drift,munro_microabcess,1,RandomForestClassifier,1.0,1.0,1.0,1.0,1.0,1.0,1.0
real_data5_testing,mean_variance_drift,munro_microabcess,2,DecisionTreeClassifier,1.0,1.0,1.0,1.0,1.0,1.0,1.0
real_data5_testing,mean_variance_drift,munro_microabcess,2,RandomForestClassifier,1.0,1.0,1.0,1.0,1.0,1.0,1.0
real_data5_testing,mean_variance_drift,munro_microabcess,3,DecisionTreeClassifier,1.0,1.0,1.0,1.0,1.0,1.0,1.0
real_data5_testing,mean_variance_drift,munro_microabcess,3,RandomForestClassifier,1.0,1.0,1.0,1.0,1.0,1.0,1.0
real_data5_testing,mean_variance_drift,munro_microabcess,4,DecisionTreeClassifier,1.0,1.0,1.0,1.0,1.0,1.0,1.0
real_data5_testing,mean_variance_drift,munro_microabcess,4,RandomForestClassifier,1.0,1.0,1.0,1.0,1.0,1.0,1.0
real_data5_testing,mean_variance_drift,focal_hypergranulosis,0,DecisionTreeClassifier,1.0,1.0,1.0,1.0,1.0,1.0,1.0
real_data5_testing,mean_variance_drift,focal_hypergranulosis,0,RandomForestClassifier,1.0,1.0,1.0,1.0,1.0,1.0,1.0
real_data5_testing,mean_variance_drift,focal_hypergranulosis,1,DecisionTreeClassifier,1.0,1.0,1.0,1.0,1.0,1.0,1.0
real_data5_testing,mean_variance_drift,focal_hypergranulosis,1,RandomForestClassifier,1.0,1.0,1.0,1.0,1.0,1.0,1.0
real_data5_testing,mean_variance_drift,focal_hypergranulosis,2,DecisionTreeClassifier,1.0,1.0,1.0,1.0,1.0,1.0,1.0
real_data5_testing,mean_variance_drift,focal_hypergranulosis,2,RandomForestClassifier,1.0,1.0,1.0,1.0,1.0,1.0,1.0
real_data5_testing,mean_variance_drift,focal_hypergranulosis,3,DecisionTreeClassifier,1.0,1.0,1.0,1.0,1.0,1.0,1.0
real_data5_testing,mean_variance_drift,focal_hypergranulosis,3,RandomForestClassifier,1.0,1.0,1.0,1.0,1.0,1.0,1.0
real_data5_testing,mean_variance_drift,focal_hypergranulosis,4,DecisionTreeClassifier,1.0,1.0,1.0,1.0,1.0,1.0,1.0
real_data5_testing,mean_variance_drift,focal_hypergranulosis,4,RandomForestClassifier,1.0,1.0,1.0,1.0,1.0,1.0,1.0
real_data5_testing,mean_variance_drift,disappearance_of_the_granular_layer,0,DecisionTreeClassifier,1.0,1.0,1.0,1.0,1.0,1.0,1.0
real_data5_testing,mean_variance_drift,disappearance_of_the_granular_layer,0,RandomForestClassifier,1.0,1.0,1.0,1.0,1.0,1.0,1.0
real_data5_testing,mean_variance_drift,disappearance_of_the_granular_layer,1,DecisionTreeClassifier,1.0,1.0,1.0,1.0,1.0,1.0,1.0
real_data5_testing,mean_variance_drift,disappearance_of_the_granular_layer,1,RandomForestClassifier,1.0,1.0,1.0,1.0,1.0,1.0,1.0
real_data5_testing,mean_variance_drift,disappearance_of_the_granular_layer,2,DecisionTreeClassifier,1.0,1.0,1.0,1.0,1.0,1.0,1.0
real_data5_testing,mean_variance_drift,disappearance_of_the_granular_layer,2,RandomForestClassifier,1.0,1.0,1.0,1.0,1.0,1.0,1.0
real_data5_testing,mean_variance_drift,disappearance_of_the_granular_layer,3,DecisionTreeClassifier,1.0,1.0,1.0,1.0,1.0,1.0,1.0
real_data5_testing,mean_variance_drift,disappearance_of_the_granular_layer,3,RandomForestClassifier,1.0,1.0,1.0,1.0,1.0,1.0,1.0
real_data5_testing,mean_variance_drift,disappearance_of_the_granular_layer,4,DecisionTreeClassifier,1.0,1.0,1.0,1.0,1.0,1.0,1.0
real_data5_testing,mean_variance_drift,disappearance_of_the_granular_layer,4,RandomForestClassifier,1.0,1.0,1.0,1.0,1.0,1.0,1.0
real_data5_testing,mean_variance_drift,vacuolisation_and_damage_of_basal_layer,0,DecisionTreeClassifier,1.0,1.0,1.0,1.0,1.0,1.0,1.0
real_data5_testing,mean_variance_drift,vacuolisation_and_damage_of_basal_layer,0,RandomForestClassifier,1.0,1.0,1.0,1.0,1.0,1.0,1.0
real_data5_testing,mean_variance_drift,vacuolisation_and_damage_of_basal_layer,1,DecisionTreeClassifier,1.0,1.0,1.0,1.0,1.0,1.0,1.0
real_data5_testing,mean_variance_drift,vacuolisation_and_damage_of_basal_layer,1,RandomForestClassifier,1.0,1.0,1.0,1.0,1.0,1.0,1.0
real_data5_testing,mean_variance_drift,vacuolisation_and_damage_of_basal_layer,2,DecisionTreeClassifier,1.0,1.0,1.0,1.0,1.0,1.0,1.0
real_data5_testing,mean_variance_drift,vacuolisation_and_damage_of_basal_layer,2,RandomForestClassifier,1.0,1.0,1.0,1.0,1.0,1.0,1.0
real_data5_testing,mean_variance_drift,vacuolisation_and_damage_of_basal_layer,3,DecisionTreeClassifier,1.0,1.0,1.0,1.0,1.0,1.0,1.0
real_data5_testing,mean_variance_drift,vacuolisation_and_damage_of_basal_layer,3,RandomForestClassifier,1.0,1.0,1.0,1.0,1.0,1.0,1.0
real_data5_testing,mean_variance_drift,vacuolisation_and_damage_of_basal_layer,4,DecisionTreeClassifier,1.0,1.0,1.0,1.0,1.0,1.0,1.0
real_data5_testing,mean_variance_drift,vacuolisation_and_damage_of_basal_layer,4,RandomForestClassifier,1.0,1.0,1.0,1.0,1.0,1.0,1.0
real_data5_testing,mean_variance_drift,spongiosis,0,DecisionTreeClassifier,1.0,1.0,1.0,1.0,1.0,1.0,1.0
real_data5_testing,mean_variance_drift,spongiosis,0,RandomForestClassifier,1.0,1.0,1.0,1.0,1.0,1.0,1.0
real_data5_testing,mean_variance_drift,spongiosis,1,DecisionTreeClassifier,1.0,1.0,1.0,1.0,1.0,1.0,1.0
real_data5_testing,mean_variance_drift,spongiosis,1,RandomForestClassifier,1.0,1.0,1.0,1.0,1.0,1.0,1.0
real_data5_testing,mean_variance_drift,spongiosis,2,DecisionTreeClassifier,1.0,1.0,1.0,1.0,1.0,1.0,1.0
real_data5_testing,mean_variance_drift,spongiosis,2,RandomForestClassifier,1.0,1.0,1.0,1.0,1.0,1.0,1.0
real_data5_testing,mean_variance_drift,spongiosis,3,DecisionTreeClassifier,1.0,1.0,1.0,1.0,1.0,1.0,1.0
real_data5_testing,mean_variance_drift,spongiosis,3,RandomForestClassifier,1.0,1.0,1.0,1.0,1.0,1.0,1.0
real_data5_testing,mean_variance_drift,spongiosis,4,DecisionTreeClassifier,1.0,1.0,1.0,1.0,1.0,1.0,1.0
real_data5_testing,mean_variance_drift,spongiosis,4,RandomForestClassifier,1.0,1.0,1.0,1.0,1.0,1.0,1.0
real_data5_testing,mean_variance_drift,saw-tooth_appearance_of_retes,0,DecisionTreeClassifier,1.0,1.0,1.0,1.0,1.0,1.0,1.0
real_data5_testing,mean_variance_drift,saw-tooth_appearance_of_retes,0,RandomForestClassifier,1.0,1.0,1.0,1.0,1.0,1.0,1.0
real_data5_testing,mean_variance_drift,saw-tooth_appearance_of_retes,1,DecisionTreeClassifier,1.0,1.0,1.0,1.0,1.0,1.0,1.0
real_data5_testing,mean_variance_drift,saw-tooth_appearance_of_retes,1,RandomForestClassifier,1.0,1.0,1.0,1.0,1.0,1.0,1.0
real_data5_testing,mean_variance_drift,saw-tooth_appearance_of_retes,2,DecisionTreeClassifier,1.0,1.0,1.0,1.0,1.0,1.0,1.0
real_data5_testing,mean_variance_drift,saw-tooth_appearance_of_retes,2,RandomForestClassifier,1.0,1.0,1.0,1.0,1.0,1.0,1.0
real_data5_testing,mean_variance_drift,saw-tooth_appearance_of_retes,3,DecisionTreeClassifier,1.0,1.0,1.0,1.0,1.0,1.0,1.0
real_data5_testing,mean_variance_drift,saw-tooth_appearance_of_retes,3,RandomForestClassifier,1.0,1.0,1.0,1.0,1.0,1.0,1.0
real_data5_testing,mean_variance_drift,saw-tooth_appearance_of_retes,4,DecisionTreeClassifier,1.0,1.0,1.0,1.0,1.0,1.0,1.0
real_data5_testing,mean_variance_drift,saw-tooth_appearance_of_retes,4,RandomForestClassifier,1.0,1.0,1.0,1.0,1.0,1.0,1.0
real_data5_testing,mean_variance_drift,follicular_horn_plug,0,DecisionTreeClassifier,1.0,1.0,1.0,1.0,1.0,1.0,1.0
real_data5_testing,mean_variance_drift,follicular_horn_plug,0,RandomForestClassifier,1.0,1.0,1.0,1.0,1.0,1.0,1.0
real_data5_testing,mean_variance_drift,follicular_horn_plug,1,DecisionTreeClassifier,1.0,1.0,1.0,1.0,1.0,1.0,1.0
real_data5_testing,mean_variance_drift,follicular_horn_plug,1,RandomForestClassifier,1.0,1.0,1.0,1.0,1.0,1.0,1.0
real_data5_testing,mean_variance_drift,follicular_horn_plug,2,DecisionTreeClassifier,1.0,1.0,1.0,1.0,1.0,1.0,1.0
real_data5_testing,mean_variance_drift,follicular_horn_plug,2,RandomForestClassifier,1.0,1.0,1.0,1.0,1.0,1.0,1.0
real_data5_testing,mean_variance_drift,follicular_horn_plug,3,DecisionTreeClassifier,1.0,1.0,1.0,1.0,1.0,1.0,1.0
real_data5_testing,mean_variance_drift,follicular_horn_plug,3,RandomForestClassifier,1.0,1.0,1.0,1.0,1.0,1.0,1.0
real_data5_testing,mean_variance_drift,follicular_horn_plug,4,DecisionTreeClassifier,1.0,1.0,1.0,1.0,1.0,1.0,1.0
real_data5_testing,mean_variance_drift,follicular_horn_plug,4,RandomForestClassifier,1.0,1.0,1.0,1.0,1.0,1.0,1.0
real_data5_testing,mean_variance_drift,perifollicular_parakeratosis,0,DecisionTreeClassifier,1.0,1.0,1.0,1.0,1.0,1.0,1.0
real_data5_testing,mean_variance_drift,perifollicular_parakeratosis,0,RandomForestClassifier,1.0,1.0,1.0,1.0,1.0,1.0,1.0
real_data5_testing,mean_variance_drift,perifollicular_parakeratosis,1,DecisionTreeClassifier,1.0,1.0,1.0,1.0,1.0,1.0,1.0
real_data5_testing,mean_variance_drift,perifollicular_parakeratosis,1,RandomForestClassifier,1.0,1.0,1.0,1.0,1.0,1.0,1.0
real_data5_testing,mean_variance_drift,perifollicular_parakeratosis,2,DecisionTreeClassifier,1.0,1.0,1.0,1.0,1.0,1.0,1.0
real_data5_testing,mean_variance_drift,perifollicular_parakeratosis,2,RandomForestClassifier,1.0,1.0,1.0,1.0,1.0,1.0,1.0
real_data5_testing,mean_variance_drift,perifollicular_parakeratosis,3,DecisionTreeClassifier,1.0,1.0,1.0,1.0,1.0,1.0,1.0
real_data5_testing,mean_variance_drift,perifollicular_parakeratosis,3,RandomForestClassifier,1.0,1.0,1.0,1.0,1.0,1.0,1.0
real_data5_testing,mean_variance_drift,perifollicular_parakeratosis,4,DecisionTreeClassifier,1.0,1.0,1.0,1.0,1.0,1.0,1.0
real_data5_testing,mean_variance_drift,perifollicular_parakeratosis,4,RandomForestClassifier,1.0,1.0,1.0,1.0,1.0,1.0,1.0
real_data5_testing,mean_variance_drift,inflammatory_monoluclear_inflitrate,0,DecisionTreeClassifier,1.0,1.0,1.0,1.0,1.0,1.0,1.0
real_data5_testing,mean_variance_drift,inflammatory_monoluclear_inflitrate,0,RandomForestClassifier,1.0,1.0,1.0,1.0,1.0,1.0,1.0
real_data5_testing,mean_variance_drift,inflammatory_monoluclear_inflitrate,1,DecisionTreeClassifier,1.0,1.0,1.0,1.0,1.0,1.0,1.0
real_data5_testing,mean_variance_drift,inflammatory_monoluclear_inflitrate,1,RandomForestClassifier,1.0,1.0,1.0,1.0,1.0,1.0,1.0
real_data5_testing,mean_variance_drift,inflammatory_monoluclear_inflitrate,2,DecisionTreeClassifier,1.0,1.0,1.0,1.0,1.0,1.0,1.0
real_data5_testing,mean_variance_drift,inflammatory_monoluclear_inflitrate,2,RandomForestClassifier,1.0,1.0,1.0,1.0,1.0,1.0,1.0
real_data5_testing,mean_variance_drift,inflammatory_monoluclear_inflitrate,3,DecisionTreeClassifier,1.0,1.0,1.0,1.0,1.0,1.0,1.0
real_data5_testing,mean_variance_drift,inflammatory_monoluclear_inflitrate,3,RandomForestClassifier,1.0,1.0,1.0,1.0,1.0,1.0,1.0
real_data5_testing,mean_variance_drift,inflammatory_monoluclear_inflitrate,4,DecisionTreeClassifier,1.0,1.0,1.0,1.0,1.0,1.0,1.0
real_data5_testing,mean_variance_drift,inflammatory_monoluclear_inflitrate,4,RandomForestClassifier,1.0,1.0,1.0,1.0,1.0,1.0,1.0
real_data5_testing,mean_variance_drift,band-like_infiltrate,0,DecisionTreeClassifier,1.0,1.0,1.0,1.0,1.0,1.0,1.0
real_data5_testing,mean_variance_drift,band-like_infiltrate,0,RandomForestClassifier,1.0,1.0,1.0,1.0,1.0,1.0,1.0
real_data5_testing,mean_variance_drift,band-like_infiltrate,1,DecisionTreeClassifier,1.0,1.0,1.0,1.0,1.0,1.0,1.0
real_data5_testing,mean_variance_drift,band-like_infiltrate,1,RandomForestClassifier,1.0,1.0,1.0,1.0,1.0,1.0,1.0
real_data5_testing,mean_variance_drift,band-like_infiltrate,2,DecisionTreeClassifier,1.0,1.0,1.0,1.0,1.0,1.0,1.0
real_data5_testing,mean_variance_drift,band-like_infiltrate,2,RandomForestClassifier,1.0,1.0,1.0,1.0,1.0,1.0,1.0
real_data5_testing,mean_variance_drift,band-like_infiltrate,3,DecisionTreeClassifier,1.0,1.0,1.0,1.0,1.0,1.0,1.0
real_data5_testing,mean_variance_drift,band-like_infiltrate,3,RandomForestClassifier,1.0,1.0,1.0,1.0,1.0,1.0,1.0
real_data5_testing,mean_variance_drift,band-like_infiltrate,4,DecisionTreeClassifier,1.0,1.0,1.0,1.0,1.0,1.0,1.0
real_data5_testing,mean_variance_drift,band-like_infiltrate,4,RandomForestClassifier,1.0,1.0,1.0,1.0,1.0,1.0,1.0
real_data5_testing,mean_variance_drift,class,0,DecisionTreeClassifier,1.0,1.0,1.0,1.0,1.0,1.0,1.0
real_data5_testing,mean_variance_drift,class,0,RandomForestClassifier,1.0,1.0,1.0,1.0,1.0,1.0,1.0
real_data5_testing,mean_variance_drift,class,1,DecisionTreeClassifier,1.0,1.0,1.0,1.0,1.0,1.0,1.0
real_data5_testing,mean_variance_drift,class,1,RandomForestClassifier,1.0,1.0,1.0,1.0,1.0,1.0,1.0
real_data5_testing,mean_variance_drift,class,2,DecisionTreeClassifier,1.0,1.0,1.0,1.0,1.0,1.0,1.0
real_data5_testing,mean_variance_drift,class,2,RandomForestClassifier,1.0,1.0,1.0,1.0,1.0,1.0,1.0
real_data5_testing,mean_variance_drift,class,3,DecisionTreeClassifier,1.0,1.0,1.0,1.0,1.0,1.0,1.0
real_data5_testing,mean_variance_drift,class,3,RandomForestClassifier,1.0,1.0,1.0,1.0,1.0,1.0,1.0
real_data5_testing,mean_variance_drift,class,4,DecisionTreeClassifier,1.0,1.0,1.0,1.0,1.0,1.0,1.0
real_data5_testing,mean_variance_drift,class,4,RandomForestClassifier,1.0,1.0,1.0,1.0,1.0,1.0,1.0
real_data5_testing,noise_injection,Age_linear,0,LinearRegression,0.999672292792435,0.5757575757575757,0.9981160290202634,0.967914438502674,0.9837770821781224,0.9957219251336898,0.7060960070412647
real_data5_testing,noise_injection,Age_linear,0,RandomForestRegressor,0.9994483738953392,0.515151515151515,0.9979987393923485,0.9643493761140822,0.9784883308119059,0.9954163483575248,0.8277151885855158
real_data5_testing,noise_injection,Age_linear,1,LinearRegression,0.9808415858113063,0.33333333333333315,0.9769000609304738,0.8930481283422461,0.8163136152056991,0.977387318563789,0.684810582956224
real_data5_testing,noise_injection,Age_linear,1,RandomForestRegressor,0.998788112980218,0.5454545454545454,0.997568677168824,0.9607843137254903,0.9657909797944838,0.9954163483575248,0.7796630159018909
real_data5_testing,noise_injection,Age_linear,2,LinearRegression,0.9974383866080545,0.4242424242424241,0.9940627252095381,0.8966131907308379,0.9402038411012994,0.973109243697479,0.6290921536712635
real_data5_testing,noise_injection,Age_linear,2,RandomForestRegressor,0.9990466964200163,0.515151515151515,0.9947547041743333,0.9572192513368986,0.9709657558065918,0.9938884644766998,0.7464443589390877
real_data5_testing,noise_injection,Age_linear,3,LinearRegression,0.996612496193841,0.36363636363636354,0.992394972985681,0.9322638146167559,0.9319520259515375,0.9883880825057294,0.6111090568008101
real_data5_testing,noise_injection,Age_linear,3,RandomForestRegressor,0.9985934089516458,0.4242424242424241,0.9975433833820447,0.9465240641711232,0.9578022130720241,0.9932773109243698,0.6637932590456059
real_data5_testing,noise_injection,Age_linear,4,LinearRegression,0.990518385975174,0.36363636363636354,0.9955512978722293,0.8894830659536542,0.8812805254355012,0.9706646294881588,0.7169398933583038
real_data5_testing,noise_injection,Age_linear,4,RandomForestRegressor,0.9993133552640648,0.606060606060606,0.9949125678294464,0.9572192513368986,0.9746379309882363,0.9941940412528646,0.8250034395128842
real_data5_testing,noise_injection,erythema,0,DecisionTreeClassifier,0.9606463229413883,0.06060606060606044,0.7030702779524324,0.679144385026738,0.605427174438766,0.8429335370511841,0.6014922963249201
real_data5_testing,noise_injection,erythema,0,RandomForestClassifier,0.9993172099614652,0.33333333333333315,0.9901564989477979,0.9465240641711232,0.9691203865555424,0.9935828877005346,0.77460326206751
real_data5_testing,noise_injection,erythema,1,DecisionTreeClassifier,0.9386381841749774,0.15151515151515138,0.8732416924761806,0.6898395721925134,0.6394856863890136,0.8380443086325438,0.6372166236345888
real_data5_testing,noise_injection,erythema,1,RandomForestClassifier,0.9983530810670483,0.3939393939393938,0.9861799507562131,0.9393939393939396,0.9543255547838327,0.9908326967150496,0.7336977695198909
real_data5_testing,noise_injection,erythema,2,DecisionTreeClassifier,0.9881084616580128,0.30303030303030287,0.8828986359922816,0.7468805704099823,0.852397268963722,0.8777692895339954,0.6679040892392719
real_data5_testing,noise_injection,erythema,2,RandomForestClassifier,0.9976284168804845,0.5454545454545454,0.9770281518195926,0.9500891265597149,0.9482422933575567,0.9929717341482046,0.8123412973572837
real_data5_testing,noise_injection,erythema,3,DecisionTreeClassifier,0.9792265907047443,0.121212121212121,0.858992626796228,0.7468805704099823,0.7830887014975542,0.8872421695951107,0.6088621731482309
real_data5_testing,noise_injection,erythema,3,RandomForestClassifier,0.9978433711178769,0.30303030303030287,0.9871749683757797,0.9073083778966133,0.9412275333196523,0.9831932773109242,0.7722789696461406
real_data5_testing,noise_injection,erythema,4,DecisionTreeClassifier,0.9070007554479084,0.06060606060606044,0.7414495046952455,0.46167557932263825,0.4274200488326815,0.6155844155844156,0.6285565047742149
real_data5_testing,noise_injection,erythema,4,RandomForestClassifier,0.9983400966118844,0.515151515151515,0.9855658122416436,0.9429590017825313,0.9586340309256349,0.9908326967150496,0.7982353309385654
real_data5_testing,noise_injection,scaling,0,DecisionTreeClassifier,0.9612616928678585,0.06060606060606044,0.8729105408999571,0.5757575757575758,0.6613140290423909,0.7436210847975554,0.5642830430539495
real_data5_testing,noise_injection,scaling,0,RandomForestClassifier,0.9989290238238028,0.5757575757575757,0.9834585245322823,0.9572192513368986,0.9659293719592479,0.9944996180290298,0.8595234691873533
real_data5_testing,noise_injection,scaling,1,DecisionTreeClassifier,0.9683357072915225,0.06060606060606044,0.8794872299233892,0.6363636363636365,0.6538377901275325,0.813292589763178,0.6156638781531516
real_data5_testing,noise_injection,scaling,1,RandomForestClassifier,0.998428138515389,0.30303030303030287,0.9908548344975935,0.9322638146167559,0.946490352349326,0.9920550038197096,0.7008492576253892
real_data5_testing,noise_injection,scaling,2,DecisionTreeClassifier,0.9770320276503247,0.2424242424242422,0.9423170545313211,0.7575757575757577,0.7699249313794867,0.8988540870893811,0.7575566680020915
real_data5_testing,noise_injection,scaling,2,RandomForestClassifier,0.9986468583617356,0.515151515151515,0.9941298223106857,0.9465240641711232,0.9600626793892939,0.9923605805958746,0.8230530214904526
real_data5_testing,noise_injection,scaling,3,DecisionTreeClassifier,0.9882549187381507,0.36363636363636354,0.955465299190361,0.8181818181818183,0.8429763886004314,0.9300229182582123,0.761131191145586
real_data5_testing,noise_injection,scaling,3,RandomForestClassifier,0.9989392486504077,0.4242424242424241,0.9954344891614103,0.9500891265597149,0.9647359613426276,0.9932773109243698,0.7996560155807753
real_data5_testing,noise_injection,scaling,4,DecisionTreeClassifier,0.9634500984012343,0.09090909090909072,0.7433357125896698,0.6114081996434939,0.7226185905342092,0.7790679908326967,0.5433805345869622
real_data5_testing,noise_injection,scaling,4,RandomForestClassifier,0.9982493330933458,0.3939393939393938,0.9870417972588373,0.9251336898395723,0.9498331102047967,0.9880825057295646,0.6369741168679223
real_data5_testing,noise_injection,definite_borders,0,DecisionTreeClassifier,0.9551992140820601,0.18181818181818166,0.9041529792530065,0.7397504456327987,0.6543690720801532,0.9034377387318563,0.633864361228171
real_data5_testing,noise_injection,definite_borders,0,RandomForestClassifier,0.99589062262361,0.48484848484848475,0.9930934001721545,0.9073083778966133,0.9151204076794106,0.9813598166539342,0.741644480297319
real_data5_testing,noise_injection,definite_borders,1,DecisionTreeClassifier,0.9777304631636512,0.121212121212121,0.8881431971339578,0.7183600713012479,0.7984925548595772,0.8713521772345301,0.5436640395153644
real_data5_testing,noise_injection,definite_borders,1,RandomForestClassifier,0.9994558432901556,0.48484848484848475,0.9771657829635428,0.9536541889483067,0.9766133917096282,0.9938884644766998,0.7607995392224741
real_data5_testing,noise_injection,definite_borders,2,DecisionTreeClassifier,0.965485567865816,0.2727272727272726,0.8230373432602354,0.7397504456327987,0.7292905908852247,0.8893812070282657,0.7012254596222073
real_data5_testing,noise_injection,definite_borders,2,RandomForestClassifier,0.9971873083943275,0.5757575757575757,0.9912311003610399,0.9572192513368986,0.9462392126328836,0.9941940412528646,0.8102299184176581
real_data5_testing,noise_injection,definite_borders,3,DecisionTreeClassifier,0.9774243719739939,0.18181818181818166,0.8860174104164152,0.7754010695187167,0.7818731200294883,0.9181054239877768,0.6530605289061332
real_data5_testing,noise_injection,definite_borders,3,RandomForestClassifier,0.997693804397881,0.4242424242424241,0.9799111877762502,0.9607843137254903,0.9548222503705692,0.9957219251336898,0.7361452902853863
real_data5_testing,noise_injection,definite_borders,4,DecisionTreeClassifier,0.9837733394288881,0.121212121212121,0.5997666527313928,0.7112299465240642,0.7978119533943253,0.8624904507257447,0.5835561609243838
real_data5_testing,noise_injection,definite_borders,4,RandomForestClassifier,0.9993977551522443,0.5757575757575757,0.9849941201505696,0.9750445632798576,0.9768949904559779,0.9978609625668448,0.7327653836271857
real_data5_testing,noise_injection,itching,0,DecisionTreeClassifier,0.9794444854938764,0.121212121212121,0.8807532860844662,0.7682709447415331,0.7355628370849528,0.9095492742551565,0.5307932315139292
real_data5_testing,noise_injection,itching,0,RandomForestClassifier,0.9990022990557033,0.4242424242424241,0.9871330499765063,0.9429590017825313,0.9636993552575133,0.9920550038197096,0.7390551314235018
real_data5_testing,noise_injection,itching,1,DecisionTreeClassifier,0.9732619235332711,0.121212121212121,0.7822050889042771,0.732620320855615,0.7719408299769709,0.8930481283422459,0.49565394200742857
real_data5_testing,noise_injection,itching,1,RandomForestClassifier,0.9982779938659264,0.515151515151515,0.9917419630716019,0.9536541889483067,0.9573753513718183,0.9926661573720396,0.8439910823624752
real_data5_testing,noise_injection,itching,2,DecisionTreeClassifier,0.9741653532405029,0.121212121212121,0.9068097719359732,0.7005347593582889,0.7419541972938991,0.8689075630252101,0.6638489008892794
real_data5_testing,noise_injection,itching,2,RandomForestClassifier,0.9988161820480176,0.4545454545454545,0.9909035113617354,0.9429590017825313,0.9670581899862016,0.9911382734912146,0.775260914355964
real_data5_testing,noise_injection,itching,3,DecisionTreeClassifier,0.9906407810578802,0.18181818181818166,0.9044653759859018,0.8110516934046347,0.8597465433995866,0.9284950343773872,0.6594531731588728
real_data5_testing,noise_injection,itching,3,RandomForestClassifier,0.9995825376701087,0.606060606060606,0.9889550025354741,0.9643493761140822,0.9805654978465053,0.9954163483575248,0.764370573375662
real_data5_testing,noise_injection,itching,4,DecisionTreeClassifier,0.993906484613985,0.2424242424242422,0.8604988618408037,0.8324420677361855,0.8904298308121723,0.9511077158135982,0.6216353700128818
real_data5_testing,noise_injection,itching,4,RandomForestClassifier,0.9973789060681457,0.4545454545454545,0.9876094846803564,0.9358288770053477,0.9391348351114697,0.9908326967150496,0.8119288813252271
real_data5_testing,noise_injection,koebner_phenomenon,0,DecisionTreeClassifier,0.9796567220880465,0.15151515151515138,0.8583514178135372,0.7254901960784316,0.7522194203032211,0.8548510313216195,0.5650173561585047
real_data5_testing,noise_injection,koebner_phenomenon,0,RandomForestClassifier,0.9991942717188734,0.48484848484848475,0.9834347465139696,0.9536541889483067,0.9732319373293135,0.9929717341482046,0.6834643315924757
real_data5_testing,noise_injection,koebner_phenomenon,1,DecisionTreeClassifier,0.9826689673420905,0.2727272727272726,0.8209023945578795,0.6862745098039217,0.7918444860279985,0.8407944996180289,0.5826272583482854
real_data5_testing,noise_injection,koebner_phenomenon,1,RandomForestClassifier,0.9992835494104895,0.4242424242424241,0.9843493957521157,0.9358288770053477,0.9699452951275926,0.9874713521772344,0.7358203835134699
real_data5_testing,noise_injection,koebner_phenomenon,2,DecisionTreeClassifier,0.9985070330109396,0.5757575757575757,0.9868675406419697,0.8859180035650626,0.952476301103281,0.9728036669213138,0.6748979921884368
real_data5_testing,noise_injection,koebner_phenomenon,2,RandomForestClassifier,0.9982699476082957,0.2424242424242422,0.9931060757304281,0.9180035650623887,0.9494131420313925,0.9871657754010694,0.7911038629526231
real_data5_testing,noise_injection,koebner_phenomenon,3,DecisionTreeClassifier,0.9731025034084156,0.15151515151515138,0.9537460609719,0.7754010695187167,0.7369808900361716,0.9254392666157373,0.5977771634915774
real_data5_testing,noise_injection,koebner_phenomenon,3,RandomForestClassifier,0.9986049200937162,0.4545454545454545,0.9919092702730886,0.928698752228164,0.955633258950785,0.9880825057295646,0.7502630709362611
real_data5_testing,noise_injection,koebner_phenomenon,4,DecisionTreeClassifier,0.9799596523148082,0.21212121212121193,0.9367074924841746,0.7860962566844921,0.7388443167798655,0.9138273491214667,0.5357500416052365
real_data5_testing,noise_injection,koebner_phenomenon,4,RandomForestClassifier,0.9980418999634758,0.4242424242424241,0.986228708551079,0.9001782531194297,0.9452310934123423,0.9783040488922842,0.6746553719103141
real_data5_testing,noise_injection,polygonal_papules,0,DecisionTreeClassifier,0.9822783005526756,0.48484848484848475,0.9840741528542236,0.6755793226381462,0.8426605678211694,0.762872421695951,0.653266640888133
real_data5_testing,noise_injection,polygonal_papules,0,RandomForestClassifier,0.9997487098720823,0.7575757575757576,0.9997473251283039,0.9786096256684493,0.9860792472217517,0.9978609625668448,0.9136971910875173
real_data5_testing,noise_injection,polygonal_papules,1,DecisionTreeClassifier,0.993781151278153,0.33333333333333315,0.9985079584935501,0.9251336898395723,0.9577641760620399,0.9449961802902979,0.7101345015496465
real_data5_testing,noise_injection,polygonal_papules,1,RandomForestClassifier,0.9997730600392194,0.7575757575757576,0.999515597338257,0.9821746880570411,0.9896189224454075,0.9978609625668448,0.9034438244766608
real_data5_testing,noise_injection,polygonal_papules,2,DecisionTreeClassifier,0.8906254242493093,0.121212121212121,0.9871799736247528,0.6506238859180037,0.5971801556395405,0.6846447669977082,0.6252500197090427
real_data5_testing,noise_injection,polygonal_papules,2,RandomForestClassifier,0.9998329233714102,0.8484848484848484,0.9995025751267841,0.9893048128342247,0.9927599743357782,0.9987776928953398,0.9167749867784112
real_data5_testing,noise_injection,polygonal_papules,3,DecisionTreeClassifier,0.8983608528574748,0.15151515151515138,0.9867522752297152,0.6363636363636365,0.6131540910954303,0.6638655462184874,0.5515534764128275
real_data5_testing,noise_injection,polygonal_papules,3,RandomForestClassifier,0.9994142227787428,0.606060606060606,0.9967518625228583,0.9465240641711232,0.974027703764278,0.9917494270435445,0.7151374331825732
real_data5_testing,noise_injection,polygonal_papules,4,DecisionTreeClassifier,0.9864221511292686,0.3939393939393938,0.9856573812522271,0.8395721925133691,0.9177188443021053,0.8600458365164247,0.6277131856287954
real_data5_testing,noise_injection,polygonal_papules,4,RandomForestClassifier,0.9999372392543501,0.9393939393939393,0.9997157892683006,0.9893048128342247,0.9957888855240201,0.9987776928953398,0.9043658139246373
real_data5_testing,noise_injection,follicular_papules,0,DecisionTreeClassifier,0.9990873042284495,0.606060606060606,0.9910612291789308,0.9465240641711232,0.9792114135547274,0.9822765469824292,0.846322147411267
real_data5_testing,noise_injection,follicular_papules,0,RandomForestClassifier,0.9987663777562255,0.48484848484848475,0.9944495266204313,0.9429590017825313,0.9615055127025016,0.9914438502673798,0.8083252460752339
real_data5_testing,noise_injection,follicular_papules,1,DecisionTreeClassifier,0.9734857666533044,0.15151515151515138,0.9275895849000769,0.7468805704099823,0.8431131109502925,0.8331550802139037,0.46278160694088605
real_data5_testing,noise_injection,follicular_papules,1,RandomForestClassifier,0.9964735188443533,0.33333333333333315,0.9817256068420703,0.9073083778966133,0.9275021709699918,0.9822765469824292,0.6107897084990617
real_data5_testing,noise_injection,follicular_papules,2,DecisionTreeClassifier,1.0,1.0,1.0,1.0,1.0,1.0,1.0
real_data5_testing,noise_injection,follicular_papules,2,RandomForestClassifier,0.998936804413624,0.3939393939393938,0.9919402245032379,0.9322638146167559,0.9605512107907689,0.9902215431627196,0.7752256837120001
real_data5_testing,noise_injection,follicular_papules,3,DecisionTreeClassifier,0.9773814671564162,0.2424242424242422,0.9480931772498895,0.8181818181818183,0.880934368467742,0.8878533231474407,0.5275617362556888
real_data5_testing,noise_injection,follicular_papules,3,RandomForestClassifier,0.9994077765694475,0.5454545454545454,0.9955073532087245,0.9607843137254903,0.9768315964645051,0.9941940412528646,0.7239692083255924
real_data5_testing,noise_injection,follicular_papules,4,DecisionTreeClassifier,0.9971568051063572,0.5757575757575757,0.9812860241164032,0.8966131907308379,0.9558185821201679,0.9550802139037432,0.7424505760502186
real_data5_testing,noise_injection,follicular_papules,4,RandomForestClassifier,0.9988277202848413,0.33333333333333315,0.9947291448826424,0.9251336898395723,0.9562186467440423,0.9880825057295646,0.8280734518699251
real_data5_testing,noise_injection,oral_mucosal_involvement,0,DecisionTreeClassifier,0.9998205629040019,0.8181818181818181,0.9981408420817978,0.967914438502674,0.9906121755212277,0.9944996180290298,0.9226405522788538
real_data5_testing,noise_injection,oral_mucosal_involvement,0,RandomForestClassifier,0.9900621397512812,0.3939393939393938,0.9989942528946886,0.9572192513368986,0.9265324079099927,0.9941940412528646,0.6295884552359041
real_data5_testing,noise_injection,oral_mucosal_involvement,1,DecisionTreeClassifier,0.9963058186174982,0.2424242424242422,0.9953253815891686,0.8894830659536542,0.9432183328330379,0.945912910618793,0.6042429749314997
real_data5_testing,noise_injection,oral_mucosal_involvement,1,RandomForestClassifier,0.9999770160968405,0.9393939393939393,0.9995255249199219,0.9964349376114083,0.9982145298094246,0.999694423223835,0.8956547159663624
real_data5_testing,noise_injection,oral_mucosal_involvement,2,DecisionTreeClassifier,1.0,1.0,1.0,1.0,1.0,1.0,1.0
real_data5_testing,noise_injection,oral_mucosal_involvement,2,RandomForestClassifier,0.9994030290344286,0.6363636363636362,0.9993336739178446,0.967914438502674,0.9771325670269027,0.9960275019098548,0.8431355406670716
real_data5_testing,noise_injection,oral_mucosal_involvement,3,DecisionTreeClassifier,0.9301696278924146,0.09090909090909072,0.9927976163479431,0.6327985739750447,0.6415771790583874,0.7051184110007638,0.5316233364820144
real_data5_testing,noise_injection,oral_mucosal_involvement,3,RandomForestClassifier,0.9997832826202061,0.6666666666666665,0.9995043230950669,0.9750445632798576,0.9877348050995338,0.9969442322383497,0.7634276818390421
real_data5_testing,noise_injection,oral_mucosal_involvement,4,DecisionTreeClassifier,0.9870628083734346,0.3939393939393938,0.9911959923126019,0.7718360071301248,0.8419823014923278,0.8527119938884645,0.6245844621430028
real_data5_testing,noise_injection,oral_mucosal_involvement,4,RandomForestClassifier,0.9998162953597917,0.7575757575757576,0.9972031533975007,0.9750445632798576,0.9895523100814843,0.996638655462185,0.7907064021659733
real_data5_testing,noise_injection,knee_and_elbow_involvement,0,DecisionTreeClassifier,0.9967259888322789,0.4242424242424241,0.9848295446070572,0.8538324420677362,0.9367487592678344,0.9434682964094728,0.6743034925221433
real_data5_testing,noise_injection,knee_and_elbow_involvement,0,RandomForestClassifier,0.9980792012696699,0.5757575757575757,0.9969515591953838,0.9750445632798576,0.9666462236938461,0.9978609625668448,0.796566273285784
real_data5_testing,noise_injection,knee_and_elbow_involvement,1,DecisionTreeClassifier,0.9989925248583723,0.6363636363636362,0.9931969610651952,0.9358288770053477,0.9733352153868586,0.9831932773109242,0.8647251592947883
real_data5_testing,noise_injection,knee_and_elbow_involvement,1,RandomForestClassifier,0.9980873979270244,0.48484848484848475,0.9909232813156572,0.9536541889483067,0.9607046529690917,0.9929717341482046,0.7377097252542633
real_data5_testing,noise_injection,knee_and_elbow_involvement,2,DecisionTreeClassifier,0.9774969277067539,0.2727272727272726,0.96762949045783,0.6720142602495545,0.7622089819158346,0.8563789152024445,0.6910931143460002
real_data5_testing,noise_injection,knee_and_elbow_involvement,2,RandomForestClassifier,0.9980306572385735,0.21212121212121193,0.9932860079091448,0.9465240641711232,0.9559129357130818,0.9941940412528646,0.5404083018725065
real_data5_testing,noise_injection,knee_and_elbow_involvement,3,DecisionTreeClassifier,0.9818584055586872,0.4545454545454545,0.9676011948345397,0.7112299465240642,0.8308659822903715,0.8282658517952636,0.7378259251020383
real_data5_testing,noise_injection,knee_and_elbow_involvement,3,RandomForestClassifier,0.9993731001154499,0.4242424242424241,0.9933474432850374,0.9358288770053477,0.9675280551710306,0.9923605805958746,0.7474129609643286
real_data5_testing,noise_injection,knee_and_elbow_involvement,4,DecisionTreeClassifier,0.9667301983970386,0.18181818181818166,0.9732664049411037,0.7825311942959003,0.809300086740864,0.8869365928189457,0.6247838578516584
real_data5_testing,noise_injection,knee_and_elbow_involvement,4,RandomForestClassifier,0.9996122410553696,0.606060606060606,0.995230758949432,0.9643493761140822,0.9805118109611344,0.9954163483575248,0.8193053067543277
real_data5_testing,noise_injection,scalp_involvement,0,DecisionTreeClassifier,0.9963222178569038,0.2424242424242422,0.9759967951190041,0.8431372549019609,0.9279281064430343,0.945912910618793,0.6614918600668753
real_data5_testing,noise_injection,scalp_involvement,0,RandomForestClassifier,0.9953341701518497,0.5757575757575757,0.9980796732499011,0.9607843137254903,0.9346363806290808,0.9944996180290298,0.7908069361522135
real_data5_testing,noise_injection,scalp_involvement,1,DecisionTreeClassifier,0.9283719709137552,0.09090909090909072,0.9358204652461949,0.590017825311943,0.5722357533256266,0.7365928189457601,0.5963091941034925
real_data5_testing,noise_injection,scalp_involvement,1,RandomForestClassifier,0.9960312013382003,0.36363636363636354,0.9923861863006528,0.9358288770053477,0.9281910201161165,0.9911382734912146,0.7406053419286597
real_data5_testing,noise_injection,scalp_involvement,2,DecisionTreeClassifier,0.9980144059665508,0.48484848484848475,0.9878360313675029,0.8894830659536542,0.9568892930193967,0.9575248281130634,0.7597132796375031
real_data5_testing,noise_injection,scalp_involvement,2,RandomForestClassifier,0.9960043159742222,0.5454545454545454,0.9982974477939367,0.9536541889483067,0.9304079525236573,0.9941940412528646,0.7108259273390699
real_data5_testing,noise_injection,scalp_involvement,3,DecisionTreeClassifier,0.9895639706768198,0.30303030303030287,0.9676038183076315,0.732620320855615,0.8626152429133935,0.8576012223071046,0.5992770729301397
real_data5_testing,noise_injection,scalp_involvement,3,RandomForestClassifier,0.9928769598440003,0.5757575757575757,0.9974422379932192,0.9714795008912657,0.9365476855392627,0.996638655462185,0.7980452158326102
real_data5_testing,noise_injection,scalp_involvement,4,DecisionTreeClassifier,0.96633582272845,0.21212121212121193,0.9533961482602356,0.6149732620320856,0.6627671712906926,0.7772345301757065,0.5894453528919354
real_data5_testing,noise_injection,scalp_involvement,4,RandomForestClassifier,0.999321706753978,0.7272727272727273,0.9961361116102885,0.9750445632798576,0.9800312135093017,0.9972498090145148,0.8641337680547495
real_data5_testing,noise_injection,family_history,0,DecisionTreeClassifier,0.9590265000696325,0.30303030303030287,0.754352288018929,0.6613190730837791,0.6917863580473502,0.7805958747135217,0.67369167609258
real_data5_testing,noise_injection,family_history,0,RandomForestClassifier,0.9993979573281722,0.5757575757575757,0.9880592894951644,0.9607843137254903,0.9765662498345526,0.9932773109243698,0.7216253841569151
real_data5_testing,noise_injection,family_history,1,DecisionTreeClassifier,0.9718202736066172,-2.220446049250313e-16,0.6660366818376424,0.6149732620320856,0.6977522798571084,0.7478991596638656,0.4946405916632238
real_data5_testing,noise_injection,family_history,1,RandomForestClassifier,0.9986638635099144,0.3939393939393938,0.9811482701428557,0.928698752228164,0.952635532018471,0.9896103896103896,0.6038056186236832
real_data5_testing,noise_injection,family_history,2,DecisionTreeClassifier,0.9300804226631731,0.2727272727272726,0.8272958504172298,0.5614973262032087,0.6064545830746926,0.6757830404889228,0.5428324157563071
real_data5_testing,noise_injection,family_history,2,RandomForestClassifier,0.9987187163185441,0.5757575757575757,0.9775986339008351,0.9643493761140822,0.9644887397520453,0.9960275019098548,0.8553030795121774
real_data5_testing,noise_injection,family_history,3,DecisionTreeClassifier,0.9806460769654768,0.18181818181818166,0.6309609146034678,0.7076648841354726,0.8151518014346044,0.8169595110771581,0.6145004730075148
real_data5_testing,noise_injection,family_history,3,RandomForestClassifier,0.9984461475603957,0.2424242424242422,0.9745779552615225,0.9393939393939396,0.9559842768228924,0.9899159663865545,0.6600935706650151
real_data5_testing,noise_injection,family_history,4,DecisionTreeClassifier,0.9827440638338591,0.18181818181818166,0.7435702980221726,0.7468805704099823,0.730139738565736,0.839266615737204,0.5693756988847037
real_data5_testing,noise_injection,family_history,4,RandomForestClassifier,0.9990861239721146,0.3939393939393938,0.9890906224285473,0.9536541889483067,0.9682760945921791,0.9938884644766998,0.7655819439156453
real_data5_testing,noise_injection,melanin_incontinence,0,DecisionTreeClassifier,1.0,1.0,1.0,1.0,1.0,1.0,1.0
real_data5_testing,noise_injection,melanin_incontinence,0,RandomForestClassifier,0.9998753149354781,0.7272727272727273,0.9996355354244798,0.9821746880570411,0.9916739553611804,0.9981665393430098,0.7646244515649957
real_data5_testing,noise_injection,melanin_incontinence,1,DecisionTreeClassifier,0.9947284031245289,0.2424242424242422,0.9983904886740955,0.8573975044563281,0.92863797067758,0.9135217723453016,0.5902398286876732
real_data5_testing,noise_injection,melanin_incontinence,1,RandomForestClassifier,0.9997722359051365,0.6363636363636362,0.999158501113652,0.9750445632798576,0.9868273218659618,0.9972498090145148,0.6798215406227714
real_data5_testing,noise_injection,melanin_incontinence,2,DecisionTreeClassifier,0.9735622632915085,0.2727272727272726,0.9971889444447721,0.732620320855615,0.816856866176997,0.8291825821237586,0.6224960755341171
real_data5_testing,noise_injection,melanin_incontinence,2,RandomForestClassifier,0.9996285828970293,0.8181818181818181,0.9996654710611264,0.9893048128342247,0.9881614304434465,0.999083269671505,0.9334248558192483
real_data5_testing,noise_injection,melanin_incontinence,3,DecisionTreeClassifier,0.9791464541190805,0.33333333333333315,0.9964512533217924,0.7967914438502675,0.8869749128112889,0.8261268143621083,0.647879855668757
real_data5_testing,noise_injection,melanin_incontinence,3,RandomForestClassifier,0.9999201876320591,0.8484848484848484,0.9997806461955967,0.9893048128342247,0.9950188541207167,0.9987776928953398,0.8969698772244257
real_data5_testing,noise_injection,melanin_incontinence,4,DecisionTreeClassifier,0.9620639630873579,0.09090909090909072,0.9934630678816061,0.6827094474153299,0.7893201547742947,0.7472880061115355,0.5511655943437439
real_data5_testing,noise_injection,melanin_incontinence,4,RandomForestClassifier,0.9999030639749957,0.7272727272727273,0.9996099227143094,0.9821746880570411,0.9927877945838826,0.9981665393430098,0.8183150881743133
real_data5_testing,noise_injection,eosinophils_in_the_infiltrate,0,DecisionTreeClassifier,0.93294438216968,0.15151515151515138,0.9106151020112727,0.807486631016043,0.7306076506453176,0.8890756302521009,0.5686699812909966
real_data5_testing,noise_injection,eosinophils_in_the_infiltrate,0,RandomForestClassifier,0.9994023939341609,0.4545454545454545,0.9739974288600505,0.9572192513368986,0.9748656971688441,0.9951107715813597,0.7510249538577183
real_data5_testing,noise_injection,eosinophils_in_the_infiltrate,1,DecisionTreeClassifier,1.0,1.0,1.0,1.0,1.0,1.0,1.0
real_data5_testing,noise_injection,eosinophils_in_the_infiltrate,1,RandomForestClassifier,0.99715467672373,0.3939393939393938,0.9702276032767152,0.9358288770053477,0.9392403203028377,0.9899159663865545,0.7610238482338127
real_data5_testing,noise_injection,eosinophils_in_the_infiltrate,2,DecisionTreeClassifier,0.9418100772895213,0.09090909090909072,0.5027918484959484,0.6613190730837791,0.6844703494221429,0.8157372039724979,0.5787203885130983
real_data5_testing,noise_injection,eosinophils_in_the_infiltrate,2,RandomForestClassifier,0.9982700331626235,0.36363636363636354,0.9784228540174671,0.9358288770053477,0.9505449078500479,0.9908326967150496,0.6959586318487582
real_data5_testing,noise_injection,eosinophils_in_the_infiltrate,3,DecisionTreeClassifier,0.9752499530054678,0.09090909090909072,0.760466625898153,0.7611408199643495,0.8461743525541756,0.8652406417112299,0.5350044133994225
real_data5_testing,noise_injection,eosinophils_in_the_infiltrate,3,RandomForestClassifier,0.9969259158542596,0.3939393939393938,0.97971870508513,0.9393939393939396,0.935104531553988,0.9908326967150496,0.6570301513770606
real_data5_testing,noise_injection,eosinophils_in_the_infiltrate,4,DecisionTreeClassifier,0.9050868524276816,0.15151515151515138,0.7469647556125769,0.6185383244206775,0.46412385026914915,0.7558441558441558,0.5489888272165919
real_data5_testing,noise_injection,eosinophils_in_the_infiltrate,4,RandomForestClassifier,0.9974164387669536,0.48484848484848475,0.98925846957106,0.9215686274509806,0.9431683979556655,0.9834988540870894,0.7328024345873891
real_data5_testing,noise_injection,PNL_infiltrate,0,DecisionTreeClassifier,0.9913378446782093,0.30303030303030287,0.9435970033246397,0.750445632798574,0.875312260679248,0.8851031321619557,0.62099254549269
real_data5_testing,noise_injection,PNL_infiltrate,0,RandomForestClassifier,0.9996902546425485,0.6666666666666665,0.9943352635184537,0.9643493761140822,0.98477503508555,0.9941940412528646,0.8552496654430326
real_data5_testing,noise_injection,PNL_infiltrate,1,DecisionTreeClassifier,0.9861385549902206,0.18181818181818166,0.893292008786722,0.714795008912656,0.8058697833559192,0.8621848739495798,0.5489644781041287
real_data5_testing,noise_injection,PNL_infiltrate,1,RandomForestClassifier,0.9997413115128059,0.606060606060606,0.9936850680723931,0.9714795008912657,0.9866132722093557,0.996638655462185,0.7933457182306846
real_data5_testing,noise_injection,PNL_infiltrate,2,DecisionTreeClassifier,0.9875055275618163,0.15151515151515138,0.9292498258512527,0.7468805704099823,0.8263606027941801,0.8741023682200153,0.5412987418322543
real_data5_testing,noise_injection,PNL_infiltrate,2,RandomForestClassifier,0.9998345032229692,0.6969696969696969,0.9955638135703185,0.9786096256684493,0.9899235276882128,0.9975553857906798,0.8381964407839727
real_data5_testing,noise_injection,PNL_infiltrate,3,DecisionTreeClassifier,0.9445464149804357,0.121212121212121,0.9608591076840345,0.750445632798574,0.7439812781850528,0.8411000763941939,0.601289042469823
real_data5_testing,noise_injection,PNL_infiltrate,3,RandomForestClassifier,0.9991792999603485,0.4242424242424241,0.9932519418127592,0.9358288770053477,0.9689406471354156,0.9877769289533994,0.6831454708240606
real_data5_testing,noise_injection,PNL_infiltrate,4,DecisionTreeClassifier,0.9929017011949541,0.2424242424242422,0.9024382443900684,0.7647058823529413,0.8933038166315888,0.8774637127578303,0.6123504641998976
real_data5_testing,noise_injection,PNL_infiltrate,4,RandomForestClassifier,0.9979932824800287,0.5757575757575757,0.9930161988359665,0.967914438502674,0.9649730456696444,0.9957219251336898,0.7766808742331307
real_data5_testing,noise_injection,fibrosis_of_the_papillary_dermis,0,DecisionTreeClassifier,0.9877605445938765,0.4545454545454545,0.9406391591783821,0.6862745098039217,0.8617066355861449,0.7738731856378915,0.6495501025892412
real_data5_testing,noise_injection,fibrosis_of_the_papillary_dermis,0,RandomForestClassifier,0.9980754249908798,0.7272727272727273,0.9987080148074032,0.9750445632798576,0.9686379523147046,0.9969442322383497,0.8669439711846529
real_data5_testing,noise_injection,fibrosis_of_the_papillary_dermis,1,DecisionTreeClassifier,0.9879814228103434,0.30303030303030287,0.9887728628056366,0.8146167557932265,0.8289084818352435,0.8631016042780749,0.6140782838089741
real_data5_testing,noise_injection,fibrosis_of_the_papillary_dermis,1,RandomForestClassifier,0.999510896523714,0.6363636363636362,0.998464636122554,0.967914438502674,0.978860741568012,0.9960275019098548,0.7428998260812884
real_data5_testing,noise_injection,fibrosis_of_the_papillary_dermis,2,DecisionTreeClassifier,0.9256509972196029,0.15151515151515138,0.9673043132800722,0.5401069518716578,0.6311174394423804,0.6073338426279602,0.5483287564348113
real_data5_testing,noise_injection,fibrosis_of_the_papillary_dermis,2,RandomForestClassifier,0.99805547083692,0.515151515151515,0.9979023399753587,0.9465240641711232,0.9498712614020206,0.9926661573720396,0.7571849667055518
real_data5_testing,noise_injection,fibrosis_of_the_papillary_dermis,3,DecisionTreeClassifier,0.9934208712170212,0.3939393939393938,0.9350665453712167,0.8110516934046347,0.9209617304074583,0.897326203208556,0.6728447077815067
real_data5_testing,noise_injection,fibrosis_of_the_papillary_dermis,3,RandomForestClassifier,0.9991790511031341,0.4242424242424241,0.9982811400433961,0.9572192513368986,0.9671995484614491,0.9957219251336898,0.7470607266612352
real_data5_testing,noise_injection,fibrosis_of_the_papillary_dermis,4,DecisionTreeClassifier,0.9802313408997186,0.030303030303030054,0.7685335712158627,0.7219251336898397,0.772124825510824,0.7530939648586708,0.6391252816768337
real_data5_testing,noise_injection,fibrosis_of_the_papillary_dermis,4,RandomForestClassifier,0.9986557813783925,0.5454545454545454,0.9969502201690628,0.9536541889483067,0.9622489826418601,0.9923605805958746,0.8447338384641631
real_data5_testing,noise_injection,exocytosis,0,DecisionTreeClassifier,0.9634680476811155,0.121212121212121,0.937129069883082,0.6399286987522282,0.6834725685631604,0.8365164247517187,0.583927335548588
real_data5_testing,noise_injection,exocytosis,0,RandomForestClassifier,0.9987190492847565,0.515151515151515,0.9932749394437872,0.967914438502674,0.9655822725848002,0.996638655462185,0.7576889457978537
real_data5_testing,noise_injection,exocytosis,1,DecisionTreeClassifier,0.9941718668320884,0.33333333333333315,0.9822690702360521,0.8110516934046347,0.8901294141926508,0.9379679144385026,0.6711500296376078
real_data5_testing,noise_injection,exocytosis,1,RandomForestClassifier,0.9982823447906388,0.30303030303030287,0.9863204703620135,0.9144385026737969,0.9438898697080058,0.9862490450725744,0.7393522325046973
real_data5_testing,noise_injection,exocytosis,2,DecisionTreeClassifier,0.9798880915836929,0.21212121212121193,0.9662265351299962,0.7183600713012479,0.7862792662341234,0.8722689075630251,0.6391862584892818
real_data5_testing,noise_injection,exocytosis,2,RandomForestClassifier,0.9949636899247318,0.3939393939393938,0.9921850272045409,0.9322638146167559,0.9196593595615891,0.9896103896103896,0.7614879495248768
real_data5_testing,noise_injection,exocytosis,3,DecisionTreeClassifier,0.9121283533547594,0.06060606060606044,0.9217242887911679,0.590017825311943,0.40564014714743146,0.7824293353705117,0.6255560643829715
real_data5_testing,noise_injection,exocytosis,3,RandomForestClassifier,0.9992799366106583,0.606060606060606,0.9869527227224135,0.9714795008912657,0.9768909811694814,0.9963330786860198,0.8264853669695921
real_data5_testing,noise_injection,exocytosis,4,DecisionTreeClassifier,0.9738842672193858,0.18181818181818166,0.9338887057349031,0.7219251336898397,0.7498358383031014,0.8652406417112299,0.5319981917076795
real_data5_testing,noise_injection,exocytosis,4,RandomForestClassifier,0.9996039087456275,0.6666666666666665,0.9866984336014251,0.9607843137254903,0.9819161486568868,0.9932773109243698,0.8450871665400085
real_data5_testing,noise_injection,acanthosis,0,DecisionTreeClassifier,0.894680547796909,0.2424242424242422,0.8044139352777357,0.572192513368984,0.3454788417416732,0.7469824293353705,0.7161963768263457
real_data5_testing,noise_injection,acanthosis,0,RandomForestClassifier,0.9967145373176505,0.2727272727272726,0.9922764074523697,0.9144385026737969,0.9270197528268245,0.9838044308632542,0.5848340471666712
real_data5_testing,noise_injection,acanthosis,1,DecisionTreeClassifier,0.9797005980546115,0.21212121212121193,0.8656004265489873,0.732620320855615,0.7724872434595169,0.8890756302521009,0.6135802102921284
real_data5_testing,noise_injection,acanthosis,1,RandomForestClassifier,0.9924679296028254,0.4242424242424241,0.9732760299122394,0.8930481283422461,0.8943915512925752,0.977081741787624,0.7073378594342327
real_data5_testing,noise_injection,acanthosis,2,DecisionTreeClassifier,0.9914827605120416,0.15151515151515138,0.9230484777545653,0.8181818181818183,0.8712467322999742,0.9376623376623376,0.6890016755352312
real_data5_testing,noise_injection,acanthosis,2,RandomForestClassifier,0.9972403251003995,0.4242424242424241,0.9919784501539761,0.9322638146167559,0.9353932913990644,0.9902215431627196,0.8198462667112935
real_data5_testing,noise_injection,acanthosis,3,DecisionTreeClassifier,0.9689294537124088,0.09090909090909072,0.935323742948099,0.7219251336898397,0.7882463995778777,0.8707410236822001,0.6557940482940012
real_data5_testing,noise_injection,acanthosis,3,RandomForestClassifier,0.9985742391026498,0.30303030303030287,0.9869254582267857,0.9358288770053477,0.9548494232222446,0.9905271199388846,0.7714782855327317
real_data5_testing,noise_injection,acanthosis,4,DecisionTreeClassifier,0.9308242264521572,0.15151515151515138,0.7976403554400142,0.6755793226381462,0.5489237973535122,0.8261268143621083,0.5080177539242101
real_data5_testing,noise_injection,acanthosis,4,RandomForestClassifier,0.9967696843888173,0.33333333333333315,0.9779591116012564,0.9144385026737969,0.9349044067694976,0.9850267379679144,0.6718891071431085
real_data5_testing,noise_injection,hyperkeratosis,0,DecisionTreeClassifier,0.9612718440420555,0.15151515151515138,0.33293170105380165,0.6007130124777185,0.6197645067438855,0.7793735676088618,0.5411552703778761
real_data5_testing,noise_injection,hyperkeratosis,0,RandomForestClassifier,0.9990901281105041,0.3939393939393938,0.9773202272770528,0.928698752228164,0.9629849410157398,0.9899159663865545,0.6701597521021785
real_data5_testing,noise_injection,hyperkeratosis,1,DecisionTreeClassifier,0.9765532094609022,0.09090909090909072,0.47789400074708765,0.6114081996434939,0.7525874582437302,0.7980137509549273,0.4798040852552609
real_data5_testing,noise_injection,hyperkeratosis,1,RandomForestClassifier,0.9950892427904987,0.48484848484848475,0.9868235579108403,0.9429590017825313,0.9327688727353137,0.9917494270435445,0.6190265325219998
real_data5_testing,noise_injection,hyperkeratosis,2,DecisionTreeClassifier,0.9621678507092086,0.15151515151515138,0.7725412529412768,0.6862745098039217,0.6472114422385209,0.8707410236822001,0.55929208940918
real_data5_testing,noise_injection,hyperkeratosis,2,RandomForestClassifier,0.9944045275432274,0.2424242424242422,0.9787828823383881,0.910873440285205,0.907527831089626,0.9831932773109242,0.5654249446361521
real_data5_testing,noise_injection,hyperkeratosis,3,DecisionTreeClassifier,0.9439512531390205,0.121212121212121,0.6227357601738948,0.5436720142602497,0.5467638983384147,0.7384262796027501,0.6067345486592286
real_data5_testing,noise_injection,hyperkeratosis,3,RandomForestClassifier,0.9992540801060958,0.4242424242424241,0.9654740821036787,0.9500891265597149,0.9693222360787614,0.9935828877005346,0.6701812626221909
real_data5_testing,noise_injection,hyperkeratosis,4,DecisionTreeClassifier,0.9616535881085304,0.030303030303030054,0.8117250320984263,0.6541889483065955,0.6284777722674372,0.8111535523300227,0.5076450548491455
real_data5_testing,noise_injection,hyperkeratosis,4,RandomForestClassifier,0.997510044481108,0.4545454545454545,0.9469474765777521,0.9393939393939396,0.9449372380887029,0.9908326967150496,0.6713244640276983
real_data5_testing,noise_injection,parakeratosis,0,DecisionTreeClassifier,0.9888867868143827,0.121212121212121,0.858465881346825,0.7575757575757577,0.83092181527582,0.9095492742551565,0.6157421913553618
real_data5_testing,noise_injection,parakeratosis,0,RandomForestClassifier,0.9991283313985845,0.36363636363636354,0.985787577510502,0.9251336898395723,0.9634726766805677,0.9883880825057294,0.6335729652362159
real_data5_testing,noise_injection,parakeratosis,1,DecisionTreeClassifier,0.9801548788021875,0.09090909090909072,0.8865233223325442,0.7611408199643495,0.7931499670858303,0.9101604278074866,0.5204249984817818
real_data5_testing,noise_injection,parakeratosis,1,RandomForestClassifier,0.9990776021193445,0.4545454545454545,0.9917607738519876,0.9465240641711232,0.968225069881907,0.9893048128342246,0.6458930501862551
real_data5_testing,noise_injection,parakeratosis,2,DecisionTreeClassifier,0.9822399834166551,0.18181818181818166,0.9400081374969044,0.7896613190730838,0.7896428123960886,0.9288006111535523,0.5485104668609226
real_data5_testing,noise_injection,parakeratosis,2,RandomForestClassifier,0.997192521452821,0.36363636363636354,0.9872639935880885,0.9536541889483067,0.9459936765807717,0.9944996180290298,0.7043894034386691
real_data5_testing,noise_injection,parakeratosis,3,DecisionTreeClassifier,0.9792391629334966,0.21212121212121193,0.8944156894012094,0.732620320855615,0.7901999922536185,0.8915202444614209,0.5563993606262206
real_data5_testing,noise_injection,parakeratosis,3,RandomForestClassifier,0.9954566530714942,0.33333333333333315,0.9857978130205136,0.9358288770053477,0.9214973498876933,0.9908326967150496,0.8242514578030908
real_data5_testing,noise_injection,parakeratosis,4,DecisionTreeClassifier,0.9591779631749497,0.09090909090909072,0.8792943480687884,0.625668449197861,0.6090532680259113,0.8059587471352175,0.5012130780957498
real_data5_testing,noise_injection,parakeratosis,4,RandomForestClassifier,0.9991478048408384,0.4545454545454545,0.9885876439296392,0.9429590017825313,0.9680847648594544,0.9911382734912146,0.6427857036779927
real_data5_testing,noise_injection,clubbing_of_the_rete_ridges,0,DecisionTreeClassifier,0.9797424886577151,0.18181818181818166,0.9949494728574294,0.8573975044563281,0.8737094417190256,0.9281894576012223,0.6880126294624451
real_data5_testing,noise_injection,clubbing_of_the_rete_ridges,0,RandomForestClassifier,0.9977356717589861,0.5454545454545454,0.9980511966168955,0.9714795008912657,0.9584744335882893,0.9972498090145148,0.749336319869885
real_data5_testing,noise_injection,clubbing_of_the_rete_ridges,1,DecisionTreeClassifier,0.9986012375102223,0.6969696969696969,0.9985572258369677,0.9500891265597149,0.9721360456701216,0.9871657754010694,0.8704345042921591
real_data5_testing,noise_injection,clubbing_of_the_rete_ridges,1,RandomForestClassifier,0.9979596433436464,0.3939393939393938,0.9946996807702904,0.9144385026737969,0.9398553503744442,0.9828877005347594,0.6714016236173792
real_data5_testing,noise_injection,clubbing_of_the_rete_ridges,2,DecisionTreeClassifier,0.9995121763460169,0.6666666666666665,0.9987773517750436,0.967914438502674,0.9883414280073946,0.9905271199388846,0.8226052038188315
real_data5_testing,noise_injection,clubbing_of_the_rete_ridges,2,RandomForestClassifier,0.9988684756168712,0.6363636363636362,0.9992067806855562,0.9643493761140822,0.9683728041707953,0.9948051948051948,0.8193328466717386
real_data5_testing,noise_injection,clubbing_of_the_rete_ridges,3,DecisionTreeClassifier,1.0,1.0,1.0,1.0,1.0,1.0,1.0
real_data5_testing,noise_injection,clubbing_of_the_rete_ridges,3,RandomForestClassifier,0.9921348151250537,0.6666666666666665,0.9995086691946667,0.967914438502674,0.9170512974772429,0.9944996180290298,0.8340324574612833
real_data5_testing,noise_injection,clubbing_of_the_rete_ridges,4,DecisionTreeClassifier,0.9911055021580323,0.3939393939393938,0.9962948825997645,0.8930481283422461,0.9337515334420048,0.945301757066463,0.7287354154890511
real_data5_testing,noise_injection,clubbing_of_the_rete_ridges,4,RandomForestClassifier,0.9966761393849206,0.606060606060606,0.9975300405713966,0.9572192513368986,0.9403461737661876,0.9929717341482046,0.8873623247276691
real_data5_testing,noise_injection,elongation_of_the_rete_ridges,0,DecisionTreeClassifier,1.0,1.0,1.0,1.0,1.0,1.0,1.0
real_data5_testing,noise_injection,elongation_of_the_rete_ridges,0,RandomForestClassifier,0.9992095026941313,0.48484848484848475,0.9966695052261088,0.9465240641711232,0.9687504669380382,0.9923605805958746,0.7722487362484964
real_data5_testing,noise_injection,elongation_of_the_rete_ridges,1,DecisionTreeClassifier,1.0,1.0,1.0,1.0,1.0,1.0,1.0
real_data5_testing,noise_injection,elongation_of_the_rete_ridges,1,RandomForestClassifier,0.9984353254298444,0.515151515151515,0.9960065357925026,0.9429590017825313,0.954483408301934,0.9914438502673798,0.7088797463204469
real_data5_testing,noise_injection,elongation_of_the_rete_ridges,2,DecisionTreeClassifier,1.0,1.0,1.0,1.0,1.0,1.0,1.0
real_data5_testing,noise_injection,elongation_of_the_rete_ridges,2,RandomForestClassifier,0.9975048918878989,0.4545454545454545,0.9980325654187413,0.9465240641711232,0.9419745053797292,0.9926661573720396,0.6290434220946811
real_data5_testing,noise_injection,elongation_of_the_rete_ridges,3,DecisionTreeClassifier,0.9988277613784493,0.48484848484848475,0.9940573700382928,0.9215686274509806,0.9664799855605686,0.9804430863254392,0.7041790421388129
real_data5_testing,noise_injection,elongation_of_the_rete_ridges,3,RandomForestClassifier,0.9972763871626987,0.2727272727272726,0.9961834034353666,0.9393939393939396,0.944366915888514,0.9914438502673798,0.6152001509645072
real_data5_testing,noise_injection,elongation_of_the_rete_ridges,4,DecisionTreeClassifier,0.9649199086819898,0.15151515151515138,0.9834224496439178,0.7825311942959003,0.795598103549052,0.8945760122230709,0.5771748620680084
real_data5_testing,noise_injection,elongation_of_the_rete_ridges,4,RandomForestClassifier,0.9976133546125413,0.6666666666666665,0.9973931163213894,0.9643493761140822,0.9566350110578732,0.9944996180290298,0.7286482354698274
real_data5_testing,noise_injection,thinning_of_the_suprapapillary_epidermis,0,DecisionTreeClassifier,0.9620412127163946,0.121212121212121,0.9864320252894802,0.5579322638146168,0.6112626771071467,0.680977845683728,0.5369034628986497
real_data5_testing,noise_injection,thinning_of_the_suprapapillary_epidermis,0,RandomForestClassifier,0.9981630066279845,0.8181818181818181,0.9994597466561334,0.9893048128342247,0.973080615291911,0.999083269671505,0.9686915199211867
real_data5_testing,noise_injection,thinning_of_the_suprapapillary_epidermis,1,DecisionTreeClassifier,0.986291576277413,0.15151515151515138,0.986274270790134,0.732620320855615,0.8364729856955366,0.8524064171122994,0.529932454003707
real_data5_testing,noise_injection,thinning_of_the_suprapapillary_epidermis,1,RandomForestClassifier,0.9968854615883698,0.7272727272727273,0.9994060744576885,0.9750445632798576,0.9553127097491549,0.9972498090145148,0.8141726085317972
real_data5_testing,noise_injection,thinning_of_the_suprapapillary_epidermis,2,DecisionTreeClassifier,0.9896284125215427,0.15151515151515138,0.9947467510688386,0.8146167557932265,0.8487156813092047,0.9092436974789915,0.5661326367428755
real_data5_testing,noise_injection,thinning_of_the_suprapapillary_epidermis,2,RandomForestClassifier,0.9998732385005601,0.8484848484848484,0.9988037043741915,0.9821746880570411,0.9927541799005255,0.9975553857906798,0.9126859454733399
real_data5_testing,noise_injection,thinning_of_the_suprapapillary_epidermis,3,DecisionTreeClassifier,1.0,1.0,1.0,1.0,1.0,1.0,1.0
real_data5_testing,noise_injection,thinning_of_the_suprapapillary_epidermis,3,RandomForestClassifier,0.9977746872459307,0.515151515151515,0.9981090481663543,0.9607843137254903,0.9556847649690959,0.9957219251336898,0.7376159050732021
real_data5_testing,noise_injection,thinning_of_the_suprapapillary_epidermis,4,DecisionTreeClassifier,0.9965771554532762,0.606060606060606,0.997460267270799,0.8930481283422461,0.9486620792142128,0.9566080977845682,0.7570938977941446
real_data5_testing,noise_injection,thinning_of_the_suprapapillary_epidermis,4,RandomForestClassifier,0.9991949989795389,0.606060606060606,0.9990532546323182,0.9750445632798576,0.9763000321596917,0.9975553857906798,0.7083089514185326
real_data5_testing,noise_injection,spongiform_pustule,0,DecisionTreeClassifier,0.9905753858194825,0.30303030303030287,0.939587669991434,0.8217468805704101,0.8561212916975153,0.9284950343773872,0.5178224005294894
real_data5_testing,noise_injection,spongiform_pustule,0,RandomForestClassifier,0.9897720602590264,0.4545454545454545,0.9909912457855264,0.9536541889483067,0.9187321734216249,0.9935828877005346,0.6870840473698995
real_data5_testing,noise_injection,spongiform_pustule,1,DecisionTreeClassifier,0.9930957221664309,0.21212121212121193,0.9464802321864197,0.8752228163992871,0.8923569182874831,0.9566080977845682,0.5900100184464532
real_data5_testing,noise_injection,spongiform_pustule,1,RandomForestClassifier,0.9987530407132906,0.48484848484848475,0.9940469586012214,0.9536541889483067,0.9654684404089331,0.9929717341482046,0.7533119503787749
real_data5_testing,noise_injection,spongiform_pustule,2,DecisionTreeClassifier,0.9892031561687586,0.515151515151515,0.9364659204288468,0.8573975044563281,0.9044698191465087,0.9135217723453016,0.7527116297639576
real_data5_testing,noise_injection,spongiform_pustule,2,RandomForestClassifier,0.9993030154892868,0.48484848484848475,0.9904328961630456,0.9536541889483067,0.9728868720059496,0.9941940412528646,0.7310422759606514
real_data5_testing,noise_injection,spongiform_pustule,3,DecisionTreeClassifier,0.992407637528673,0.33333333333333315,0.7882821950063293,0.7967914438502675,0.8987939904852607,0.9009931245225362,0.7254589310328994
real_data5_testing,noise_injection,spongiform_pustule,3,RandomForestClassifier,0.9995204255078337,0.515151515151515,0.9966050197229298,0.9607843137254903,0.9780783329387379,0.9948051948051948,0.7401743484338476
real_data5_testing,noise_injection,spongiform_pustule,4,DecisionTreeClassifier,0.9774561370920863,0.121212121212121,0.8762104575251535,0.7112299465240642,0.7420798335745975,0.8383498854087089,0.693115316519021
real_data5_testing,noise_injection,spongiform_pustule,4,RandomForestClassifier,0.9966803599333827,0.36363636363636354,0.9891045712614911,0.928698752228164,0.9348730420327063,0.9856378915202444,0.5786237913782382
real_data5_testing,noise_injection,munro_microabcess,0,DecisionTreeClassifier,0.999955013093417,0.8484848484848484,0.9988811134494111,0.9893048128342247,0.9966772308906848,0.9987776928953398,0.8994505664698208
real_data5_testing,noise_injection,munro_microabcess,0,RandomForestClassifier,0.99942258874565,0.6363636363636362,0.9984866785311696,0.9750445632798576,0.9815972581080972,0.9972498090145148,0.8974413710477368
real_data5_testing,noise_injection,munro_microabcess,1,DecisionTreeClassifier,1.0,1.0,1.0,1.0,1.0,1.0,1.0
real_data5_testing,noise_injection,munro_microabcess,1,RandomForestClassifier,0.9966496622614966,0.5454545454545454,0.9989915593297463,0.9572192513368986,0.9407479547671969,0.9938884644766998,0.7949828131729119
real_data5_testing,noise_injection,munro_microabcess,2,DecisionTreeClassifier,0.9998791670110743,0.8181818181818181,0.9988392884630806,0.9821746880570411,0.9944222561513674,0.996638655462185,0.9336627972821698
real_data5_testing,noise_injection,munro_microabcess,2,RandomForestClassifier,0.997875721465301,0.4242424242424241,0.9956510701673014,0.9251336898395723,0.9417668267476755,0.9877769289533994,0.6534183765419028
real_data5_testing,noise_injection,munro_microabcess,3,DecisionTreeClassifier,1.0,1.0,1.0,1.0,1.0,1.0,1.0
real_data5_testing,noise_injection,munro_microabcess,3,RandomForestClassifier,0.999536325809715,0.6969696969696969,0.9983789085374867,0.9821746880570411,0.9832083467193469,0.998472116119175,0.8616489069492007
real_data5_testing,noise_injection,munro_microabcess,4,DecisionTreeClassifier,0.999601377793011,0.7272727272727273,0.9980918124227556,0.9750445632798576,0.9890382020342898,0.9944996180290298,0.8035818168960549
real_data5_testing,noise_injection,munro_microabcess,4,RandomForestClassifier,0.9976150445437192,0.7575757575757576,0.9982419595367181,0.9821746880570411,0.9624953762750479,0.9975553857906798,0.8594729616674917
real_data5_testing,noise_injection,focal_hypergranulosis,0,DecisionTreeClassifier,0.9986474728535009,0.48484848484848475,0.997767602915432,0.8966131907308379,0.9646009344344149,0.9700534759358288,0.765604371162253
real_data5_testing,noise_injection,focal_hypergranulosis,0,RandomForestClassifier,0.9984802299940784,0.6363636363636362,0.9979165088087729,0.9536541889483067,0.957105200008897,0.9935828877005346,0.7325394144714654
real_data5_testing,noise_injection,focal_hypergranulosis,1,DecisionTreeClassifier,0.999693330267177,0.7575757575757576,0.9981930418684489,0.9572192513368986,0.9868049263228685,0.9914438502673798,0.9028256124512423
real_data5_testing,noise_injection,focal_hypergranulosis,1,RandomForestClassifier,0.9984840406844633,0.4545454545454545,0.9991103294244498,0.9607843137254903,0.9563700523836368,0.9963330786860198,0.7472232024822789
real_data5_testing,noise_injection,focal_hypergranulosis,2,DecisionTreeClassifier,0.9769399079059258,0.2424242424242422,0.9936313019023308,0.6720142602495545,0.7480322441340804,0.7802902979373566,0.6580544337018827
real_data5_testing,noise_injection,focal_hypergranulosis,2,RandomForestClassifier,0.9996495250102483,0.606060606060606,0.999483232060143,0.9607843137254903,0.9815337891820717,0.9951107715813597,0.6539336250200503
real_data5_testing,noise_injection,focal_hypergranulosis,3,DecisionTreeClassifier,0.982970148729822,0.21212121212121193,0.9757739528869701,0.7397504456327987,0.8698329280726078,0.8261268143621083,0.5474471578314173
real_data5_testing,noise_injection,focal_hypergranulosis,3,RandomForestClassifier,0.9995528272646639,0.6363636363636362,0.9985072157638203,0.9714795008912657,0.9788641260937249,0.9972498090145148,0.7636178180807424
real_data5_testing,noise_injection,focal_hypergranulosis,4,DecisionTreeClassifier,0.9805974582107606,0.121212121212121,0.9884211828257221,0.8039215686274511,0.8654228419789993,0.8957983193277311,0.5318834259969599
real_data5_testing,noise_injection,focal_hypergranulosis,4,RandomForestClassifier,0.9995508459392661,0.6969696969696969,0.9964237514364385,0.9821746880570411,0.9840314718435788,0.998472116119175,0.8220915104805396
real_data5_testing,noise_injection,disappearance_of_the_granular_layer,0,DecisionTreeClassifier,0.9723510403372047,0.2727272727272726,0.9418444850734867,0.7254901960784316,0.7396537896187355,0.8762414056531701,0.5522241425235668
real_data5_testing,noise_injection,disappearance_of_the_granular_layer,0,RandomForestClassifier,0.9950734020173273,0.2727272727272726,0.9905171150023985,0.910873440285205,0.9203610641019495,0.9822765469824292,0.6229027173421117
real_data5_testing,noise_injection,disappearance_of_the_granular_layer,1,DecisionTreeClassifier,0.9506910505028601,0.2727272727272726,0.9348294752162758,0.7860962566844921,0.7379840615131785,0.9174942704354468,0.6448714437866575
real_data5_testing,noise_injection,disappearance_of_the_granular_layer,1,RandomForestClassifier,0.9975953175537833,0.2727272727272726,0.9899385331461906,0.9429590017825313,0.946379331435036,0.9935828877005346,0.6637025015910549
real_data5_testing,noise_injection,disappearance_of_the_granular_layer,2,DecisionTreeClassifier,0.9444181811508588,0.121212121212121,0.8837523793886667,0.6327985739750447,0.62167822675649,0.790679908326967,0.46792021529725986
real_data5_testing,noise_injection,disappearance_of_the_granular_layer,2,RandomForestClassifier,0.9959880075256559,0.3939393939393938,0.9829465138676854,0.9358288770053477,0.9245858909257229,0.9893048128342246,0.6904831546134321
real_data5_testing,noise_injection,disappearance_of_the_granular_layer,3,DecisionTreeClassifier,0.9923075417911398,0.21212121212121193,0.9315442045511446,0.8146167557932265,0.8854331324932481,0.9077158135981664,0.671626324493817
real_data5_testing,noise_injection,disappearance_of_the_granular_layer,3,RandomForestClassifier,0.9964911646763225,0.36363636363636354,0.9940559561202835,0.9322638146167559,0.931388392284237,0.9893048128342246,0.6830377360748908
real_data5_testing,noise_injection,disappearance_of_the_granular_layer,4,DecisionTreeClassifier,0.9952771578199829,0.3939393939393938,0.9462782805372454,0.8538324420677362,0.9312860109753813,0.949885408708938,0.6581546482415385
real_data5_testing,noise_injection,disappearance_of_the_granular_layer,4,RandomForestClassifier,0.9989761418234998,0.515151515151515,0.9951432950337211,0.967914438502674,0.967771417356275,0.996638655462185,0.8110562354582449
real_data5_testing,noise_injection,vacuolisation_and_damage_of_basal_layer,0,DecisionTreeClassifier,1.0,1.0,1.0,1.0,1.0,1.0,1.0
real_data5_testing,noise_injection,vacuolisation_and_damage_of_basal_layer,0,RandomForestClassifier,0.9998796332977149,0.7575757575757576,0.9988841806711904,0.985739750445633,0.9921137073600331,0.9987776928953398,0.8765843486528809
real_data5_testing,noise_injection,vacuolisation_and_damage_of_basal_layer,1,DecisionTreeClassifier,0.9040106360311949,0.2727272727272726,0.9981918314418531,0.732620320855615,0.6424853525643215,0.7796791443850267,0.5556768100257491
real_data5_testing,noise_injection,vacuolisation_and_damage_of_basal_layer,1,RandomForestClassifier,0.9996074728871251,0.7272727272727273,0.999716215241332,0.9786096256684493,0.9852036265083852,0.9969442322383497,0.8292371348393726
real_data5_testing,noise_injection,vacuolisation_and_damage_of_basal_layer,2,DecisionTreeClassifier,0.9744858336917083,0.21212121212121193,0.9899052103292912,0.6114081996434939,0.7782012219945873,0.677616501145913,0.5724711969126911
real_data5_testing,noise_injection,vacuolisation_and_damage_of_basal_layer,2,RandomForestClassifier,0.9978466396959987,0.5757575757575757,0.9995190603028915,0.9643493761140822,0.9589453391319265,0.9957219251336898,0.8314993467768209
real_data5_testing,noise_injection,vacuolisation_and_damage_of_basal_layer,3,DecisionTreeClassifier,0.9806603110348254,0.09090909090909072,0.9907394365915988,0.7076648841354726,0.7805868916046097,0.7417876241405653,0.6473020912166317
real_data5_testing,noise_injection,vacuolisation_and_damage_of_basal_layer,3,RandomForestClassifier,0.9982597536981498,0.3939393939393938,0.9992007051795092,0.9429590017825313,0.9537406150886877,0.9923605805958746,0.6921026206173809
real_data5_testing,noise_injection,vacuolisation_and_damage_of_basal_layer,4,DecisionTreeClassifier,1.0,1.0,1.0,1.0,1.0,1.0,1.0
real_data5_testing,noise_injection,vacuolisation_and_damage_of_basal_layer,4,RandomForestClassifier,0.9986172326360372,0.6666666666666665,0.9988369440012335,0.967914438502674,0.9672402785021532,0.9957219251336898,0.8178171994410226
real_data5_testing,noise_injection,spongiosis,0,DecisionTreeClassifier,0.9522554172040032,0.21212121212121193,0.9708897689138999,0.6898395721925134,0.6866388112237733,0.8517952635599694,0.6486571719821608
real_data5_testing,noise_injection,spongiosis,0,RandomForestClassifier,0.9948705611350223,0.3939393939393938,0.9939829799463503,0.8894830659536542,0.9010717584635969,0.9728036669213138,0.664835407194079
real_data5_testing,noise_injection,spongiosis,1,DecisionTreeClassifier,0.977503217899037,0.121212121212121,0.9517829181368654,0.6934046345811052,0.765383151042213,0.8297937356760886,0.5243256469070756
real_data5_testing,noise_injection,spongiosis,1,RandomForestClassifier,0.9993412347177827,0.4545454545454545,0.9944546846450173,0.9643493761140822,0.9741933873312949,0.9963330786860198,0.6946880503553495
real_data5_testing,noise_injection,spongiosis,2,DecisionTreeClassifier,0.9827001895192456,0.3939393939393938,0.9646035240818057,0.7789661319073085,0.8266768984172868,0.8896867838044309,0.612035527281989
real_data5_testing,noise_injection,spongiosis,2,RandomForestClassifier,0.9990547835291576,0.606060606060606,0.9920139172788175,0.9572192513368986,0.9682245716365352,0.9941940412528646,0.8429558863815155
real_data5_testing,noise_injection,spongiosis,3,DecisionTreeClassifier,0.9217026381134686,0.18181818181818166,0.9450662911157278,0.6185383244206775,0.5322705599368261,0.7757066462948815,0.5753080550949737
real_data5_testing,noise_injection,spongiosis,3,RandomForestClassifier,0.9982454717138542,0.2424242424242422,0.9787661893044575,0.9144385026737969,0.9419165166053834,0.9877769289533994,0.674425351697118
real_data5_testing,noise_injection,spongiosis,4,DecisionTreeClassifier,0.9253850298460949,0.18181818181818166,0.9664380737370855,0.7254901960784316,0.4969928330640977,0.841405653170359,0.6032365520113598
real_data5_testing,noise_injection,spongiosis,4,RandomForestClassifier,0.9985390694279036,0.4545454545454545,0.9888434072877554,0.9465240641711232,0.956245549739914,0.9932773109243698,0.6634021936980348
real_data5_testing,noise_injection,saw-tooth_appearance_of_retes,0,DecisionTreeClassifier,0.9855862402082373,0.18181818181818166,0.9827054580122383,0.7647058823529413,0.8810837583413973,0.8496562261268144,0.5629446588753672
real_data5_testing,noise_injection,saw-tooth_appearance_of_retes,0,RandomForestClassifier,0.999582300470908,0.6666666666666665,0.9984361887782018,0.9714795008912657,0.9809261314799747,0.9969442322383497,0.7788539074460592
real_data5_testing,noise_injection,saw-tooth_appearance_of_retes,1,DecisionTreeClassifier,1.0,1.0,1.0,1.0,1.0,1.0,1.0
real_data5_testing,noise_injection,saw-tooth_appearance_of_retes,1,RandomForestClassifier,0.9977031291427482,0.5757575757575757,0.9982352802262454,0.9643493761140822,0.9566305903898229,0.9944996180290298,0.7813393143262419
real_data5_testing,noise_injection,saw-tooth_appearance_of_retes,2,DecisionTreeClassifier,0.9831681932261768,0.2727272727272726,0.9929245773302081,0.7076648841354726,0.8533016926705428,0.8163483575248279,0.5928350723514206
real_data5_testing,noise_injection,saw-tooth_appearance_of_retes,2,RandomForestClassifier,0.9998851982075126,0.7878787878787878,0.9991169274233949,0.985739750445633,0.9928197287503207,0.998472116119175,0.8041392398588874
real_data5_testing,noise_injection,saw-tooth_appearance_of_retes,3,DecisionTreeClassifier,0.9270682561054197,0.21212121212121193,0.9868231079811579,0.47237076648841364,0.6052340828811482,0.5281894576012223,0.5765708068611489
real_data5_testing,noise_injection,saw-tooth_appearance_of_retes,3,RandomForestClassifier,0.9997978859863483,0.8181818181818181,0.9991395760562845,0.985739750445633,0.991505718416779,0.9981665393430098,0.9455950676010871
real_data5_testing,noise_injection,saw-tooth_appearance_of_retes,4,DecisionTreeClassifier,0.9113559442282538,0.030303030303030054,0.9815634699893615,0.7575757575757577,0.687073083564179,0.8062643239113826,0.5364564606282464
real_data5_testing,noise_injection,saw-tooth_appearance_of_retes,4,RandomForestClassifier,0.9996018230288971,0.7272727272727273,0.9981300541826396,0.9821746880570411,0.9862510824589227,0.9981665393430098,0.8579590553509789
real_data5_testing,noise_injection,follicular_horn_plug,0,DecisionTreeClassifier,0.9999454106803263,0.8787878787878788,0.9948185047678539,0.9893048128342247,0.9970013333552967,0.9981665393430098,0.8635932510556169
real_data5_testing,noise_injection,follicular_horn_plug,0,RandomForestClassifier,0.9967306721670829,0.4545454545454545,0.9978411188875126,0.9393939393939396,0.9360020237610225,0.9908326967150496,0.7481198096813543
real_data5_testing,noise_injection,follicular_horn_plug,1,DecisionTreeClassifier,1.0,1.0,1.0,1.0,1.0,1.0,1.0
real_data5_testing,noise_injection,follicular_horn_plug,1,RandomForestClassifier,0.9944089461727188,0.4545454545454545,0.9966861550106546,0.9393939393939396,0.9192989786806677,0.9899159663865545,0.6823161596436987
real_data5_testing,noise_injection,follicular_horn_plug,2,DecisionTreeClassifier,0.987087121639292,0.33333333333333315,0.9476863244214063,0.7040998217468807,0.8735848723160486,0.7787624140565317,0.6634351684230012
real_data5_testing,noise_injection,follicular_horn_plug,2,RandomForestClassifier,0.9930490641965166,0.4242424242424241,0.997830813576641,0.9465240641711232,0.91639402225229,0.9917494270435445,0.7374597099153526
real_data5_testing,noise_injection,follicular_horn_plug,3,DecisionTreeClassifier,1.0,1.0,1.0,1.0,1.0,1.0,1.0
real_data5_testing,noise_injection,follicular_horn_plug,3,RandomForestClassifier,0.997158494665902,0.6363636363636362,0.9974275433344005,0.9429590017825313,0.9376655790896755,0.9902215431627196,0.7987531776056516
real_data5_testing,noise_injection,follicular_horn_plug,4,DecisionTreeClassifier,1.0,1.0,1.0,1.0,1.0,1.0,1.0
real_data5_testing,noise_injection,follicular_horn_plug,4,RandomForestClassifier,0.999635096108578,0.6666666666666665,0.9971305611032729,0.9607843137254903,0.9822349838872786,0.9941940412528646,0.8406732018076742
real_data5_testing,noise_injection,perifollicular_parakeratosis,0,DecisionTreeClassifier,1.0,1.0,1.0,1.0,1.0,1.0,1.0
real_data5_testing,noise_injection,perifollicular_parakeratosis,0,RandomForestClassifier,0.9999138362788571,0.7272727272727273,0.999403783685313,0.9821746880570411,0.9932128692709609,0.9981665393430098,0.8817141564206592
real_data5_testing,noise_injection,perifollicular_parakeratosis,1,DecisionTreeClassifier,1.0,1.0,1.0,1.0,1.0,1.0,1.0
real_data5_testing,noise_injection,perifollicular_parakeratosis,1,RandomForestClassifier,0.9986792424094467,0.48484848484848475,0.9990528324154739,0.9429590017825313,0.9570294680288214,0.9914438502673798,0.6851439116785017
real_data5_testing,noise_injection,perifollicular_parakeratosis,2,DecisionTreeClassifier,1.0,1.0,1.0,1.0,1.0,1.0,1.0
real_data5_testing,noise_injection,perifollicular_parakeratosis,2,RandomForestClassifier,0.9889925916832597,0.4242424242424241,0.9990863530142027,0.928698752228164,0.8916971973835657,0.9899159663865545,0.7460875483731362
real_data5_testing,noise_injection,perifollicular_parakeratosis,3,DecisionTreeClassifier,1.0,1.0,1.0,1.0,1.0,1.0,1.0
real_data5_testing,noise_injection,perifollicular_parakeratosis,3,RandomForestClassifier,0.9997148789011995,0.7272727272727273,0.9986802371237666,0.9714795008912657,0.9861779578140556,0.9954163483575248,0.9221275925302971
real_data5_testing,noise_injection,perifollicular_parakeratosis,4,DecisionTreeClassifier,1.0,1.0,1.0,1.0,1.0,1.0,1.0
real_data5_testing,noise_injection,perifollicular_parakeratosis,4,RandomForestClassifier,0.9992765013060111,0.3939393939393938,0.9992300231196577,0.9393939393939396,0.9680817589433043,0.9911382734912146,0.5841635310711765
real_data5_testing,noise_injection,inflammatory_monoluclear_inflitrate,0,DecisionTreeClassifier,0.9760091760167778,0.15151515151515138,0.8486000027268724,0.6327985739750447,0.7334035798846128,0.8114591291061878,0.6079002954532798
real_data5_testing,noise_injection,inflammatory_monoluclear_inflitrate,0,RandomForestClassifier,0.9979538280569935,0.30303030303030287,0.9770107868155934,0.928698752228164,0.9458945599547885,0.9880825057295646,0.6239013915201892
real_data5_testing,noise_injection,inflammatory_monoluclear_inflitrate,1,DecisionTreeClassifier,0.9264722881928008,-2.220446049250313e-16,0.8230656458445504,0.5115864527629235,0.4855166028492527,0.7054239877769289,0.47699562759374603
real_data5_testing,noise_injection,inflammatory_monoluclear_inflitrate,1,RandomForestClassifier,0.99492237683147,0.36363636363636354,0.9920672354926057,0.928698752228164,0.9314726071648608,0.9880825057295646,0.7050765859724643
real_data5_testing,noise_injection,inflammatory_monoluclear_inflitrate,2,DecisionTreeClassifier,0.9314513626823352,-2.220446049250313e-16,0.8444422430134548,0.5294117647058825,0.39614330383319113,0.6751718869365927,0.5303950469045157
real_data5_testing,noise_injection,inflammatory_monoluclear_inflitrate,2,RandomForestClassifier,0.9996538322728575,0.515151515151515,0.9887485663245248,0.9607843137254903,0.9816714763948495,0.9948051948051948,0.730856866394853
real_data5_testing,noise_injection,inflammatory_monoluclear_inflitrate,3,DecisionTreeClassifier,0.8624937773165475,-2.220446049250313e-16,0.5594700706494068,0.17290552584670232,0.1245914084503524,0.25989304812834224,0.5055598494563298
real_data5_testing,noise_injection,inflammatory_monoluclear_inflitrate,3,RandomForestClassifier,0.9990100029022511,0.33333333333333315,0.9734774036884054,0.928698752228164,0.9600586598376488,0.9893048128342246,0.6356725230138622
real_data5_testing,noise_injection,inflammatory_monoluclear_inflitrate,4,DecisionTreeClassifier,0.9398017952100656,0.09090909090909072,0.5314394566839844,0.5650623885918004,0.5598737819788776,0.7674560733384262,0.6567259277378268
real_data5_testing,noise_injection,inflammatory_monoluclear_inflitrate,4,RandomForestClassifier,0.997045622514945,0.48484848484848475,0.991800531648579,0.9465240641711232,0.9498074885435364,0.9905271199388846,0.7425249842567423
real_data5_testing,noise_injection,band-like_infiltrate,0,DecisionTreeClassifier,0.9980209886459916,0.606060606060606,0.9997432425349743,0.9572192513368986,0.9787553942975169,0.976165011459129,0.7621647216903701
real_data5_testing,noise_injection,band-like_infiltrate,0,RandomForestClassifier,0.9997032041987175,0.6969696969696969,0.9990638402768488,0.9821746880570411,0.9866443338043493,0.998472116119175,0.875451226428062
real_data5_testing,noise_injection,band-like_infiltrate,1,DecisionTreeClassifier,0.9771310897812912,0.4545454545454545,0.9930487755920946,0.7682709447415331,0.8477468179521617,0.8044308632543926,0.6693111138166565
real_data5_testing,noise_injection,band-like_infiltrate,1,RandomForestClassifier,0.9997355335820178,0.7575757575757576,0.9996446275706178,0.9750445632798576,0.9866950187527659,0.9969442322383497,0.84342242859507
real_data5_testing,noise_injection,band-like_infiltrate,2,DecisionTreeClassifier,0.992104470991547,0.6969696969696969,0.9972252961741784,0.8288770053475937,0.9111813779107635,0.8924369747899159,0.888909772830982
real_data5_testing,noise_injection,band-like_infiltrate,2,RandomForestClassifier,0.9989336139700511,0.7272727272727273,0.9990159684050324,0.9607843137254903,0.9668076024581091,0.9944996180290298,0.8951463802307152
real_data5_testing,noise_injection,band-like_infiltrate,3,DecisionTreeClassifier,0.9249114986938816,0.121212121212121,0.9959145434353484,0.6541889483065955,0.6608946738651884,0.7653170359052711,0.6078561700827311
real_data5_testing,noise_injection,band-like_infiltrate,3,RandomForestClassifier,0.9990390523567777,0.6969696969696969,0.9996343091353752,0.9714795008912657,0.9731069524678154,0.9963330786860198,0.8007917566881123
real_data5_testing,noise_injection,band-like_infiltrate,4,DecisionTreeClassifier,0.992433406050341,0.18181818181818166,0.9926364182451279,0.8752228163992871,0.9079699999267754,0.8915202444614209,0.5878077184153704
real_data5_testing,noise_injection,band-like_infiltrate,4,RandomForestClassifier,0.9983884825090827,0.5454545454545454,0.9986636888093084,0.9643493761140822,0.9664554853371904,0.9941940412528646,0.8099925760532914
real_data5_testing,noise_injection,class,0,DecisionTreeClassifier,0.9936739964095068,0.3939393939393938,0.9994534222952141,0.8538324420677362,0.9134392222141204,0.9184110007639419,0.6879012745697061
real_data5_testing,noise_injection,class,0,RandomForestClassifier,0.9996088192500802,0.7272727272727273,0.9985580583141419,0.9750445632798576,0.9829460686671873,0.9972498090145148,0.8999168472658869
real_data5_testing,noise_injection,class,1,DecisionTreeClassifier,0.9973921924554712,0.6363636363636362,0.9966347642047328,0.8787878787878789,0.9515685953263907,0.948357524828113,0.7205524567905701
real_data5_testing,noise_injection,class,1,RandomForestClassifier,0.9985631460449119,0.48484848484848475,0.9983127681285662,0.9607843137254903,0.9623360068053222,0.9951107715813597,0.7598828413622686
real_data5_testing,noise_injection,class,2,DecisionTreeClassifier,1.0,1.0,1.0,1.0,1.0,1.0,1.0
real_data5_testing,noise_injection,class,2,RandomForestClassifier,0.9993202309899032,0.6666666666666665,0.9988737435321141,0.9714795008912657,0.9746231509840388,0.9969442322383497,0.79317981201305
real_data5_testing,noise_injection,class,3,DecisionTreeClassifier,0.9895291776867239,0.48484848484848475,0.9981217020614584,0.8003565062388593,0.8774376676350237,0.8844919786096257,0.8058819176777794
real_data5_testing,noise_injection,class,3,RandomForestClassifier,0.9993919392898369,0.515151515151515,0.9975337564608092,0.9607843137254903,0.9744921243348705,0.9957219251336898,0.6269411626642349
real_data5_testing,noise_injection,class,4,DecisionTreeClassifier,1.0,1.0,1.0,1.0,1.0,1.0,1.0
real_data5_testing,noise_injection,class,4,RandomForestClassifier,0.9984624734830726,0.4545454545454545,0.9976549986107137,0.9536541889483067,0.9576546793096177,0.9935828877005346,0.8162479596164909
real_data5_testing,category_flip,Age_linear,0,LinearRegression,0.9070624125155027,-2.220446049250313e-16,0.46557195698985565,0.4402852049910874,0.40982103618589316,0.5758594346829641,0.5241119741560355
real_data5_testing,category_flip,Age_linear,0,RandomForestRegressor,0.9909495007823591,0.121212121212121,0.10280081110855721,0.8288770053475937,0.8590887375307382,0.9523300229182582,0.6319980824810498
real_data5_testing,category_flip,Age_linear,1,LinearRegression,0.9171419076959878,-0.030303030303030498,0.5170254532271195,0.33333333333333337,0.32061327653014954,0.4517952635599694,0.5013680447107816
real_data5_testing,category_flip,Age_linear,1,RandomForestRegressor,0.984267876294966,0.18181818181818166,-0.04185022817158379,0.8502673796791445,0.8378783846234237,0.9602750190985484,0.569476541879328
real_data5_testing,category_flip,Age_linear,2,LinearRegression,0.9611306759489983,0.030303030303030054,0.5896348234890271,0.6007130124777185,0.6364326751021718,0.7708174178762414,0.5190928735728497
real_data5_testing,category_flip,Age_linear,2,RandomForestRegressor,0.9900573580195177,0.121212121212121,0.34854048700514173,0.8181818181818183,0.8515927482977496,0.9416348357524826,0.6117912254539315
real_data5_testing,category_flip,Age_linear,3,LinearRegression,0.8309257477364985,0.030303030303030054,0.4987144463553085,0.15864527629233513,0.03182735960772592,0.24400305576776166,0.6009913535386118
real_data5_testing,category_flip,Age_linear,3,RandomForestRegressor,0.9908171201668252,0.121212121212121,-0.14646103375206354,0.7789661319073085,0.8555873350854815,0.9025210084033612,0.5860658060351859
real_data5_testing,category_flip,Age_linear,4,LinearRegression,0.8929507275364575,0.15151515151515138,0.1997364317080228,0.26559714795008915,0.15601378873480287,0.3524828113063407,0.5235827068295915
real_data5_testing,category_flip,Age_linear,4,RandomForestRegressor,0.9675368643727607,0.2727272727272726,0.22652939922777826,0.7825311942959003,0.7379927835152311,0.9138273491214667,0.6396508287009808
real_data5_testing,category_flip,erythema,0,DecisionTreeClassifier,0.9076263715056593,0.09090909090909072,0.4817417175827028,0.4081996434937612,0.3999029543269056,0.5871657754010694,0.5078405650032504
real_data5_testing,category_flip,erythema,0,RandomForestClassifier,0.990529133749594,0.21212121212121193,0.950992461765176,0.8288770053475937,0.8556217900983452,0.9584415584415584,0.6911364952493012
real_data5_testing,category_flip,erythema,1,DecisionTreeClassifier,0.8932175530691343,0.030303030303030054,0.6349079078706201,0.322638146167558,0.2813889328221518,0.4615737203972498,0.625125886390399
real_data5_testing,category_flip,erythema,1,RandomForestClassifier,0.9904545599941187,0.30303030303030287,0.9668724543980092,0.8609625668449199,0.8636741097330369,0.9709702062643238,0.7242062373362063
real_data5_testing,category_flip,erythema,2,DecisionTreeClassifier,0.9175486591356113,0.030303030303030054,0.4522251398731334,0.36898395721925137,0.41939407974016824,0.5003819709702062,0.5555102632342293
real_data5_testing,category_flip,erythema,2,RandomForestClassifier,0.9950639617080383,0.18181818181818166,0.9327193182134981,0.8467023172905528,0.9038468457265557,0.9602750190985484,0.5838790091340761
real_data5_testing,category_flip,erythema,3,DecisionTreeClassifier,0.9402561863175681,0.06060606060606044,0.3373711921449397,0.447415329768271,0.5117230685809061,0.6339190221543162,0.6306243857146372
real_data5_testing,category_flip,erythema,3,RandomForestClassifier,0.995029408685751,0.15151515151515138,0.9325798698657934,0.8360071301247772,0.8953713668422801,0.9633307868601986,0.652160790423714
real_data5_testing,category_flip,erythema,4,DecisionTreeClassifier,0.8611598041609615,0.030303030303030054,0.35393174150975704,0.17647058823529416,0.19326201571450835,0.2430863254392666,0.559145400724529
real_data5_testing,category_flip,erythema,4,RandomForestClassifier,0.9900049423584782,0.21212121212121193,0.9639782589278868,0.8431372549019609,0.8620710176256291,0.9584415584415584,0.6560492642483609
real_data5_testing,category_flip,scaling,0,DecisionTreeClassifier,0.8985864520950408,-2.220446049250313e-16,0.546992446238,0.4081996434937612,0.3508959927646637,0.5770817417876241,0.4720084215526487
real_data5_testing,category_flip,scaling,0,RandomForestClassifier,0.9973338129205012,0.2424242424242422,0.9026285007404067,0.8930481283422461,0.9309363094912206,0.977081741787624,0.7512681612531347
real_data5_testing,category_flip,scaling,1,DecisionTreeClassifier,0.9645723873374704,0.121212121212121,0.49975431845669294,0.49019607843137264,0.6771639777698133,0.6430863254392665,0.5281605468611208
real_data5_testing,category_flip,scaling,1,RandomForestClassifier,0.9834987909637449,0.18181818181818166,0.9470271444461204,0.8324420677361855,0.8185652285101828,0.9541634835752483,0.7868207382577055
real_data5_testing,category_flip,scaling,2,DecisionTreeClassifier,0.9552567510899439,-0.030303030303030498,0.7421393987001037,0.5329768270944742,0.5369057204411801,0.7170359052711993,0.46040563788377825
real_data5_testing,category_flip,scaling,2,RandomForestClassifier,0.991253288922983,0.2424242424242422,0.9394876272430048,0.8538324420677362,0.8797756505029717,0.9636363636363636,0.6753888214998207
real_data5_testing,category_flip,scaling,3,DecisionTreeClassifier,0.9242596477672641,0.09090909090909072,0.7505630739021554,0.36541889483065954,0.2883692887455705,0.4786860198624904,0.7121395012366034
real_data5_testing,category_flip,scaling,3,RandomForestClassifier,0.9906078774301905,0.15151515151515138,0.9472410257119661,0.8217468805704101,0.8507846569791864,0.9538579067990832,0.7260163788222574
real_data5_testing,category_flip,scaling,4,DecisionTreeClassifier,0.9112561187075339,0.030303030303030054,0.30474275863808986,0.33689839572192515,0.3815469058330353,0.46890756302521003,0.4951087451281091
real_data5_testing,category_flip,scaling,4,RandomForestClassifier,0.9920632811149993,0.09090909090909072,0.8591321107499701,0.7932263814616757,0.862286714852408,0.9343009931245224,0.5445735490148255
real_data5_testing,category_flip,definite_borders,0,DecisionTreeClassifier,0.9465765448233971,0.06060606060606044,0.6139965326140966,0.518716577540107,0.5138155718322318,0.6592818945760122,0.6663576008525506
real_data5_testing,category_flip,definite_borders,0,RandomForestClassifier,0.9938268319646324,0.2424242424242422,0.956119796888235,0.8645276292335118,0.8908130776953953,0.9666921313980136,0.6652559862781979
real_data5_testing,category_flip,definite_borders,1,DecisionTreeClassifier,0.9413425995455709,0.06060606060606044,0.5893133739294694,0.4688057040998218,0.5344616004746926,0.6482811306340718,0.5118767252829539
real_data5_testing,category_flip,definite_borders,1,RandomForestClassifier,0.9930406219777804,0.09090909090909072,0.9376522352350697,0.8502673796791445,0.8790898450296509,0.9639419404125286,0.5370231565644046
real_data5_testing,category_flip,definite_borders,2,DecisionTreeClassifier,0.8903238410070554,0.030303030303030054,0.042464991943722996,0.2976827094474154,0.22567850336501916,0.42398777692895334,0.5965447974860835
real_data5_testing,category_flip,definite_borders,2,RandomForestClassifier,0.9916059326525599,0.2727272727272726,0.9592087440287688,0.8645276292335118,0.8764894524250693,0.9590527119938884,0.6332022771799972
real_data5_testing,category_flip,definite_borders,3,DecisionTreeClassifier,0.9443200387923122,0.121212121212121,0.6383253949629466,0.4367201426024956,0.5295529285318858,0.5993888464476699,0.640323363239593
real_data5_testing,category_flip,definite_borders,3,RandomForestClassifier,0.9909243996344855,0.15151515151515138,0.9376360905776526,0.8716577540106952,0.8773508802307968,0.9718869365928188,0.6300456897587037
real_data5_testing,category_flip,definite_borders,4,DecisionTreeClassifier,0.975721669372313,0.18181818181818166,-0.15896555608843177,0.5650623885918004,0.7006734371217289,0.7442322383498854,0.6324031125360833
real_data5_testing,category_flip,definite_borders,4,RandomForestClassifier,0.9936325219618741,0.21212121212121193,0.9335253688587383,0.8645276292335118,0.8952917341960855,0.9663865546218486,0.5124824501393921
real_data5_testing,category_flip,itching,0,DecisionTreeClassifier,0.9718379819291324,0.09090909090909072,0.7772722870590019,0.6363636363636365,0.6917929829778434,0.8374331550802138,0.5482773722576161
real_data5_testing,category_flip,itching,0,RandomForestClassifier,0.9910699671814455,0.21212121212121193,0.9703121609849562,0.8395721925133691,0.8619781395458559,0.9550802139037432,0.7594114885085906
real_data5_testing,category_flip,itching,1,DecisionTreeClassifier,0.956931931921765,0.030303030303030054,0.5568928496031802,0.5793226381461677,0.6606147927415371,0.733842627960275,0.5627312075802633
real_data5_testing,category_flip,itching,1,RandomForestClassifier,0.9908709991934926,0.18181818181818166,0.9632955241614285,0.8502673796791445,0.861089015874344,0.9633307868601986,0.7060767504804772
real_data5_testing,category_flip,itching,2,DecisionTreeClassifier,0.9228153101589135,0.06060606060606044,0.5366816294831576,0.376114081996435,0.27344072152835996,0.521772345301757,0.47836072832773396
real_data5_testing,category_flip,itching,2,RandomForestClassifier,0.9898470206172578,0.06060606060606044,0.9345701504088393,0.8217468805704101,0.8493022778098811,0.952635599694423,0.5242466340539031
real_data5_testing,category_flip,itching,3,DecisionTreeClassifier,0.9665166873444822,0.06060606060606044,0.5662328051826873,0.5151515151515151,0.6622687916665742,0.6797555385790679,0.5718767807654723
real_data5_testing,category_flip,itching,3,RandomForestClassifier,0.9898156531216761,0.21212121212121193,0.9498646404669131,0.8360071301247772,0.8575471362626816,0.9538579067990832,0.5690702134598361
real_data5_testing,category_flip,itching,4,DecisionTreeClassifier,0.9762535540396544,0.121212121212121,0.7128882099884492,0.6114081996434939,0.7411289558923155,0.7964858670741023,0.5491896677452769
real_data5_testing,category_flip,itching,4,RandomForestClassifier,0.9942546662017203,0.18181818181818166,0.9531505086131836,0.8645276292335118,0.8910907874299019,0.9676088617265086,0.6347548813305849
real_data5_testing,category_flip,koebner_phenomenon,0,DecisionTreeClassifier,0.8529826016725319,0.030303030303030054,0.026627441746284508,0.21925133689839574,0.14382195212825247,0.3387318563789152,0.5097414116799367
real_data5_testing,category_flip,koebner_phenomenon,0,RandomForestClassifier,0.993957186304931,0.33333333333333315,0.9031333249630471,0.7825311942959003,0.8940833359205891,0.9171886936592818,0.6611509796039557
real_data5_testing,category_flip,koebner_phenomenon,1,DecisionTreeClassifier,0.9494967920253357,0.09090909090909072,0.5062936415587387,0.4010695187165776,0.5300240666921364,0.5388846447669977,0.5300769597682456
real_data5_testing,category_flip,koebner_phenomenon,1,RandomForestClassifier,0.9914928359154473,0.30303030303030287,0.9283745271581233,0.8003565062388593,0.873463005016001,0.9303284950343774,0.7888547536840631
real_data5_testing,category_flip,koebner_phenomenon,2,DecisionTreeClassifier,0.906385603492859,0.06060606060606044,0.41890218141564883,0.4402852049910874,0.32644491861947583,0.5254392666157373,0.5127103597932867
real_data5_testing,category_flip,koebner_phenomenon,2,RandomForestClassifier,0.9854704218664706,0.2727272727272726,0.9023456653874938,0.7254901960784316,0.8231372583535106,0.8799083269671505,0.5739656196432689
real_data5_testing,category_flip,koebner_phenomenon,3,DecisionTreeClassifier,0.8309466458556244,0.21212121212121193,0.3360276153074939,0.3475935828877006,0.17276461336833915,0.43254392666157376,0.5877611353359425
real_data5_testing,category_flip,koebner_phenomenon,3,RandomForestClassifier,0.9848870298144405,0.06060606060606044,0.898055455402279,0.7183600713012479,0.7949646509400359,0.8805194805194805,0.455004500028831
real_data5_testing,category_flip,koebner_phenomenon,4,DecisionTreeClassifier,0.8810231204400458,0.030303030303030054,-0.11514794356288682,0.15864527629233513,0.16946575300099953,0.23300229182582122,0.5032433852035051
real_data5_testing,category_flip,koebner_phenomenon,4,RandomForestClassifier,0.9851027974544488,0.18181818181818166,0.9062140969092369,0.714795008912656,0.8085005811239645,0.8759358288770053,0.6326572244331286
real_data5_testing,category_flip,polygonal_papules,0,DecisionTreeClassifier,0.9645959193302113,-2.220446049250313e-16,0.8820890946483636,0.5080213903743316,0.4931000590067657,0.5666921313980137,0.5525413743669484
real_data5_testing,category_flip,polygonal_papules,0,RandomForestClassifier,0.9937362232948294,0.15151515151515138,0.913654856806555,0.8609625668449199,0.8808906460052743,0.9718869365928188,0.5909509622467936
real_data5_testing,category_flip,polygonal_papules,1,DecisionTreeClassifier,0.9142448328227268,0.06060606060606044,-0.6302189551941362,0.41532976827094475,0.5781017703117751,0.4255156608097784,0.5239737358576695
real_data5_testing,category_flip,polygonal_papules,1,RandomForestClassifier,0.9887492582078914,0.15151515151515138,0.9001143197539835,0.8716577540106952,0.8658971066845897,0.9724980901451488,0.6015821184528404
real_data5_testing,category_flip,polygonal_papules,2,DecisionTreeClassifier,0.9648904993130529,0.09090909090909072,-0.6072780943354412,0.47593582887700536,0.702043703125092,0.5889992360580596,0.5416871518790397
real_data5_testing,category_flip,polygonal_papules,2,RandomForestClassifier,0.9888351443544886,0.121212121212121,0.9452602432557069,0.8680926916221036,0.8378697328111326,0.9715813598166538,0.566335714038509
real_data5_testing,category_flip,polygonal_papules,3,DecisionTreeClassifier,0.9095278690029153,0.06060606060606044,-0.6905445405986956,0.4081996434937612,0.5820079591745009,0.43682200152788386,0.5756041515969793
real_data5_testing,category_flip,polygonal_papules,3,RandomForestClassifier,0.9922216512419183,0.121212121212121,0.9487286636977367,0.8573975044563281,0.8684324554164834,0.9691367456073338,0.6372317172274963
real_data5_testing,category_flip,polygonal_papules,4,DecisionTreeClassifier,0.9399525112646364,0.2727272727272726,-0.5488193982276888,0.5436720142602497,0.6766407536708794,0.6152788388082505,0.6686498118268583
real_data5_testing,category_flip,polygonal_papules,4,RandomForestClassifier,0.9933759652322487,0.121212121212121,0.9375369279074006,0.8787878787878789,0.8818121441940414,0.977692895339954,0.5932644520565292
real_data5_testing,category_flip,follicular_papules,0,DecisionTreeClassifier,0.8904776075315617,0.030303030303030054,-0.42872685934416577,0.27272727272727276,0.38938316752171176,0.32161955691367455,0.5953500188925107
real_data5_testing,category_flip,follicular_papules,0,RandomForestClassifier,0.9960701976869568,0.18181818181818166,0.9780505323103795,0.8645276292335118,0.9104169988684062,0.9685255920550038,0.6593687251013407
real_data5_testing,category_flip,follicular_papules,1,DecisionTreeClassifier,0.9331121968928876,0.06060606060606044,-0.6586571602975928,0.30837789661319076,0.5701730370087422,0.37173414820473644,0.6619220136784224
real_data5_testing,category_flip,follicular_papules,1,RandomForestClassifier,0.9894774583004594,0.09090909090909072,0.8902111515880698,0.8110516934046347,0.8690211206136724,0.9391902215431627,0.6468457896701938
real_data5_testing,category_flip,follicular_papules,2,DecisionTreeClassifier,0.8800235571496916,0.06060606060606044,-0.3845255511745993,0.31194295900178254,0.27777960748381925,0.3436210847975554,0.556446269556408
real_data5_testing,category_flip,follicular_papules,2,RandomForestClassifier,0.9824536834275576,0.121212121212121,0.935232822523369,0.7718360071301248,0.7617198533203668,0.9294117647058823,0.6598419597050017
real_data5_testing,category_flip,follicular_papules,3,DecisionTreeClassifier,0.9231394260559612,0.30303030303030287,-0.6868464567241492,0.47593582887700536,0.4742145952495043,0.5346065699006874,0.6466648235543833
real_data5_testing,category_flip,follicular_papules,3,RandomForestClassifier,0.9801051496735281,0.09090909090909072,0.962674147796158,0.7860962566844921,0.7418032920905125,0.9440794499618028,0.682111819579859
real_data5_testing,category_flip,follicular_papules,4,DecisionTreeClassifier,0.9332985065437814,-2.220446049250313e-16,-0.45451086570430443,0.304812834224599,0.4492196834247003,0.38273491214667676,0.4495322546592183
real_data5_testing,category_flip,follicular_papules,4,RandomForestClassifier,0.9860784202723213,0.030303030303030054,0.917267943885887,0.7789661319073085,0.7991834246370922,0.9333842627960275,0.6299863449793726
real_data5_testing,category_flip,oral_mucosal_involvement,0,DecisionTreeClassifier,0.9606839624649359,0.030303030303030054,-0.6625527455893891,0.40463458110516937,0.599619088692533,0.5028265851795264,0.4872855634192212
real_data5_testing,category_flip,oral_mucosal_involvement,0,RandomForestClassifier,0.9891553169338237,0.09090909090909072,0.9477402593516602,0.8502673796791445,0.8414042266998107,0.9611917494270434,0.5603622373781403
real_data5_testing,category_flip,oral_mucosal_involvement,1,DecisionTreeClassifier,0.957041184891039,0.2727272727272726,0.8899356411415646,0.48306595365418903,0.6890070026891243,0.5703590527119938,0.6772015529225314
real_data5_testing,category_flip,oral_mucosal_involvement,1,RandomForestClassifier,0.9887916685736261,0.18181818181818166,0.9307953768753683,0.8645276292335118,0.8436264285783446,0.9636363636363636,0.6030480855298622
real_data5_testing,category_flip,oral_mucosal_involvement,2,DecisionTreeClassifier,0.9694017080371242,0.18181818181818166,-0.5774807617723219,0.5151515151515151,0.725065166303053,0.626585179526356,0.5722257981139581
real_data5_testing,category_flip,oral_mucosal_involvement,2,RandomForestClassifier,0.9906020570577162,0.06060606060606044,0.9482643784171042,0.8680926916221036,0.870657725962428,0.9694423223834988,0.5690054424594628
real_data5_testing,category_flip,oral_mucosal_involvement,3,DecisionTreeClassifier,0.9617131657821806,0.15151515151515138,-0.768481871597007,0.4188948306595366,0.6845929895996127,0.5165775401069518,0.5993912994699628
real_data5_testing,category_flip,oral_mucosal_involvement,3,RandomForestClassifier,0.9831451301670817,0.21212121212121193,0.906471023834231,0.8253119429590019,0.8058996667435089,0.951413292589763,0.5192811645201353
real_data5_testing,category_flip,oral_mucosal_involvement,4,DecisionTreeClassifier,0.9291942800372333,0.2424242424242422,-0.6333195137970955,0.3475935828877006,0.5418823426774128,0.3714285714285714,0.5600443458981
real_data5_testing,category_flip,oral_mucosal_involvement,4,RandomForestClassifier,0.9892711707635301,0.15151515151515138,0.8583112521572518,0.8467023172905528,0.8505586457422631,0.9673032849503436,0.6343567184745463
real_data5_testing,category_flip,knee_and_elbow_involvement,0,DecisionTreeClassifier,0.937970007704684,0.21212121212121193,0.8372582440282603,0.4260249554367202,0.49294318042628604,0.5682200152788388,0.6376687815312229
real_data5_testing,category_flip,knee_and_elbow_involvement,0,RandomForestClassifier,0.9823180603168349,0.030303030303030054,0.9320502468503886,0.8110516934046347,0.7931007236305114,0.9529411764705882,0.6092411400994159
real_data5_testing,category_flip,knee_and_elbow_involvement,1,DecisionTreeClassifier,0.9506589850127442,-0.030303030303030498,-0.16763327953160068,0.41532976827094475,0.5082356096257534,0.5401069518716577,0.5508283906585167
real_data5_testing,category_flip,knee_and_elbow_involvement,1,RandomForestClassifier,0.9873498526998288,0.06060606060606044,0.9194784824434855,0.8217468805704101,0.8323348090911842,0.9511077158135982,0.6656010464547303
real_data5_testing,category_flip,knee_and_elbow_involvement,2,DecisionTreeClassifier,0.9407370423438225,0.030303030303030054,-0.27400299235703596,0.322638146167558,0.44369680221883007,0.43896103896103894,0.5719723394075962
real_data5_testing,category_flip,knee_and_elbow_involvement,2,RandomForestClassifier,0.9855300786267106,0.15151515151515138,0.8668321186942058,0.7825311942959003,0.8210506543036873,0.9229946524064171,0.5679389113438781
real_data5_testing,category_flip,knee_and_elbow_involvement,3,DecisionTreeClassifier,0.9454602165948123,0.09090909090909072,0.8062588237351254,0.47593582887700536,0.6004573689020676,0.6427807486631015,0.6057150616827622
real_data5_testing,category_flip,knee_and_elbow_involvement,3,RandomForestClassifier,0.9904302036281446,0.121212121212121,0.8843330515616328,0.8181818181818183,0.8535804605192829,0.948051948051948,0.46992711945294857
real_data5_testing,category_flip,knee_and_elbow_involvement,4,DecisionTreeClassifier,0.9591993426928267,0.121212121212121,0.6738972937150771,0.35115864527629237,0.6498363669908738,0.4759358288770053,0.5856066477545099
real_data5_testing,category_flip,knee_and_elbow_involvement,4,RandomForestClassifier,0.9940652568356135,0.15151515151515138,0.8837441951290022,0.8146167557932265,0.88883098363628,0.9391902215431627,0.5349920763987908
real_data5_testing,category_flip,scalp_involvement,0,DecisionTreeClassifier,0.9217447888327428,0.121212121212121,-0.4348809765368655,0.5472370766488415,0.6183777762425444,0.6971734148204737,0.5541806906259398
real_data5_testing,category_flip,scalp_involvement,0,RandomForestClassifier,0.99016898769755,0.18181818181818166,0.9278984748811616,0.8573975044563281,0.8465586144777866,0.9642475171886936,0.622798694638145
real_data5_testing,category_flip,scalp_involvement,1,DecisionTreeClassifier,0.9081574354882039,-2.220446049250313e-16,-0.7691723060186426,0.4224598930481284,0.32499937479789937,0.60061115355233,0.46426815022586787
real_data5_testing,category_flip,scalp_involvement,1,RandomForestClassifier,0.9834771282168342,0.09090909090909072,0.9145612170514753,0.8573975044563281,0.827244889339234,0.9648586707410236,0.5950877502666225
real_data5_testing,category_flip,scalp_involvement,2,DecisionTreeClassifier,0.9069784099111898,0.06060606060606044,0.929656824157,0.47593582887700536,0.5003254307833471,0.6094728800611153,0.49637521084184233
real_data5_testing,category_flip,scalp_involvement,2,RandomForestClassifier,0.9852505395478222,0.18181818181818166,0.9411146764237979,0.8467023172905528,0.8208473851773905,0.9624140565317034,0.6256678228121904
real_data5_testing,category_flip,scalp_involvement,3,DecisionTreeClassifier,0.9836571738459742,0.21212121212121193,0.8926020828317867,0.607843137254902,0.8045348554444707,0.7381207028265852,0.5924553117256068
real_data5_testing,category_flip,scalp_involvement,3,RandomForestClassifier,0.9811863762886875,0.121212121212121,0.9509577794071887,0.8146167557932265,0.7747764178977782,0.9578304048892282,0.6733396542727917
real_data5_testing,category_flip,scalp_involvement,4,DecisionTreeClassifier,0.9636057567571654,0.18181818181818166,0.8611761561822493,0.5222816399286988,0.6004038795473927,0.6803666921313979,0.5439136615621255
real_data5_testing,category_flip,scalp_involvement,4,RandomForestClassifier,0.9937925477481312,0.21212121212121193,0.9387688862089149,0.8716577540106952,0.8871650889880904,0.9715813598166538,0.6967882380669645
real_data5_testing,category_flip,family_history,0,DecisionTreeClassifier,0.8766637847966747,-2.220446049250313e-16,-0.919583475148112,0.040998217468805706,0.2536872593738545,0.03957219251336898,0.44228884914712147
real_data5_testing,category_flip,family_history,0,RandomForestClassifier,0.9908360393651637,0.15151515151515138,0.8691311238822812,0.7397504456327987,0.8483744323104316,0.9074102368220015,0.6253420330948802
real_data5_testing,category_flip,family_history,1,DecisionTreeClassifier,0.9614301104194655,0.2424242424242422,0.2640575098279683,0.4509803921568628,0.6725713569326897,0.5523300229182582,0.5390510600806528
real_data5_testing,category_flip,family_history,1,RandomForestClassifier,0.9683067974644606,0.06060606060606044,0.896275653526457,0.7254901960784316,0.756543037853057,0.8915202444614209,0.5070418419778664
real_data5_testing,category_flip,family_history,2,DecisionTreeClassifier,0.8966038060179244,0.06060606060606044,0.42214808974191176,0.29411764705882354,0.44868725913519786,0.36684491978609624,0.4728545207742831
real_data5_testing,category_flip,family_history,2,RandomForestClassifier,0.9767766736878821,0.18181818181818166,0.894755246853181,0.7611408199643495,0.7434615568093953,0.9168831168831169,0.5748658886515722
real_data5_testing,category_flip,family_history,3,DecisionTreeClassifier,0.8818199090805352,-2.220446049250313e-16,-0.31645637412379757,0.19786096256684493,0.35678600395557236,0.27028265851795263,0.5058225868400591
real_data5_testing,category_flip,family_history,3,RandomForestClassifier,0.9678855369308144,0.121212121212121,0.9011710071178595,0.7754010695187167,0.7526525408677496,0.921772345301757,0.5649243443890937
real_data5_testing,category_flip,family_history,4,DecisionTreeClassifier,0.9538275625697958,0.18181818181818166,0.18440083010819064,0.4260249554367202,0.5849721959767139,0.5303284950343773,0.594356352026252
real_data5_testing,category_flip,family_history,4,RandomForestClassifier,0.9780458132271771,0.06060606060606044,0.8937194467467802,0.7789661319073085,0.7649443024204404,0.9288006111535523,0.5520936985819963
real_data5_testing,category_flip,melanin_incontinence,0,DecisionTreeClassifier,0.9419311311499953,0.15151515151515138,0.9194370240253118,0.46524064171123,0.6323395406556304,0.5889992360580596,0.6062386613510711
real_data5_testing,category_flip,melanin_incontinence,0,RandomForestClassifier,0.9959875729453729,0.30303030303030287,0.9416032732052022,0.9037433155080216,0.9134840663719219,0.9838044308632542,0.5106163873204163
real_data5_testing,category_flip,melanin_incontinence,1,DecisionTreeClassifier,0.9684498158789367,0.18181818181818166,0.9194635022158639,0.47593582887700536,0.6792959378894514,0.5352177234530175,0.5289845876361118
real_data5_testing,category_flip,melanin_incontinence,1,RandomForestClassifier,0.9929650416297949,0.18181818181818166,0.8826667114492192,0.8609625668449199,0.8808131913094649,0.9721925133689838,0.5562009547633557
real_data5_testing,category_flip,melanin_incontinence,2,DecisionTreeClassifier,0.9347477232271282,0.15151515151515138,0.9334143333073186,0.4260249554367202,0.60724585912628,0.43682200152788386,0.557748955739977
real_data5_testing,category_flip,melanin_incontinence,2,RandomForestClassifier,0.9971136670420807,0.18181818181818166,0.8861359292240738,0.8467023172905528,0.9177515461023502,0.9645530939648587,0.6358710615600103
real_data5_testing,category_flip,melanin_incontinence,3,DecisionTreeClassifier,0.9331055999452761,0.21212121212121193,0.9097164447640228,0.35115864527629237,0.5490456813802348,0.4044308632543927,0.5551972295792984
real_data5_testing,category_flip,melanin_incontinence,3,RandomForestClassifier,0.9887880105496281,0.18181818181818166,0.9693859508019005,0.8217468805704101,0.8409945019365399,0.9504965622612682,0.7238967264741906
real_data5_testing,category_flip,melanin_incontinence,4,DecisionTreeClassifier,0.9666007045614488,0.09090909090909072,-0.4344672521514592,0.6007130124777185,0.7716140256724267,0.7164247517188693,0.4819736950990408
real_data5_testing,category_flip,melanin_incontinence,4,RandomForestClassifier,0.9868508391585857,0.18181818181818166,0.9111954706444094,0.8680926916221036,0.8430299638220926,0.9718869365928188,0.5869517010346991
real_data5_testing,category_flip,eosinophils_in_the_infiltrate,0,DecisionTreeClassifier,0.8828839743929177,0.030303030303030054,0.25664076351976406,0.4367201426024956,0.2992733666175567,0.6336134453781512,0.5902599579553721
real_data5_testing,category_flip,eosinophils_in_the_infiltrate,0,RandomForestClassifier,0.9940561438951728,0.21212121212121193,0.8721472012528209,0.8039215686274511,0.8802349678291908,0.9416348357524826,0.5598377672247946
real_data5_testing,category_flip,eosinophils_in_the_infiltrate,1,DecisionTreeClassifier,0.9307562732975724,0.121212121212121,0.0956297285923633,0.4331550802139038,0.504091189529029,0.5834988540870893,0.5660240210677469
real_data5_testing,category_flip,eosinophils_in_the_infiltrate,1,RandomForestClassifier,0.9852752095566703,0.121212121212121,0.9404189413881898,0.7718360071301248,0.8059583787018251,0.9162719633307866,0.48959507327767315
real_data5_testing,category_flip,eosinophils_in_the_infiltrate,2,DecisionTreeClassifier,0.8971457982199537,0.09090909090909072,0.35533959332526677,0.4545454545454546,0.2994102298368058,0.6042780748663101,0.5687085769943261
real_data5_testing,category_flip,eosinophils_in_the_infiltrate,2,RandomForestClassifier,0.9864234925384295,0.15151515151515138,0.8857879673917999,0.7682709447415331,0.8152514326203035,0.923911382734912,0.6401279089437928
real_data5_testing,category_flip,eosinophils_in_the_infiltrate,3,DecisionTreeClassifier,0.961845211989939,0.09090909090909072,0.04952566905590128,0.4973262032085562,0.6763151800712561,0.6711993888464477,0.5623214347525449
real_data5_testing,category_flip,eosinophils_in_the_infiltrate,3,RandomForestClassifier,0.9909467375306087,0.15151515151515138,0.8480204116027613,0.7896613190730838,0.8513247633372047,0.9254392666157373,0.6417726208669716
real_data5_testing,category_flip,eosinophils_in_the_infiltrate,4,DecisionTreeClassifier,0.8822417021428963,0.06060606060606044,0.2035251419701527,0.41176470588235303,0.2759865017898934,0.5819709702062642,0.5975634075023064
real_data5_testing,category_flip,eosinophils_in_the_infiltrate,4,RandomForestClassifier,0.9903147837841033,0.18181818181818166,0.8941900698729318,0.7433155080213905,0.8460533282394231,0.9071046600458365,0.6305836052083126
real_data5_testing,category_flip,PNL_infiltrate,0,DecisionTreeClassifier,0.961453167622918,0.121212121212121,0.7958239928266073,0.5472370766488415,0.5928508144442957,0.7133689839572193,0.58880945876884
real_data5_testing,category_flip,PNL_infiltrate,0,RandomForestClassifier,0.9767160117873914,0.15151515151515138,0.8992077249009389,0.7825311942959003,0.7407627138611246,0.9324675324675324,0.5911284685917197
real_data5_testing,category_flip,PNL_infiltrate,1,DecisionTreeClassifier,0.9391415257241518,0.21212121212121193,0.7123396349150706,0.5436720142602497,0.6268844203783093,0.6944232238349884,0.6182379569279844
real_data5_testing,category_flip,PNL_infiltrate,1,RandomForestClassifier,0.9799535009208328,0.18181818181818166,0.9139329259645537,0.8003565062388593,0.7673942248386959,0.9404125286478227,0.5844210075381973
real_data5_testing,category_flip,PNL_infiltrate,2,DecisionTreeClassifier,0.9603610694558925,0.06060606060606044,0.6691585939534971,0.554367201426025,0.5863401257273013,0.7442322383498854,0.5595363183085496
real_data5_testing,category_flip,PNL_infiltrate,2,RandomForestClassifier,0.9849295271995306,0.09090909090909072,0.860445660384217,0.7789661319073085,0.8259148452091853,0.9138273491214667,0.6078552467155566
real_data5_testing,category_flip,PNL_infiltrate,3,DecisionTreeClassifier,0.9748481720406991,0.121212121212121,0.7417237555802441,0.5472370766488415,0.7355287177057879,0.6846447669977082,0.5544354168308594
real_data5_testing,category_flip,PNL_infiltrate,3,RandomForestClassifier,0.9789898247656494,0.15151515151515138,0.9177110152990715,0.7754010695187167,0.7731639484180748,0.9275783040488922,0.5429270699311706
real_data5_testing,category_flip,PNL_infiltrate,4,DecisionTreeClassifier,0.8936311079956843,0.15151515151515138,0.6846366124161374,0.5044563279857398,0.4341112714420607,0.6446142093200917,0.5590036408765514
real_data5_testing,category_flip,PNL_infiltrate,4,RandomForestClassifier,0.9932090415801591,0.09090909090909072,0.847722935788211,0.7682709447415331,0.8826635047965468,0.9083269671504964,0.6846941762174136
real_data5_testing,category_flip,fibrosis_of_the_papillary_dermis,0,DecisionTreeClassifier,0.980687023562284,0.09090909090909072,0.8336069525058692,0.6541889483065955,0.7789461043582824,0.7760122230710466,0.48487761244669325
real_data5_testing,category_flip,fibrosis_of_the_papillary_dermis,0,RandomForestClassifier,0.9580407126441576,0.09090909090909072,0.919102196787639,0.8039215686274511,0.6996665705817902,0.9379679144385026,0.5539038167416978
real_data5_testing,category_flip,fibrosis_of_the_papillary_dermis,1,DecisionTreeClassifier,0.9637365643356597,0.06060606060606044,0.5895798393663925,0.4545454545454546,0.627945067596348,0.5608861726508785,0.48577461154371143
real_data5_testing,category_flip,fibrosis_of_the_papillary_dermis,1,RandomForestClassifier,0.9860531859402741,0.21212121212121193,0.9153746735695332,0.8003565062388593,0.8187228360491756,0.9416348357524826,0.6865277032174061
real_data5_testing,category_flip,fibrosis_of_the_papillary_dermis,2,DecisionTreeClassifier,0.9478582521822394,0.09090909090909072,0.8397770610605192,0.5971479500891266,0.688246147805617,0.7081741787624141,0.5097062566501727
real_data5_testing,category_flip,fibrosis_of_the_papillary_dermis,2,RandomForestClassifier,0.9754376446779431,0.09090909090909072,0.882648402518458,0.8039215686274511,0.7198092833332548,0.9355233002291826,0.5373739028152601
real_data5_testing,category_flip,fibrosis_of_the_papillary_dermis,3,DecisionTreeClassifier,0.9657467704943081,0.030303030303030054,0.7703874493428976,0.5329768270944742,0.5656468502817471,0.655920550038197,0.5040090259015649
real_data5_testing,category_flip,fibrosis_of_the_papillary_dermis,3,RandomForestClassifier,0.9875765433594581,0.3939393939393938,0.9574121054214905,0.8609625668449199,0.8413827875706574,0.9581359816653934,0.820966373530375
real_data5_testing,category_flip,fibrosis_of_the_papillary_dermis,4,DecisionTreeClassifier,0.9318919042084597,0.06060606060606044,0.5168638340288024,0.376114081996435,0.48618569565818565,0.43315508021390364,0.48504262762208394
real_data5_testing,category_flip,fibrosis_of_the_papillary_dermis,4,RandomForestClassifier,0.973672465943153,0.18181818181818166,0.8840624287949117,0.7789661319073085,0.7313662518226469,0.919938884644767,0.7200408949188088
real_data5_testing,category_flip,exocytosis,0,DecisionTreeClassifier,0.897747153606603,0.030303030303030054,0.06055753802411867,0.4973262032085562,0.4193883749782861,0.680977845683728,0.5118576809005471
real_data5_testing,category_flip,exocytosis,0,RandomForestClassifier,0.9904839197810452,0.121212121212121,0.9389570016343063,0.8573975044563281,0.8693502582188071,0.9663865546218486,0.5992284856570441
real_data5_testing,category_flip,exocytosis,1,DecisionTreeClassifier,0.849054173103663,0.030303030303030054,-0.11731688716748478,0.28698752228163993,0.15713476816581345,0.43437738731856373,0.5925711963737355
real_data5_testing,category_flip,exocytosis,1,RandomForestClassifier,0.9923905545065632,0.15151515151515138,0.8647561762672727,0.8288770053475937,0.8703932323217944,0.9489686783804431,0.5634701326395595
real_data5_testing,category_flip,exocytosis,2,DecisionTreeClassifier,0.9195899591348135,0.121212121212121,0.1266730815001229,0.4545454545454546,0.45137686985614195,0.6045836516424751,0.5501327091050776
real_data5_testing,category_flip,exocytosis,2,RandomForestClassifier,0.9846706570628775,0.2424242424242422,0.9601336417520356,0.8752228163992871,0.8211757496932088,0.9682200152788386,0.666976156265405
real_data5_testing,category_flip,exocytosis,3,DecisionTreeClassifier,0.922958793304463,0.06060606060606044,-0.24483410366726854,0.24777183600713015,0.29732722525963595,0.38242933537051177,0.527942079755141
real_data5_testing,category_flip,exocytosis,3,RandomForestClassifier,0.9928331504511888,0.18181818181818166,0.9357023764124026,0.8823529411764708,0.8932007822400971,0.974637127578304,0.7496559290351762
real_data5_testing,category_flip,exocytosis,4,DecisionTreeClassifier,0.9587639536048226,0.06060606060606044,0.2169526609703858,0.554367201426025,0.613227163413907,0.7469824293353705,0.4628422880731033
real_data5_testing,category_flip,exocytosis,4,RandomForestClassifier,0.9964609065780389,0.2424242424242422,0.9631656256406331,0.8787878787878789,0.9107925446352327,0.975553857906799,0.712554966266785
real_data5_testing,category_flip,acanthosis,0,DecisionTreeClassifier,0.9511387721561633,0.030303030303030054,0.6266728234675579,0.4937611408199645,0.49437729935240254,0.6751718869365927,0.5693220198076328
real_data5_testing,category_flip,acanthosis,0,RandomForestClassifier,0.9855540486933071,0.121212121212121,0.9381248387482821,0.7718360071301248,0.8091403355929987,0.9291061879297172,0.6057621423080404
real_data5_testing,category_flip,acanthosis,1,DecisionTreeClassifier,0.9191485726176747,0.06060606060606044,0.5817291455550961,0.358288770053476,0.2917952451688635,0.5239113827349121,0.5615406779939185
real_data5_testing,category_flip,acanthosis,1,RandomForestClassifier,0.9887641107426504,0.2424242424242422,0.9474159068897061,0.8324420677361855,0.8345293749221956,0.952635599694423,0.7523337253451872
real_data5_testing,category_flip,acanthosis,2,DecisionTreeClassifier,0.9540496513105304,-2.220446049250313e-16,0.553794864429903,0.5971479500891266,0.5941101152323267,0.7912910618792971,0.5287768737945833
real_data5_testing,category_flip,acanthosis,2,RandomForestClassifier,0.9940883047288375,0.2424242424242422,0.9684251337006493,0.8467023172905528,0.8908116068359488,0.9587471352177234,0.6886606538887978
real_data5_testing,category_flip,acanthosis,3,DecisionTreeClassifier,0.9573310068870045,0.15151515151515138,0.6764627267496355,0.46167557932263825,0.6558039013515269,0.6168067226890757,0.6382141318091998
real_data5_testing,category_flip,acanthosis,3,RandomForestClassifier,0.9882069380865774,0.21212121212121193,0.9322954298217996,0.8110516934046347,0.861813601763766,0.9388846447669976,0.692074066073381
real_data5_testing,category_flip,acanthosis,4,DecisionTreeClassifier,0.9153010838315485,0.09090909090909072,0.6707444021553579,0.4581105169340464,0.39704787440536354,0.6369747899159663,0.5493960397670646
real_data5_testing,category_flip,acanthosis,4,RandomForestClassifier,0.9846674863838069,0.121212121212121,0.9409385012949115,0.8003565062388593,0.8089904365742925,0.9382734912146676,0.4905440882189028
real_data5_testing,category_flip,hyperkeratosis,0,DecisionTreeClassifier,0.9430048387628295,0.06060606060606044,0.3757271402058614,0.4545454545454546,0.5463194504213951,0.5941940412528648,0.5248498291046779
real_data5_testing,category_flip,hyperkeratosis,0,RandomForestClassifier,0.9920002721502867,0.21212121212121193,0.9149912748802005,0.7647058823529413,0.8625008812279377,0.8982429335370511,0.6336664372029803
real_data5_testing,category_flip,hyperkeratosis,1,DecisionTreeClassifier,0.9619030617637083,0.030303030303030054,0.23627497034068234,0.4688057040998218,0.6622320429995345,0.6311688311688312,0.547493025773706
real_data5_testing,category_flip,hyperkeratosis,1,RandomForestClassifier,0.9853122693089559,0.09090909090909072,0.9226135519610926,0.7754010695187167,0.7935951211008403,0.9061879297173414,0.5270682206673863
real_data5_testing,category_flip,hyperkeratosis,2,DecisionTreeClassifier,0.9287077784754972,0.030303030303030054,0.16216812378195533,0.3725490196078432,0.3826121442241409,0.5122994652406417,0.5349964661968752
real_data5_testing,category_flip,hyperkeratosis,2,RandomForestClassifier,0.98529460348356,0.18181818181818166,0.9048054454019898,0.7361853832442069,0.798982125700745,0.9009931245225362,0.55330220039511
real_data5_testing,category_flip,hyperkeratosis,3,DecisionTreeClassifier,0.9476319619317397,0.09090909090909072,0.4596754965364265,0.4937611408199645,0.5342368314581608,0.6727272727272727,0.5918247008498733
real_data5_testing,category_flip,hyperkeratosis,3,RandomForestClassifier,0.9741752784190718,0.09090909090909072,0.9398006774478777,0.7397504456327987,0.7321698298904478,0.9147440794499618,0.6546296693666057
real_data5_testing,category_flip,hyperkeratosis,4,DecisionTreeClassifier,0.9463044457544386,0.030303030303030054,0.3953803927775573,0.44385026737967925,0.5645313370791918,0.6275019098548509,0.5300101599896152
real_data5_testing,category_flip,hyperkeratosis,4,RandomForestClassifier,0.9688998589027403,0.09090909090909072,0.8603262235856804,0.7112299465240642,0.7088554889931702,0.8851031321619557,0.49326318053494683
real_data5_testing,category_flip,parakeratosis,0,DecisionTreeClassifier,0.9410971922120159,0.030303030303030054,0.7218532618076451,0.5686274509803922,0.5407454472451585,0.7729564553093965,0.6052668581722884
real_data5_testing,category_flip,parakeratosis,0,RandomForestClassifier,0.9941300568098536,0.2424242424242422,0.959969231374772,0.8680926916221036,0.8978789788919632,0.9648586707410236,0.6680714444124556
real_data5_testing,category_flip,parakeratosis,1,DecisionTreeClassifier,0.9088674425458834,-2.220446049250313e-16,0.03311964186224847,0.3262032085561498,0.1970386278827361,0.4609625668449197,0.5612490587524364
real_data5_testing,category_flip,parakeratosis,1,RandomForestClassifier,0.9883479024265551,0.09090909090909072,0.9465105662688234,0.807486631016043,0.838972692967531,0.947135217723453,0.5248902435876206
real_data5_testing,category_flip,parakeratosis,2,DecisionTreeClassifier,0.9338094855552361,-2.220446049250313e-16,-0.03351819409260126,0.3725490196078432,0.4503024844661945,0.518411000763942,0.5723440665237489
real_data5_testing,category_flip,parakeratosis,2,RandomForestClassifier,0.9916603226831955,0.121212121212121,0.9578325431158564,0.8217468805704101,0.8730473410567141,0.9523300229182582,0.6363988683438186
real_data5_testing,category_flip,parakeratosis,3,DecisionTreeClassifier,0.9394921696685322,0.15151515151515138,-0.046278361275790214,0.40463458110516937,0.5732984566928809,0.5581359816653934,0.6732611527532432
real_data5_testing,category_flip,parakeratosis,3,RandomForestClassifier,0.9931893882367374,0.09090909090909072,0.9672281665077397,0.8360071301247772,0.8754560164386089,0.9608861726508786,0.6209941949437929
real_data5_testing,category_flip,parakeratosis,4,DecisionTreeClassifier,0.9100094974609643,0.030303030303030054,0.08189864694080706,0.33689839572192515,0.3139556871981296,0.494576012223071,0.4949794675312474
real_data5_testing,category_flip,parakeratosis,4,RandomForestClassifier,0.9932086723082605,0.06060606060606044,0.9399339900453707,0.8146167557932265,0.8759657443103526,0.9501909854851031,0.5272352450422152
real_data5_testing,category_flip,clubbing_of_the_rete_ridges,0,DecisionTreeClassifier,0.9285380732950507,0.18181818181818166,-0.828881481546814,0.3012477718360072,0.447700227376027,0.3812070282658518,0.5409580897420031
real_data5_testing,category_flip,clubbing_of_the_rete_ridges,0,RandomForestClassifier,0.9959921272857654,0.4242424242424241,0.9105292780093427,0.8752228163992871,0.91428862703761,0.9679144385026738,0.7245695950286987
real_data5_testing,category_flip,clubbing_of_the_rete_ridges,1,DecisionTreeClassifier,0.9152331652665316,0.030303030303030054,-0.6713047095983462,0.30837789661319076,0.3731965020131657,0.3674560733384262,0.5620517597073771
real_data5_testing,category_flip,clubbing_of_the_rete_ridges,1,RandomForestClassifier,0.9902666513713538,0.121212121212121,0.9196177706314151,0.8288770053475937,0.851865683012518,0.9541634835752483,0.6007991932870262
real_data5_testing,category_flip,clubbing_of_the_rete_ridges,2,DecisionTreeClassifier,0.9841184236304293,0.09090909090909072,-0.5405624375058926,0.6149732620320856,0.8150692767841237,0.7692895339954163,0.5582237442095838
real_data5_testing,category_flip,clubbing_of_the_rete_ridges,2,RandomForestClassifier,0.9912599213186324,0.06060606060606044,0.8668019616187985,0.8823529411764708,0.876524625675781,0.977387318563789,0.6260229050723845
real_data5_testing,category_flip,clubbing_of_the_rete_ridges,3,DecisionTreeClassifier,0.9290165638562027,0.121212121212121,-0.6926103351267199,0.4331550802139038,0.5307439054711582,0.5181054239877769,0.5545698402537733
real_data5_testing,category_flip,clubbing_of_the_rete_ridges,3,RandomForestClassifier,0.9854983189142801,0.121212121212121,0.861794687043112,0.8146167557932265,0.8054194554496596,0.9523300229182582,0.5875745181445361
real_data5_testing,category_flip,clubbing_of_the_rete_ridges,4,DecisionTreeClassifier,0.9634125397592352,0.09090909090909072,-0.5434044041083583,0.4402852049910874,0.6280297154146561,0.5844155844155844,0.5538164253437466
real_data5_testing,category_flip,clubbing_of_the_rete_ridges,4,RandomForestClassifier,0.9917950515520239,0.2424242424242422,0.8716453650342224,0.8752228163992871,0.8791519834877175,0.974331550802139,0.6603300657953457
real_data5_testing,category_flip,elongation_of_the_rete_ridges,0,DecisionTreeClassifier,0.9790455083195447,0.06060606060606044,-0.07310742353538568,0.607843137254902,0.7553803989540753,0.7598166539343009,0.5515692808537961
real_data5_testing,category_flip,elongation_of_the_rete_ridges,0,RandomForestClassifier,0.9912702970587011,0.2727272727272726,0.9075947047267914,0.8538324420677362,0.8592510714373843,0.9673032849503436,0.6514543930011207
real_data5_testing,category_flip,elongation_of_the_rete_ridges,1,DecisionTreeClassifier,0.9507279293353896,0.06060606060606044,-0.006031191233201172,0.46167557932263825,0.5327410450711397,0.6378915202444613,0.4790491027815372
real_data5_testing,category_flip,elongation_of_the_rete_ridges,1,RandomForestClassifier,0.9849264318096022,0.09090909090909072,0.8861382977633636,0.8110516934046347,0.8103044807255274,0.9446906035141328,0.6714369387163664
real_data5_testing,category_flip,elongation_of_the_rete_ridges,2,DecisionTreeClassifier,0.9802170439826333,0.030303030303030054,0.031869358227755495,0.6007130124777185,0.7469708739938052,0.7527883880825057,0.4668834165351334
real_data5_testing,category_flip,elongation_of_the_rete_ridges,2,RandomForestClassifier,0.9908410265229725,0.18181818181818166,0.9180808099065388,0.8645276292335118,0.8717527724145916,0.9657754010695186,0.6111411100242453
real_data5_testing,category_flip,elongation_of_the_rete_ridges,3,DecisionTreeClassifier,0.964395580624325,0.09090909090909072,0.13985300343135698,0.5222816399286988,0.6545764318688223,0.6977845683728037,0.6045465607110427
real_data5_testing,category_flip,elongation_of_the_rete_ridges,3,RandomForestClassifier,0.9918847080100499,0.121212121212121,0.9248692819320469,0.8253119429590019,0.8597058078325417,0.9538579067990832,0.6149249611325935
real_data5_testing,category_flip,elongation_of_the_rete_ridges,4,DecisionTreeClassifier,0.9673200322068204,0.18181818181818166,-0.08626944800112901,0.6149732620320856,0.7297248083284773,0.7760122230710466,0.5686849234841386
real_data5_testing,category_flip,elongation_of_the_rete_ridges,4,RandomForestClassifier,0.9889181568922181,0.2727272727272726,0.9270172678191538,0.8253119429590019,0.8358041429762529,0.9474407944996178,0.6702885756004026
real_data5_testing,category_flip,thinning_of_the_suprapapillary_epidermis,0,DecisionTreeClassifier,0.9676473201408538,0.121212121212121,0.8723137945318915,0.4081996434937612,0.6289531707928945,0.5187165775401069,0.6164990151471146
real_data5_testing,category_flip,thinning_of_the_suprapapillary_epidermis,0,RandomForestClassifier,0.9808575859719821,0.18181818181818166,0.9618095589423158,0.8288770053475937,0.7971336665027153,0.9504965622612682,0.5252550253353572
real_data5_testing,category_flip,thinning_of_the_suprapapillary_epidermis,1,DecisionTreeClassifier,0.9194729936162318,0.09090909090909072,0.9005569710541647,0.41176470588235303,0.45215574132741315,0.496103896103896,0.4935790018925279
real_data5_testing,category_flip,thinning_of_the_suprapapillary_epidermis,1,RandomForestClassifier,0.9801099227536623,0.30303030303030287,0.9436755973751374,0.8645276292335118,0.7819466821200691,0.9691367456073338,0.5616870794774216
real_data5_testing,category_flip,thinning_of_the_suprapapillary_epidermis,2,DecisionTreeClassifier,0.913353283559481,0.030303030303030054,-0.8387576432617203,0.3796791443850268,0.43859975686668407,0.4774637127578304,0.4381184731376095
real_data5_testing,category_flip,thinning_of_the_suprapapillary_epidermis,2,RandomForestClassifier,0.9702623249580087,0.121212121212121,0.9557099642544584,0.8360071301247772,0.7362549835411494,0.9504965622612682,0.5887890322268938
real_data5_testing,category_flip,thinning_of_the_suprapapillary_epidermis,3,DecisionTreeClassifier,0.8949890607784886,0.06060606060606044,-0.5019878226054901,0.49019607843137264,0.5111487216535713,0.6055003819709701,0.5813670067337375
real_data5_testing,category_flip,thinning_of_the_suprapapillary_epidermis,3,RandomForestClassifier,0.9846003646090296,0.121212121212121,0.8991841053742394,0.8146167557932265,0.770671926204145,0.9489686783804431,0.642015567436199
real_data5_testing,category_flip,thinning_of_the_suprapapillary_epidermis,4,DecisionTreeClassifier,0.9538392547579945,0.121212121212121,-0.5407606736480153,0.41532976827094475,0.6493563297941551,0.5251336898395721,0.5126464266030916
real_data5_testing,category_flip,thinning_of_the_suprapapillary_epidermis,4,RandomForestClassifier,0.988586638005716,0.15151515151515138,0.9486543981880923,0.8538324420677362,0.8534571119549752,0.9639419404125286,0.6577940702306416
real_data5_testing,category_flip,spongiform_pustule,0,DecisionTreeClassifier,0.9728088557676914,0.06060606060606044,-0.5699553919667844,0.5258467023172906,0.6867239191047239,0.6378915202444613,0.5500353501415939
real_data5_testing,category_flip,spongiform_pustule,0,RandomForestClassifier,0.9890928471396733,0.21212121212121193,0.8515533575371892,0.8039215686274511,0.8326940083310082,0.947135217723453,0.7109126803599011
real_data5_testing,category_flip,spongiform_pustule,1,DecisionTreeClassifier,0.9403567260960379,0.21212121212121193,-0.5761283488859577,0.4260249554367202,0.6079625456320302,0.5419404125286478,0.6273198697943031
real_data5_testing,category_flip,spongiform_pustule,1,RandomForestClassifier,0.9866427542340989,0.18181818181818166,0.9338168674572572,0.8502673796791445,0.8481198519611354,0.9596638655462184,0.6243050495292745
real_data5_testing,category_flip,spongiform_pustule,2,DecisionTreeClassifier,0.9639036615393648,0.18181818181818166,-0.7640183721594811,0.4937611408199645,0.7035250730126481,0.6149732620320855,0.6478629243354006
real_data5_testing,category_flip,spongiform_pustule,2,RandomForestClassifier,0.9912789585330001,0.21212121212121193,0.9626254376615224,0.8538324420677362,0.8604490589699885,0.9657754010695186,0.6777171495910684
real_data5_testing,category_flip,spongiform_pustule,3,DecisionTreeClassifier,0.9728830754026321,0.21212121212121193,-0.9508678220851248,0.42959001782531203,0.7466951062617826,0.5639419404125287,0.6099916993919701
real_data5_testing,category_flip,spongiform_pustule,3,RandomForestClassifier,0.9864371902622483,0.18181818181818166,0.8885132097171006,0.8467023172905528,0.8343362399808157,0.9624140565317034,0.5801998106789921
real_data5_testing,category_flip,spongiform_pustule,4,DecisionTreeClassifier,0.9781573482728241,0.030303030303030054,-0.34585642290562824,0.5258467023172906,0.7590743550622661,0.6498090145148968,0.4829641639018288
real_data5_testing,category_flip,spongiform_pustule,4,RandomForestClassifier,0.9963916871507278,0.06060606060606044,0.944055847313677,0.8573975044563281,0.9116869028891011,0.9660809778456838,0.526044895516494
real_data5_testing,category_flip,munro_microabcess,0,DecisionTreeClassifier,0.9131081278005768,0.09090909090909072,-0.1899693256218653,0.4367201426024956,0.46589283389474734,0.5639419404125287,0.5906768055740357
real_data5_testing,category_flip,munro_microabcess,0,RandomForestClassifier,0.9890914826632731,0.121212121212121,0.9337237117316952,0.8538324420677362,0.8368888276875637,0.9660809778456838,0.6777370443255984
real_data5_testing,category_flip,munro_microabcess,1,DecisionTreeClassifier,0.9335111625923549,0.09090909090909072,-0.2999073549326796,0.46167557932263825,0.5742625092543729,0.575553857906799,0.5076689822857047
real_data5_testing,category_flip,munro_microabcess,1,RandomForestClassifier,0.9630160554986797,0.121212121212121,0.9350241202810594,0.8003565062388593,0.6686982105173361,0.9321619556913674,0.5766151850009156
real_data5_testing,category_flip,munro_microabcess,2,DecisionTreeClassifier,0.9304343044940492,0.15151515151515138,-0.44288274864254107,0.48306595365418903,0.5820300294313387,0.6094728800611153,0.6140600770952969
real_data5_testing,category_flip,munro_microabcess,2,RandomForestClassifier,0.9807954595318161,0.15151515151515138,0.8923765304680696,0.8502673796791445,0.8212302928292632,0.9663865546218486,0.6752279281264014
real_data5_testing,category_flip,munro_microabcess,3,DecisionTreeClassifier,0.9400599930274184,0.18181818181818166,-0.28371485540197994,0.4795008912655972,0.6252932304980972,0.5728036669213139,0.5770176902561973
real_data5_testing,category_flip,munro_microabcess,3,RandomForestClassifier,0.9739091303787365,0.030303030303030054,0.939866560900969,0.7967914438502675,0.7637743226414409,0.9382734912146676,0.5797623588977155
real_data5_testing,category_flip,munro_microabcess,4,DecisionTreeClassifier,0.9675900368686173,0.030303030303030054,-0.3281304521892465,0.4795008912655972,0.7092015315502807,0.6097784568372803,0.49875397664771093
real_data5_testing,category_flip,munro_microabcess,4,RandomForestClassifier,0.9850562759515493,0.15151515151515138,0.930202436532959,0.8181818181818183,0.8215671488731705,0.9443850267379679,0.5795466402085857
real_data5_testing,category_flip,focal_hypergranulosis,0,DecisionTreeClassifier,0.9622926204299033,0.030303030303030054,-0.23935584137579013,0.49019607843137264,0.6406265084261893,0.6241405653170359,0.5961043571079527
real_data5_testing,category_flip,focal_hypergranulosis,0,RandomForestClassifier,0.9798358694401255,0.15151515151515138,0.8847887864851388,0.8039215686274511,0.7552407737882959,0.9349121466768526,0.5467665871763118
real_data5_testing,category_flip,focal_hypergranulosis,1,DecisionTreeClassifier,0.8337487062646937,0.09090909090909072,-0.599569496841728,0.15151515151515152,0.25845425783830045,0.1660809778456837,0.5518670414069198
real_data5_testing,category_flip,focal_hypergranulosis,1,RandomForestClassifier,0.992871659976813,0.2424242424242422,0.8863213895049975,0.8431372549019609,0.8772333127968378,0.9575248281130634,0.7411299773488547
real_data5_testing,category_flip,focal_hypergranulosis,2,DecisionTreeClassifier,0.9721160076259834,0.09090909090909072,-0.27858030790305,0.536541889483066,0.7288117543604229,0.629640947288006,0.5090568862588831
real_data5_testing,category_flip,focal_hypergranulosis,2,RandomForestClassifier,0.9853235890243297,0.121212121212121,0.9572645143060684,0.8467023172905528,0.8036907487308421,0.9569136745607332,0.5975908481076696
real_data5_testing,category_flip,focal_hypergranulosis,3,DecisionTreeClassifier,0.9637165967144928,0.06060606060606044,0.9020698415257206,0.48306595365418903,0.6339042279665135,0.6510313216195569,0.5254012278072109
real_data5_testing,category_flip,focal_hypergranulosis,3,RandomForestClassifier,0.980177066397073,0.06060606060606044,0.9170188184610985,0.7789661319073085,0.770351845144412,0.9281894576012223,0.5696617647965547
real_data5_testing,category_flip,focal_hypergranulosis,4,DecisionTreeClassifier,0.9498764449741365,0.15151515151515138,-0.38938061015068803,0.41176470588235303,0.5909162331823072,0.5318563789152024,0.589902010198738
real_data5_testing,category_flip,focal_hypergranulosis,4,RandomForestClassifier,0.9698460403328754,0.09090909090909072,0.9540559798437255,0.8039215686274511,0.7435995209533387,0.9346065699006875,0.5169633801899318
real_data5_testing,category_flip,disappearance_of_the_granular_layer,0,DecisionTreeClassifier,0.9677864760398533,0.030303030303030054,0.5937036337777342,0.518716577540107,0.6301861132697111,0.6510313216195569,0.5632560769946776
real_data5_testing,category_flip,disappearance_of_the_granular_layer,0,RandomForestClassifier,0.9961443921167431,0.2424242424242422,0.9324209908113646,0.8360071301247772,0.9126492274259201,0.9495798319327731,0.6332825355121287
real_data5_testing,category_flip,disappearance_of_the_granular_layer,1,DecisionTreeClassifier,0.9729861069118766,0.030303030303030054,0.6255296956021337,0.554367201426025,0.7230126368760604,0.7295645530939647,0.5112918679809235
real_data5_testing,category_flip,disappearance_of_the_granular_layer,1,RandomForestClassifier,0.9941176015294878,0.121212121212121,0.9363597682706682,0.8431372549019609,0.8957017216995831,0.9495798319327731,0.6352026986425579
real_data5_testing,category_flip,disappearance_of_the_granular_layer,2,DecisionTreeClassifier,0.9143414827682232,0.09090909090909072,0.6878365833177914,0.4081996434937612,0.41850455560865363,0.5599694423223834,0.5783257514787736
real_data5_testing,category_flip,disappearance_of_the_granular_layer,2,RandomForestClassifier,0.98839566146324,0.18181818181818166,0.9597077312376098,0.8253119429590019,0.8452470735418331,0.9541634835752483,0.6684389213014996
real_data5_testing,category_flip,disappearance_of_the_granular_layer,3,DecisionTreeClassifier,0.9477134951078154,0.15151515151515138,0.2730016198859593,0.5115864527629235,0.5567759780057677,0.6956455309396485,0.5911340531343052
real_data5_testing,category_flip,disappearance_of_the_granular_layer,3,RandomForestClassifier,0.9895237258943953,0.09090909090909072,0.9419690490323883,0.7932263814616757,0.8335838614197661,0.9376623376623376,0.6028566243100922
real_data5_testing,category_flip,disappearance_of_the_granular_layer,4,DecisionTreeClassifier,0.9687452017805585,0.09090909090909072,0.8002263866575516,0.5472370766488415,0.6460415613592569,0.6815889992360581,0.6258698177610376
real_data5_testing,category_flip,disappearance_of_the_granular_layer,4,RandomForestClassifier,0.9938441440081631,0.2424242424242422,0.9352052571901278,0.8538324420677362,0.8885965701095702,0.9633307868601986,0.6176193494131172
real_data5_testing,category_flip,vacuolisation_and_damage_of_basal_layer,0,DecisionTreeClassifier,0.9145760189281701,0.06060606060606044,-0.1821523343897935,0.4545454545454546,0.5278006782842626,0.5758594346829641,0.5070332371886896
real_data5_testing,category_flip,vacuolisation_and_damage_of_basal_layer,0,RandomForestClassifier,0.9874356023494132,0.18181818181818166,0.9101109497899236,0.8716577540106952,0.8631811506169698,0.975248281130634,0.5595445389979359
real_data5_testing,category_flip,vacuolisation_and_damage_of_basal_layer,1,DecisionTreeClassifier,0.8692896128838044,-2.220446049250313e-16,-0.5990917331664749,0.18716577540106952,0.36738620308729586,0.2357524828113063,0.4559536857911612
real_data5_testing,category_flip,vacuolisation_and_damage_of_basal_layer,1,RandomForestClassifier,0.9757131890970208,0.18181818181818166,0.8602521831650459,0.8288770053475937,0.7881207425903176,0.9578304048892282,0.6689405441777388
real_data5_testing,category_flip,vacuolisation_and_damage_of_basal_layer,2,DecisionTreeClassifier,0.9757040292939461,0.18181818181818166,-0.2777099477774194,0.5436720142602497,0.7542228081420881,0.6669213139801374,0.5576954980892322
real_data5_testing,category_flip,vacuolisation_and_damage_of_basal_layer,2,RandomForestClassifier,0.979882346063212,0.18181818181818166,0.9295195820041032,0.8395721925133691,0.7443770263852667,0.9474407944996178,0.6606282449763633
real_data5_testing,category_flip,vacuolisation_and_damage_of_basal_layer,3,DecisionTreeClassifier,0.9263593198731074,0.06060606060606044,0.8412863043636581,0.269162210338681,0.535065234880639,0.3738731856378915,0.5168551366290028
real_data5_testing,category_flip,vacuolisation_and_damage_of_basal_layer,3,RandomForestClassifier,0.9938383668098446,0.06060606060606044,0.9120890761875864,0.8823529411764708,0.8873009120763637,0.9789152024446142,0.5606015293931614
real_data5_testing,category_flip,vacuolisation_and_damage_of_basal_layer,4,DecisionTreeClassifier,0.8482236736733417,0.09090909090909072,0.7955181713400874,0.18360071301247774,0.15873931801145022,0.23055767761650112,0.5153376051045832
real_data5_testing,category_flip,vacuolisation_and_damage_of_basal_layer,4,RandomForestClassifier,0.9897541927120567,0.18181818181818166,0.9707516977049362,0.8609625668449199,0.8630060554852115,0.9654698242933536,0.5626536881434476
real_data5_testing,category_flip,spongiosis,0,DecisionTreeClassifier,0.8752473472723002,0.06060606060606044,0.6639791122902912,0.41176470588235303,0.3518954431471625,0.5449961802902978,0.469769433014281
real_data5_testing,category_flip,spongiosis,0,RandomForestClassifier,0.9900063632278218,0.33333333333333315,0.9232365458364012,0.8039215686274511,0.8442034739847712,0.9404125286478227,0.7640445682775882
real_data5_testing,category_flip,spongiosis,1,DecisionTreeClassifier,0.9567550109238625,0.06060606060606044,0.7791974408121253,0.5614973262032087,0.6297733266700469,0.7521772345301757,0.5910212747767463
real_data5_testing,category_flip,spongiosis,1,RandomForestClassifier,0.9939891377382893,0.06060606060606044,0.9225137635967512,0.8680926916221036,0.903385030869625,0.9645530939648587,0.4734468882945116
real_data5_testing,category_flip,spongiosis,2,DecisionTreeClassifier,0.876582686110632,-2.220446049250313e-16,0.6388436427818227,0.3262032085561498,0.3221314605892229,0.44079449961802897,0.5293428154858991
real_data5_testing,category_flip,spongiosis,2,RandomForestClassifier,0.9888214116081763,0.09090909090909072,0.8831375269961851,0.8645276292335118,0.8512471628276548,0.9660809778456838,0.49595979103802285
real_data5_testing,category_flip,spongiosis,3,DecisionTreeClassifier,0.922236019580658,0.121212121212121,0.6433020371021971,0.38324420677361865,0.4697480777251476,0.5367456073338426,0.5934082030978347
real_data5_testing,category_flip,spongiosis,3,RandomForestClassifier,0.9895571074941206,0.30303030303030287,0.9165329830565034,0.8538324420677362,0.8630942549212521,0.9621084797555384,0.6518807835690539
real_data5_testing,category_flip,spongiosis,4,DecisionTreeClassifier,0.8998423093160575,0.030303030303030054,0.6745211359115415,0.3262032085561498,0.2029111394921973,0.4245989304812834,0.4933257480170341
real_data5_testing,category_flip,spongiosis,4,RandomForestClassifier,0.9963035210531888,0.2727272727272726,0.9193986176324963,0.8823529411764708,0.9201672751046046,0.9734148204736438,0.7083556948233769
real_data5_testing,category_flip,saw-tooth_appearance_of_retes,0,DecisionTreeClassifier,0.9540571363324586,0.06060606060606044,-0.71635456558711,0.4581105169340464,0.6813987037213922,0.5657754010695187,0.5194946116995778
real_data5_testing,category_flip,saw-tooth_appearance_of_retes,0,RandomForestClassifier,0.9902174626321254,0.09090909090909072,0.9248036074212779,0.8966131907308379,0.8838080676644926,0.9810542398777692,0.4919296702065964
real_data5_testing,category_flip,saw-tooth_appearance_of_retes,1,DecisionTreeClassifier,0.9645559597527167,0.18181818181818166,-0.4560702165121333,0.5222816399286988,0.6363047153677908,0.6183346065699006,0.5588198625892795
real_data5_testing,category_flip,saw-tooth_appearance_of_retes,1,RandomForestClassifier,0.9918261409316942,0.121212121212121,0.9044147274661866,0.8502673796791445,0.8586790422597685,0.9673032849503436,0.531059061687826
real_data5_testing,category_flip,saw-tooth_appearance_of_retes,2,DecisionTreeClassifier,0.9556110460378839,0.121212121212121,-0.5004123600580237,0.38680926916221037,0.6472749964794113,0.5086325439266615,0.5494073741776508
real_data5_testing,category_flip,saw-tooth_appearance_of_retes,2,RandomForestClassifier,0.9859458551371489,0.06060606060606044,0.8972521178488087,0.8181818181818183,0.8190426158308781,0.9550802139037432,0.5654217993784643
real_data5_testing,category_flip,saw-tooth_appearance_of_retes,3,DecisionTreeClassifier,0.8928495627574741,0.06060606060606044,-0.21107891604118323,0.11942959001782533,0.38878620862503677,0.1706646294881589,0.5724893387481249
real_data5_testing,category_flip,saw-tooth_appearance_of_retes,3,RandomForestClassifier,0.9942320081904444,0.2424242424242422,0.8831638207354471,0.8146167557932265,0.8880785081723725,0.9456073338426279,0.6277943501113115
real_data5_testing,category_flip,saw-tooth_appearance_of_retes,4,DecisionTreeClassifier,0.9179722466238449,-2.220446049250313e-16,-0.6454502267569029,0.376114081996435,0.5743467872030232,0.44904507257448434,0.5301980743456784
real_data5_testing,category_flip,saw-tooth_appearance_of_retes,4,RandomForestClassifier,0.9866565670015415,0.2424242424242422,0.9589967742463719,0.8146167557932265,0.8184683757297058,0.947746371275783,0.6629140973283641
real_data5_testing,category_flip,follicular_horn_plug,0,DecisionTreeClassifier,0.9750388739778546,0.2424242424242422,0.8647654771611937,0.6470588235294118,0.8194215866747361,0.7118411000763941,0.5500521283496854
real_data5_testing,category_flip,follicular_horn_plug,0,RandomForestClassifier,0.9778318911074984,0.18181818181818166,0.9198896315991346,0.8110516934046347,0.7941721722128828,0.948663101604278,0.6911970817293793
real_data5_testing,category_flip,follicular_horn_plug,1,DecisionTreeClassifier,0.909784011966841,0.21212121212121193,0.903298032854577,0.4402852049910874,0.5051185543072705,0.4777692895339954,0.6176736326198577
real_data5_testing,category_flip,follicular_horn_plug,1,RandomForestClassifier,0.9892564283208836,-2.220446049250313e-16,0.9306063623671481,0.7754010695187167,0.8310097859283121,0.9318563789152022,0.4992042303643598
real_data5_testing,category_flip,follicular_horn_plug,2,DecisionTreeClassifier,0.9678789256359083,0.121212121212121,0.8334875929222003,0.536541889483066,0.6822985949063942,0.5874713521772346,0.5337653614422125
real_data5_testing,category_flip,follicular_horn_plug,2,RandomForestClassifier,0.9906489862955441,0.06060606060606044,0.933291550523117,0.7932263814616757,0.8468504369771248,0.9352177234530175,0.6157932175422239
real_data5_testing,category_flip,follicular_horn_plug,3,DecisionTreeClassifier,0.967209814818881,0.06060606060606044,0.8691265205117944,0.5080213903743316,0.6394743737244448,0.5627196333078686,0.5636836567986523
real_data5_testing,category_flip,follicular_horn_plug,3,RandomForestClassifier,0.9825636579642635,0.09090909090909072,0.953067841612041,0.732620320855615,0.7838210589575489,0.8884644766997707,0.5337727635786
real_data5_testing,category_flip,follicular_horn_plug,4,DecisionTreeClassifier,0.9397455662840222,0.09090909090909072,-0.8369939987669746,0.269162210338681,0.48555888722011603,0.29075630252100837,0.4781198975411215
real_data5_testing,category_flip,follicular_horn_plug,4,RandomForestClassifier,0.9869520372890541,0.030303030303030054,0.789140077069024,0.7433155080213905,0.8175088294146878,0.8954927425515661,0.46124294784227
real_data5_testing,category_flip,perifollicular_parakeratosis,0,DecisionTreeClassifier,0.9770497473991487,-2.220446049250313e-16,-0.302990370848766,0.6506238859180037,0.6330275472773126,0.7090909090909091,0.5555310911810265
real_data5_testing,category_flip,perifollicular_parakeratosis,0,RandomForestClassifier,0.98018860693936,0.09090909090909072,0.9537785568007767,0.7896613190730838,0.7726984108029838,0.9330786860198624,0.5052916909282815
real_data5_testing,category_flip,perifollicular_parakeratosis,1,DecisionTreeClassifier,0.9563556745046182,0.36363636363636354,-0.29191713683396325,0.4973262032085562,0.6921265390631068,0.5141329258976317,0.6353621071540502
real_data5_testing,category_flip,perifollicular_parakeratosis,1,RandomForestClassifier,0.9870822833910645,0.21212121212121193,0.9815903017520061,0.7718360071301248,0.8204515835833996,0.9159663865546219,0.6239106497010221
real_data5_testing,category_flip,perifollicular_parakeratosis,2,DecisionTreeClassifier,0.9462992778490065,0.18181818181818166,-0.028717178995763204,0.46167557932263825,0.6674124404532544,0.5083269671504965,0.6221947878752588
real_data5_testing,category_flip,perifollicular_parakeratosis,2,RandomForestClassifier,0.9768357007479814,0.2727272727272726,0.9807875065830773,0.7611408199643495,0.7834202865698916,0.9122994652406416,0.5959894439245174
real_data5_testing,category_flip,perifollicular_parakeratosis,3,DecisionTreeClassifier,0.9687322843956668,0.2424242424242422,0.8868580514935955,0.5579322638146168,0.7823881416813718,0.628113063407181,0.5633022397476539
real_data5_testing,category_flip,perifollicular_parakeratosis,3,RandomForestClassifier,0.9652865720356828,0.09090909090909072,0.9120088358867869,0.6755793226381462,0.692085883189236,0.8591291061879297,0.5250463661655844
real_data5_testing,category_flip,perifollicular_parakeratosis,4,DecisionTreeClassifier,0.9723273665715126,0.030303030303030054,0.8950389713936538,0.6399286987522282,0.6676541421903939,0.6427807486631015,0.5490770967649122
real_data5_testing,category_flip,perifollicular_parakeratosis,4,RandomForestClassifier,0.9905315982153075,0.21212121212121193,0.9498669307069286,0.8181818181818183,0.8627110570721128,0.9352177234530175,0.5476798495632432
real_data5_testing,category_flip,inflammatory_monoluclear_inflitrate,0,DecisionTreeClassifier,0.9288945368619317,0.06060606060606044,0.6392433145021708,0.46167557932263825,0.48865633237337414,0.6250572956455309,0.5417962217364455
real_data5_testing,category_flip,inflammatory_monoluclear_inflitrate,0,RandomForestClassifier,0.9915469370873263,0.18181818181818166,0.9533112415822913,0.8110516934046347,0.8715864053995064,0.9382734912146676,0.679108111201515
real_data5_testing,category_flip,inflammatory_monoluclear_inflitrate,1,DecisionTreeClassifier,0.9432847806626362,0.121212121212121,0.6763443297492567,0.38680926916221037,0.5762743869028419,0.5309396485867074,0.5665226186011967
real_data5_testing,category_flip,inflammatory_monoluclear_inflitrate,1,RandomForestClassifier,0.9886931725289133,0.09090909090909072,0.9697738278329741,0.8395721925133691,0.852185123466489,0.9532467532467532,0.6698978743505117
real_data5_testing,category_flip,inflammatory_monoluclear_inflitrate,2,DecisionTreeClassifier,0.916911632002841,0.15151515151515138,0.8370628857605312,0.5472370766488415,0.4327277004337593,0.7497326203208555,0.5743540117377794
real_data5_testing,category_flip,inflammatory_monoluclear_inflitrate,2,RandomForestClassifier,0.99479844910675,0.121212121212121,0.9669696701423556,0.8467023172905528,0.9033731166380143,0.9572192513368982,0.576346218954329
real_data5_testing,category_flip,inflammatory_monoluclear_inflitrate,3,DecisionTreeClassifier,0.9326881916779309,0.09090909090909072,0.7123155215596324,0.35115864527629237,0.4793998433548613,0.5193277310924369,0.6346157106050061
real_data5_testing,category_flip,inflammatory_monoluclear_inflitrate,3,RandomForestClassifier,0.9931616584588101,0.21212121212121193,0.9623930931499975,0.8467023172905528,0.8830307052287107,0.9624140565317034,0.6291377769272811
real_data5_testing,category_flip,inflammatory_monoluclear_inflitrate,4,DecisionTreeClassifier,0.9007836715662375,-2.220446049250313e-16,0.564407519281814,0.4688057040998218,0.3543708794464836,0.6666157372039725,0.4566053094330052
real_data5_testing,category_flip,inflammatory_monoluclear_inflitrate,4,RandomForestClassifier,0.9956832199602014,0.2424242424242422,0.9693081837362127,0.8680926916221036,0.9094734853432052,0.9688311688311688,0.7402770966035734
real_data5_testing,category_flip,band-like_infiltrate,0,DecisionTreeClassifier,0.8908313734195076,0.09090909090909072,-0.5529100063501857,0.20142602495543677,0.3105752706526609,0.21802902979373567,0.576978971752673
real_data5_testing,category_flip,band-like_infiltrate,0,RandomForestClassifier,0.9871980156143403,0.06060606060606044,0.8687491259990048,0.8039215686274511,0.8265105422071622,0.9379679144385026,0.4633710343118963
real_data5_testing,category_flip,band-like_infiltrate,1,DecisionTreeClassifier,0.8769682344111609,-2.220446049250313e-16,0.9377712948143884,0.29055258467023176,0.19879437920119794,0.281283422459893,0.5201068252280682
real_data5_testing,category_flip,band-like_infiltrate,1,RandomForestClassifier,0.9887357605085925,0.09090909090909072,0.9165754534102799,0.8217468805704101,0.838996844444102,0.9422459893048126,0.5209048085301178
real_data5_testing,category_flip,band-like_infiltrate,2,DecisionTreeClassifier,0.9239710181297506,0.06060606060606044,-0.6091013570549508,0.20855614973262035,0.44647183503410465,0.25775401069518716,0.5552707660116005
real_data5_testing,category_flip,band-like_infiltrate,2,RandomForestClassifier,0.9816773273988153,0.15151515151515138,0.8921930811687061,0.8039215686274511,0.7488545195817338,0.9367456073338426,0.639745365101283
real_data5_testing,category_flip,band-like_infiltrate,3,DecisionTreeClassifier,0.8742464658458056,0.030303030303030054,-0.4941781258229321,0.23351158645276296,0.33951303572472685,0.28403361344537814,0.5045539577562574
real_data5_testing,category_flip,band-like_infiltrate,3,RandomForestClassifier,0.9804583457521694,0.18181818181818166,0.853938254746091,0.7789661319073085,0.7873348921063333,0.9294117647058823,0.6378401326067182
real_data5_testing,category_flip,band-like_infiltrate,4,DecisionTreeClassifier,0.9242686926692336,0.15151515151515138,0.9224315455350499,0.21212121212121213,0.4199388576429969,0.27547746371275783,0.5673551401881384
real_data5_testing,category_flip,band-like_infiltrate,4,RandomForestClassifier,0.9871968729749189,0.030303030303030054,0.9649880062485644,0.8573975044563281,0.8433321615067082,0.9666921313980136,0.40711528715714684
real_data5_testing,category_flip,class,0,DecisionTreeClassifier,0.9385869434262055,0.15151515151515138,-0.11717173267978631,0.4010695187165776,0.40337851274833536,0.5254392666157373,0.6435622805722822
real_data5_testing,category_flip,class,0,RandomForestClassifier,0.9745791802241426,0.030303030303030054,0.6377971584350004,0.6434937611408201,0.7669158609384286,0.7992360580595874,0.5188089583875912
real_data5_testing,category_flip,class,1,DecisionTreeClassifier,0.9364960377020015,0.121212121212121,0.4303928679208082,0.3012477718360072,0.4248520329059866,0.44751718869365925,0.6182290551546807
real_data5_testing,category_flip,class,1,RandomForestClassifier,0.9731372603015614,0.06060606060606044,0.781015486015936,0.6755793226381462,0.74602624643398,0.8612681436210847,0.4649475368242073
real_data5_testing,category_flip,class,2,DecisionTreeClassifier,0.9372639250964397,0.121212121212121,0.5033613881304582,0.4081996434937612,0.44276397024470476,0.5101604278074866,0.563143740488612
real_data5_testing,category_flip,class,2,RandomForestClassifier,0.9660722744077678,-2.220446049250313e-16,0.6558815319801939,0.5686274509803922,0.6769067048924584,0.7527883880825057,0.5136889924689496
real_data5_testing,category_flip,class,3,DecisionTreeClassifier,0.9052587390921651,0.21212121212121193,0.48760674282807226,0.3796791443850268,0.43798010338727456,0.4808250572956455,0.6479291568536176
real_data5_testing,category_flip,class,3,RandomForestClassifier,0.9783977365455696,0.09090909090909072,0.7468829024604844,0.6827094474153299,0.7715108811250087,0.8646294881589,0.5230009816306831
real_data5_testing,category_flip,class,4,DecisionTreeClassifier,0.9234659207709034,0.09090909090909072,0.39480860621739566,0.3262032085561498,0.28241962624177613,0.37173414820473644,0.5536096181361202
real_data5_testing,category_flip,class,4,RandomForestClassifier,0.963813709696464,0.06060606060606044,0.734882749433172,0.679144385026738,0.7051629348917766,0.8536287242169593,0.48253081743520077
real_data5_testing,correlation_mix,Age_linear,0,LinearRegression,0.8567343008094985,0.06060606060606044,-0.3610429872434686,0.358288770053476,0.1413303178573305,0.519633307868602,0.4705538504452267
real_data5_testing,correlation_mix,Age_linear,0,RandomForestRegressor,0.9925739479199325,0.2727272727272726,0.8799848522740926,0.807486631016043,0.876802882603605,0.9407181054239878,0.6235918196166179
real_data5_testing,correlation_mix,Age_linear,1,LinearRegression,0.849737155853718,-0.030303030303030498,-0.9242920477940744,0.31194295900178254,0.09110467269230046,0.44843391902215424,0.47234617531058565
real_data5_testing,correlation_mix,Age_linear,1,RandomForestRegressor,0.9799360191488955,0.18181818181818166,0.8513436425214779,0.7932263814616757,0.7881262891697116,0.9291061879297172,0.5951452612764349
real_data5_testing,correlation_mix,Age_linear,2,LinearRegression,0.8941985936741977,0.09090909090909072,0.11755689266713776,0.31550802139037437,0.2758477982420053,0.4710466004583651,0.5308524564879499
real_data5_testing,correlation_mix,Age_linear,2,RandomForestRegressor,0.9942112764892632,0.18181818181818166,0.8258773615911809,0.8039215686274511,0.879931846933452,0.9440794499618028,0.6223725065994178
real_data5_testing,correlation_mix,Age_linear,3,LinearRegression,0.8921897053037394,0.030303030303030054,-1.196190893588636,0.3440285204991088,0.3385144463759533,0.492742551566081,0.4580928322651184
real_data5_testing,correlation_mix,Age_linear,3,RandomForestRegressor,0.9927617522148068,0.18181818181818166,0.7343094318695689,0.8039215686274511,0.8745369927533164,0.9388846447669976,0.592203992868635
real_data5_testing,correlation_mix,Age_linear,4,LinearRegression,0.9295326971011997,0.030303030303030054,0.3477159215455684,0.4010695187165776,0.3705334597737634,0.5410236822001528,0.600557558516217
real_data5_testing,correlation_mix,Age_linear,4,RandomForestRegressor,0.9950956125033691,0.21212121212121193,0.9029915129683288,0.8181818181818183,0.8899510305943383,0.9501909854851031,0.6615768419396479
real_data5_testing,correlation_mix,erythema,0,DecisionTreeClassifier,0.9534247493169477,0.121212121212121,0.4673023623323085,0.5828877005347595,0.7084752639629615,0.7298701298701298,0.5862404043354419
real_data5_testing,correlation_mix,erythema,0,RandomForestClassifier,0.9983176364089462,0.36363636363636354,0.9960733053495779,0.9465240641711232,0.9546699429291463,0.9929717341482046,0.6798466858123966
real_data5_testing,correlation_mix,erythema,1,DecisionTreeClassifier,0.9309906500019894,0.06060606060606044,0.7000364467973053,0.6185383244206775,0.5304860899141941,0.8294881588999236,0.56432010925966
real_data5_testing,correlation_mix,erythema,1,RandomForestClassifier,0.9990088559482476,0.36363636363636354,0.9893169144371533,0.9180035650623887,0.959414209394564,0.9868601986249044,0.7165642412825834
real_data5_testing,correlation_mix,erythema,2,DecisionTreeClassifier,0.898049964488644,0.121212121212121,0.6720722636907301,0.5436720142602497,0.40923582552677285,0.7032849503437738,0.6333129319498966
real_data5_testing,correlation_mix,erythema,2,RandomForestClassifier,0.996819302448163,0.36363636363636354,0.9855027220439598,0.910873440285205,0.9301713921104935,0.9862490450725744,0.7128484794690741
real_data5_testing,correlation_mix,erythema,3,DecisionTreeClassifier,0.9715239452895158,0.030303030303030054,0.7242080854211019,0.6684491978609627,0.7255746358814499,0.8566844919786095,0.5426081939699308
real_data5_testing,correlation_mix,erythema,3,RandomForestClassifier,0.9969436248353724,0.36363636363636354,0.9877670120430659,0.9251336898395723,0.9374240766746158,0.9859434682964094,0.744824036836568
real_data5_testing,correlation_mix,erythema,4,DecisionTreeClassifier,0.9336265813347319,0.030303030303030054,0.2680030062691573,0.340463458110517,0.4353393783670235,0.4820473644003056,0.5753203818121041
real_data5_testing,correlation_mix,erythema,4,RandomForestClassifier,0.9958306854047536,0.33333333333333315,0.991171812958236,0.9001782531194297,0.9203109447800906,0.977692895339954,0.7220939203888146
real_data5_testing,correlation_mix,scaling,0,DecisionTreeClassifier,0.9515074727627268,0.09090909090909072,0.8478999192552839,0.572192513368984,0.5688299987916228,0.7457601222307104,0.5944884048730019
real_data5_testing,correlation_mix,scaling,0,RandomForestClassifier,0.9970595412244226,0.2424242424242422,0.992534562104206,0.9215686274509806,0.93602265069257,0.9877769289533994,0.7356968185931921
real_data5_testing,correlation_mix,scaling,1,DecisionTreeClassifier,0.9352904557088033,0.030303030303030054,0.7820399922695832,0.5472370766488415,0.4883576277462282,0.7179526355996945,0.5465914515003566
real_data5_testing,correlation_mix,scaling,1,RandomForestClassifier,0.9972815426577677,0.33333333333333315,0.9863467803101001,0.9215686274509806,0.9335427904858388,0.9865546218487394,0.7320717159782025
real_data5_testing,correlation_mix,scaling,2,DecisionTreeClassifier,0.9682512676669803,0.121212121212121,0.8680779310925006,0.6577540106951872,0.7404521820549177,0.8334606569900688,0.5801159120693088
real_data5_testing,correlation_mix,scaling,2,RandomForestClassifier,0.998974393476982,0.3939393939393938,0.9925959845072563,0.9251336898395723,0.9585394564861172,0.9871657754010694,0.73660601834125
real_data5_testing,correlation_mix,scaling,3,DecisionTreeClassifier,0.9713889328759269,0.121212121212121,0.8790253043320515,0.7112299465240642,0.6678205212585787,0.8524064171122994,0.6393377673235452
real_data5_testing,correlation_mix,scaling,3,RandomForestClassifier,0.9983177149421287,0.33333333333333315,0.9773707801352727,0.8966131907308379,0.9485766681359762,0.977998472116119,0.7812324371392227
real_data5_testing,correlation_mix,scaling,4,DecisionTreeClassifier,0.9556797507366227,0.121212121212121,0.7806879208933263,0.5472370766488415,0.6818237883804255,0.7130634071810542,0.510711847304548
real_data5_testing,correlation_mix,scaling,4,RandomForestClassifier,0.9986511538415747,0.30303030303030287,0.9718076682748898,0.9144385026737969,0.9532292508628852,0.9850267379679144,0.6215489973251556
real_data5_testing,correlation_mix,definite_borders,0,DecisionTreeClassifier,0.9772791730540067,0.121212121212121,0.8798101858593148,0.7076648841354726,0.7648958868322057,0.8777692895339954,0.5386880499177328
real_data5_testing,correlation_mix,definite_borders,0,RandomForestClassifier,0.9924181012122072,0.2727272727272726,0.9941617683823721,0.8716577540106952,0.8867532471611437,0.9618029029793734,0.690688275169566
real_data5_testing,correlation_mix,definite_borders,1,DecisionTreeClassifier,0.8993049492241763,0.06060606060606044,0.8153185304481769,0.5401069518716578,0.3867300438474315,0.7054239877769289,0.5061624200950547
real_data5_testing,correlation_mix,definite_borders,1,RandomForestClassifier,0.9972367961282831,0.36363636363636354,0.9694303492541892,0.9251336898395723,0.9402902424231845,0.9886936592818946,0.6623793245842845
real_data5_testing,correlation_mix,definite_borders,2,DecisionTreeClassifier,0.9439441689989363,0.06060606060606044,0.5569886278020739,0.6292335115864528,0.5677519592325786,0.8190985485103132,0.4842594821789091
real_data5_testing,correlation_mix,definite_borders,2,RandomForestClassifier,0.9957244507607066,0.21212121212121193,0.9878571263406024,0.928698752228164,0.9183500061647696,0.9908326967150496,0.6254167246505357
real_data5_testing,correlation_mix,definite_borders,3,DecisionTreeClassifier,0.9609743398206729,0.06060606060606044,0.6719755490040685,0.6007130124777185,0.6230053762715886,0.7699006875477462,0.5219347195191176
real_data5_testing,correlation_mix,definite_borders,3,RandomForestClassifier,0.9973313320931548,0.30303030303030287,0.9910939703063802,0.9251336898395723,0.9343387570163125,0.9880825057295646,0.7402920721242043
real_data5_testing,correlation_mix,definite_borders,4,DecisionTreeClassifier,0.9584641152256043,0.030303030303030054,0.667346597946662,0.6007130124777185,0.5390140673476904,0.784568372803667,0.4700062961476726
real_data5_testing,correlation_mix,definite_borders,4,RandomForestClassifier,0.9968708883802544,0.4242424242424241,0.9886293749812768,0.9322638146167559,0.9308006684518677,0.9908326967150496,0.66485436970424
real_data5_testing,correlation_mix,itching,0,DecisionTreeClassifier,0.9768515407775039,0.030303030303030054,0.7734738025773447,0.6434937611408201,0.6808872425293612,0.8065699006875477,0.5300625676362779
real_data5_testing,correlation_mix,itching,0,RandomForestClassifier,0.9983037709425048,0.21212121212121193,0.9871187290844086,0.9215686274509806,0.945562994573393,0.9874713521772344,0.6774020554641293
real_data5_testing,correlation_mix,itching,1,DecisionTreeClassifier,0.9667257985263625,0.06060606060606044,0.6300057188722734,0.6720142602495545,0.6872340033863064,0.8435446906035141,0.5709826129430684
real_data5_testing,correlation_mix,itching,1,RandomForestClassifier,0.9960395594277613,0.36363636363636354,0.9833880994765273,0.910873440285205,0.9234743463815742,0.9819709702062642,0.7820586246246185
real_data5_testing,correlation_mix,itching,2,DecisionTreeClassifier,0.9450904170450235,0.09090909090909072,0.8362067220855447,0.6399286987522282,0.5636237167119692,0.8062643239113826,0.5680049768900962
real_data5_testing,correlation_mix,itching,2,RandomForestClassifier,0.9990875184866406,0.4545454545454545,0.9938809494412569,0.9536541889483067,0.967967063484749,0.9941940412528646,0.6798874619019282
real_data5_testing,correlation_mix,itching,3,DecisionTreeClassifier,0.9752671114155665,0.121212121212121,0.902637399673861,0.750445632798574,0.7560272403976094,0.9025210084033612,0.6297370070006705
real_data5_testing,correlation_mix,itching,3,RandomForestClassifier,0.9981141246202562,0.36363636363636354,0.9875203207909812,0.9251336898395723,0.9456529962717429,0.9862490450725744,0.7449755744882706
real_data5_testing,correlation_mix,itching,4,DecisionTreeClassifier,0.9593765876909922,-2.220446049250313e-16,0.6991122904414793,0.6292335115864528,0.6801475902560303,0.815126050420168,0.523154631287468
real_data5_testing,correlation_mix,itching,4,RandomForestClassifier,0.9961651891657084,0.30303030303030287,0.9898095203611788,0.9251336898395723,0.9310656561915005,0.9859434682964094,0.8350725951446508
real_data5_testing,correlation_mix,koebner_phenomenon,0,DecisionTreeClassifier,0.9659817438608558,0.06060606060606044,0.6932269409682286,0.6613190730837791,0.6208380035542984,0.7757066462948815,0.5107683795842636
real_data5_testing,correlation_mix,koebner_phenomenon,0,RandomForestClassifier,0.9982289727469271,0.3939393939393938,0.9879716998087695,0.9358288770053477,0.9565193236567008,0.9871657754010694,0.6033508527727183
real_data5_testing,correlation_mix,koebner_phenomenon,1,DecisionTreeClassifier,0.9899866676962379,0.121212121212121,0.7155722834814617,0.8003565062388593,0.8792372384254881,0.9306340718105425,0.5510337888582877
real_data5_testing,correlation_mix,koebner_phenomenon,1,RandomForestClassifier,0.9982019583424758,0.36363636363636354,0.9858009320856785,0.9215686274509806,0.9553979365026473,0.9822765469824292,0.7231472572475505
real_data5_testing,correlation_mix,koebner_phenomenon,2,DecisionTreeClassifier,0.9595016182611227,0.21212121212121193,0.8760198721454553,0.7076648841354726,0.6535237138705654,0.8609625668449197,0.6951372541418656
real_data5_testing,correlation_mix,koebner_phenomenon,2,RandomForestClassifier,0.9972907111535245,0.4545454545454545,0.9909529218641712,0.9073083778966133,0.9390661943738217,0.9804430863254392,0.705690176197941
real_data5_testing,correlation_mix,koebner_phenomenon,3,DecisionTreeClassifier,0.9684757498461743,0.06060606060606044,0.8722203944150365,0.714795008912656,0.7573992395665172,0.8710466004583649,0.4664900419198817
real_data5_testing,correlation_mix,koebner_phenomenon,3,RandomForestClassifier,0.9956503795092646,0.30303030303030287,0.9886581351976149,0.8787878787878789,0.9052650476126769,0.9734148204736438,0.5954969219466301
real_data5_testing,correlation_mix,koebner_phenomenon,4,DecisionTreeClassifier,0.9460881318441581,0.06060606060606044,0.8941284972253477,0.7361853832442069,0.7360374217272887,0.8725744843391902,0.4995604773399987
real_data5_testing,correlation_mix,koebner_phenomenon,4,RandomForestClassifier,0.9982247102444565,0.36363636363636354,0.9861089105255236,0.9037433155080216,0.9465812259410654,0.9819709702062642,0.6131771826555358
real_data5_testing,correlation_mix,polygonal_papules,0,DecisionTreeClassifier,0.9673348606493463,0.030303030303030054,0.983946594403266,0.5614973262032087,0.5964843933363471,0.6446142093200917,0.5319715603729948
real_data5_testing,correlation_mix,polygonal_papules,0,RandomForestClassifier,0.9982661434004965,0.3939393939393938,0.9988613473039475,0.9536541889483067,0.9564142873820811,0.9938884644766998,0.6405689560479475
real_data5_testing,correlation_mix,polygonal_papules,1,DecisionTreeClassifier,0.9930882678182138,0.21212121212121193,0.9911654136378516,0.8395721925133691,0.9121070187165379,0.8887700534759357,0.6533453306075532
real_data5_testing,correlation_mix,polygonal_papules,1,RandomForestClassifier,0.9995155957101902,0.606060606060606,0.9988519530663904,0.9607843137254903,0.9755445756415554,0.9957219251336898,0.897221080923134
real_data5_testing,correlation_mix,polygonal_papules,2,DecisionTreeClassifier,0.8813698501865883,0.21212121212121193,0.9908415564362665,0.5222816399286988,0.4987427852598418,0.6055003819709701,0.6226164979546769
real_data5_testing,correlation_mix,polygonal_papules,2,RandomForestClassifier,0.9991825773099039,0.6363636363636362,0.9985782321034226,0.9750445632798576,0.9764189555152348,0.9972498090145148,0.7276607969823888
real_data5_testing,correlation_mix,polygonal_papules,3,DecisionTreeClassifier,0.9186223104836271,0.09090909090909072,0.9953532991461654,0.6934046345811052,0.6680159303548041,0.7766233766233765,0.5079258031510312
real_data5_testing,correlation_mix,polygonal_papules,3,RandomForestClassifier,0.9984135701012847,0.33333333333333315,0.9961567178025519,0.9322638146167559,0.9556496254860567,0.9874713521772344,0.699133463502753
real_data5_testing,correlation_mix,polygonal_papules,4,DecisionTreeClassifier,0.8994343757398322,0.121212121212121,0.9690361923949239,0.5115864527629235,0.5407348604733522,0.5569136745607333,0.576057275168311
real_data5_testing,correlation_mix,polygonal_papules,4,RandomForestClassifier,0.9989291727622198,0.36363636363636354,0.9976299685714402,0.9465240641711232,0.9647734984752003,0.9932773109243698,0.6332574818398781
real_data5_testing,correlation_mix,follicular_papules,0,DecisionTreeClassifier,0.928191414297691,0.06060606060606044,0.8831469768433291,0.6221033868092692,0.6787955029224048,0.6598930481283422,0.5021324691948981
real_data5_testing,correlation_mix,follicular_papules,0,RandomForestClassifier,0.9986918786395264,0.3939393939393938,0.988131035630744,0.9429590017825313,0.9557355707887452,0.9923605805958746,0.7672274689359249
real_data5_testing,correlation_mix,follicular_papules,1,DecisionTreeClassifier,0.9793049383920924,0.21212121212121193,0.8445499908030182,0.572192513368984,0.8125966887266576,0.6889228418640182,0.5761158790911418
real_data5_testing,correlation_mix,follicular_papules,1,RandomForestClassifier,0.9929959990971494,0.21212121212121193,0.9721092716373338,0.8680926916221036,0.8867283512906818,0.9608861726508786,0.6474069931180453
real_data5_testing,correlation_mix,follicular_papules,2,DecisionTreeClassifier,0.9996617297720725,0.9090909090909091,0.9878368230451781,0.9643493761140822,0.9889374217915192,0.9905271199388846,0.9931065144257499
real_data5_testing,correlation_mix,follicular_papules,2,RandomForestClassifier,0.9870247431957474,0.30303030303030287,0.9788586580404606,0.9180035650623887,0.8656677458708957,0.9856378915202444,0.7107800196731067
real_data5_testing,correlation_mix,follicular_papules,3,DecisionTreeClassifier,0.975791569753669,0.2727272727272726,0.9630557014565301,0.8146167557932265,0.867450953547489,0.8600458365164247,0.6144515751616951
real_data5_testing,correlation_mix,follicular_papules,3,RandomForestClassifier,0.9970281802041346,0.30303030303030287,0.9945797977247374,0.9144385026737969,0.9337089473769263,0.9853323147440795,0.7177920180971687
real_data5_testing,correlation_mix,follicular_papules,4,DecisionTreeClassifier,0.9915364829649007,0.2727272727272726,0.9835459083486985,0.8467023172905528,0.8962030597097214,0.9022154316271962,0.5343897607106115
real_data5_testing,correlation_mix,follicular_papules,4,RandomForestClassifier,0.9971492419722073,0.2424242424242422,0.9951845884514287,0.8823529411764708,0.9191554655111793,0.977387318563789,0.7168358927467448
real_data5_testing,correlation_mix,oral_mucosal_involvement,0,DecisionTreeClassifier,0.9172314857877536,0.15151515151515138,0.9825367487950369,0.4010695187165776,0.5091421617631517,0.4747135217723453,0.5410248650368575
real_data5_testing,correlation_mix,oral_mucosal_involvement,0,RandomForestClassifier,0.9999048212864151,0.7575757575757576,0.99834456600777,0.985739750445633,0.993037870891409,0.9987776928953398,0.9125670750767837
real_data5_testing,correlation_mix,oral_mucosal_involvement,1,DecisionTreeClassifier,0.9318640748914795,0.15151515151515138,0.9915853484329114,0.4509803921568628,0.5632728444661631,0.5226890756302521,0.5954690821491885
real_data5_testing,correlation_mix,oral_mucosal_involvement,1,RandomForestClassifier,0.9958833262228275,0.36363636363636354,0.9966600815625586,0.9429590017825313,0.9266726973137589,0.9926661573720396,0.7206130723877143
real_data5_testing,correlation_mix,oral_mucosal_involvement,2,DecisionTreeClassifier,0.9806908208092875,0.121212121212121,0.9915127719425542,0.750445632798574,0.8496610629487475,0.8603514132925898,0.5331207302876697
real_data5_testing,correlation_mix,oral_mucosal_involvement,2,RandomForestClassifier,0.9984732026564819,0.4242424242424241,0.9948526746778827,0.9500891265597149,0.9586366038640841,0.9926661573720396,0.7775931470946549
real_data5_testing,correlation_mix,oral_mucosal_involvement,3,DecisionTreeClassifier,0.9360962795043996,0.15151515151515138,0.9874759885694212,0.4331550802139038,0.568079188266732,0.5327731092436975,0.5360735248253052
real_data5_testing,correlation_mix,oral_mucosal_involvement,3,RandomForestClassifier,0.9994727458509561,0.515151515151515,0.997405475729413,0.9429590017825313,0.9752653514152723,0.9908326967150496,0.8014818392166574
real_data5_testing,correlation_mix,oral_mucosal_involvement,4,DecisionTreeClassifier,0.9859983579263972,0.18181818181818166,0.9941649843211509,0.8752228163992871,0.917644657130749,0.9306340718105425,0.6035258387398157
real_data5_testing,correlation_mix,oral_mucosal_involvement,4,RandomForestClassifier,0.9991709623585036,0.4242424242424241,0.9945840896500026,0.9500891265597149,0.9672179320862446,0.9932773109243698,0.684516275318658
real_data5_testing,correlation_mix,knee_and_elbow_involvement,0,DecisionTreeClassifier,0.9918541767664839,0.2424242424242422,0.9449887139427346,0.7575757575757577,0.8701919280311428,0.8961038961038961,0.5823213676018208
real_data5_testing,correlation_mix,knee_and_elbow_involvement,0,RandomForestClassifier,0.997084900923316,0.30303030303030287,0.9911551794331027,0.9393939393939396,0.9415333923624005,0.9914438502673798,0.642162460409345
real_data5_testing,correlation_mix,knee_and_elbow_involvement,1,DecisionTreeClassifier,0.9925561221392674,0.18181818181818166,0.9792833655534662,0.8110516934046347,0.8890458908503407,0.919938884644767,0.5560765502998781
real_data5_testing,correlation_mix,knee_and_elbow_involvement,1,RandomForestClassifier,0.9920544239733576,0.30303030303030287,0.9839914879747098,0.8752228163992871,0.8738300133407391,0.9703590527119939,0.7526425959278955
real_data5_testing,correlation_mix,knee_and_elbow_involvement,2,DecisionTreeClassifier,0.9704424995675617,0.09090909090909072,0.9481071229748256,0.6613190730837791,0.697264078029763,0.8285714285714285,0.6038236403795134
real_data5_testing,correlation_mix,knee_and_elbow_involvement,2,RandomForestClassifier,0.9962919656940115,0.48484848484848475,0.9869860233431244,0.928698752228164,0.9310904804782839,0.9905271199388846,0.7912372580676731
real_data5_testing,correlation_mix,knee_and_elbow_involvement,3,DecisionTreeClassifier,0.9832866788783079,0.2424242424242422,0.9550192096129608,0.6292335115864528,0.7986950665420586,0.7796791443850267,0.5962288136976911
real_data5_testing,correlation_mix,knee_and_elbow_involvement,3,RandomForestClassifier,0.9964553180313386,0.2727272727272726,0.9896774965050965,0.9144385026737969,0.9315145789988999,0.9810542398777692,0.5548232348090838
real_data5_testing,correlation_mix,knee_and_elbow_involvement,4,DecisionTreeClassifier,0.9647227252617079,0.21212121212121193,0.9598880278318367,0.6149732620320856,0.7150832063118462,0.7295645530939647,0.6368635669381466
real_data5_testing,correlation_mix,knee_and_elbow_involvement,4,RandomForestClassifier,0.9992641073713657,0.48484848484848475,0.991574038609362,0.9536541889483067,0.9744385395846971,0.9914438502673798,0.7109955266030136
real_data5_testing,correlation_mix,scalp_involvement,0,DecisionTreeClassifier,0.9749902826347341,0.2424242424242422,0.9473915395005184,0.6221033868092692,0.7577182568972751,0.7607333842627959,0.5680521458607761
real_data5_testing,correlation_mix,scalp_involvement,0,RandomForestClassifier,0.9866071652238384,0.4545454545454545,0.9947742142708509,0.9429590017825313,0.874478669599722,0.9905271199388846,0.781163101943772
real_data5_testing,correlation_mix,scalp_involvement,1,DecisionTreeClassifier,0.9350136704484242,0.15151515151515138,0.9480823288854506,0.5294117647058825,0.5951567974458323,0.6693659281894575,0.5472024581089143
real_data5_testing,correlation_mix,scalp_involvement,1,RandomForestClassifier,0.9993713503159279,0.5757575757575757,0.9911867450574373,0.9500891265597149,0.9756421936999813,0.9908326967150496,0.8182822059193446
real_data5_testing,correlation_mix,scalp_involvement,2,DecisionTreeClassifier,0.9707053841398358,0.09090909090909072,0.9171896801408589,0.5828877005347595,0.6584646853160636,0.7588999236058059,0.4516594402610198
real_data5_testing,correlation_mix,scalp_involvement,2,RandomForestClassifier,0.9977029107378519,0.3939393939393938,0.991875141480567,0.9465240641711232,0.952611023677761,0.9923605805958746,0.7826288275238775
real_data5_testing,correlation_mix,scalp_involvement,3,DecisionTreeClassifier,0.9725844754349178,0.18181818181818166,0.9477898019134914,0.6042780748663102,0.7555329679918877,0.7521772345301757,0.572114119929144
real_data5_testing,correlation_mix,scalp_involvement,3,RandomForestClassifier,0.9863617398446136,0.36363636363636354,0.995082498142554,0.9322638146167559,0.8577750974127646,0.9899159663865545,0.7017221155658997
real_data5_testing,correlation_mix,scalp_involvement,4,DecisionTreeClassifier,0.9233342430175167,0.18181818181818166,0.9367981387587789,0.5472370766488415,0.5259166623792572,0.6571428571428571,0.6056034288285536
real_data5_testing,correlation_mix,scalp_involvement,4,RandomForestClassifier,0.9992090564061258,0.36363636363636354,0.9912818053215031,0.9500891265597149,0.9678235590972945,0.9941940412528646,0.7360473139043361
real_data5_testing,correlation_mix,family_history,0,DecisionTreeClassifier,0.9794791455636149,0.15151515151515138,0.569325933160511,0.7397504456327987,0.8496584483320715,0.8597402597402597,0.5734859538905465
real_data5_testing,correlation_mix,family_history,0,RandomForestClassifier,0.9961168764595566,0.15151515151515138,0.9822551502668336,0.9144385026737969,0.923350573207335,0.9859434682964094,0.6796853437848049
real_data5_testing,correlation_mix,family_history,1,DecisionTreeClassifier,0.9701366611283683,0.030303030303030054,0.6757565587714728,0.679144385026738,0.5960222757168654,0.7631779984721161,0.5403642425562016
real_data5_testing,correlation_mix,family_history,1,RandomForestClassifier,0.9968750336055233,0.4545454545454545,0.9744486410434475,0.8966131907308379,0.9309501522004427,0.9749427043544691,0.7393592228329163
real_data5_testing,correlation_mix,family_history,2,DecisionTreeClassifier,0.8926858497230372,0.18181818181818166,0.6676660119606435,0.4581105169340464,0.39545714439008395,0.5853323147440793,0.5685298629861344
real_data5_testing,correlation_mix,family_history,2,RandomForestClassifier,0.9926069620982307,0.2727272727272726,0.9776555321486714,0.8609625668449199,0.8812430979016261,0.9669977081741786,0.5456418575669202
real_data5_testing,correlation_mix,family_history,3,DecisionTreeClassifier,0.8216685330521346,0.121212121212121,0.11810662934316962,0.3475935828877006,0.19593256297451483,0.3686783804430863,0.4848322629437637
real_data5_testing,correlation_mix,family_history,3,RandomForestClassifier,0.9967359652355806,0.3939393939393938,0.977965596802185,0.9251336898395723,0.9338453587274457,0.9853323147440795,0.7634446043990131
real_data5_testing,correlation_mix,family_history,4,DecisionTreeClassifier,0.9266314071765703,0.18181818181818166,0.3689033422273038,0.35115864527629237,0.5122203856703019,0.43223834988540866,0.6092753528909816
real_data5_testing,correlation_mix,family_history,4,RandomForestClassifier,0.9971785662454291,0.21212121212121193,0.983585336209327,0.8930481283422461,0.9326052095008222,0.9783040488922842,0.6122450876832479
real_data5_testing,correlation_mix,melanin_incontinence,0,DecisionTreeClassifier,0.9379028951201561,0.06060606060606044,0.9929494210046235,0.5757575757575758,0.6891369689124438,0.6424751718869365,0.565305408560512
real_data5_testing,correlation_mix,melanin_incontinence,0,RandomForestClassifier,0.9993197337224304,0.6666666666666665,0.9988990324973492,0.9643493761140822,0.9757350880233908,0.9948051948051948,0.7643030907271587
real_data5_testing,correlation_mix,melanin_incontinence,1,DecisionTreeClassifier,0.9854433158744488,0.21212121212121193,0.9962142283259842,0.679144385026738,0.830867355521195,0.764705882352941,0.5657541446110872
real_data5_testing,correlation_mix,melanin_incontinence,1,RandomForestClassifier,0.9969661604350184,0.36363636363636354,0.9979939317019708,0.9393939393939396,0.9379609058458394,0.9914438502673798,0.7211279762483711
real_data5_testing,correlation_mix,melanin_incontinence,2,DecisionTreeClassifier,0.9442374967638576,0.121212121212121,0.9783272717204737,0.4224598930481284,0.6616327856843776,0.520550038197097,0.5067915659406026
real_data5_testing,correlation_mix,melanin_incontinence,2,RandomForestClassifier,0.9994212027884393,0.5757575757575757,0.998891617615135,0.967914438502674,0.9761204733578314,0.9969442322383497,0.8147936973252282
real_data5_testing,correlation_mix,melanin_incontinence,3,DecisionTreeClassifier,0.9626458908742878,0.5454545454545454,0.9954221090994307,0.714795008912656,0.8002451122233545,0.762872421695951,0.6664313360560963
real_data5_testing,correlation_mix,melanin_incontinence,3,RandomForestClassifier,0.9997129225064626,0.606060606060606,0.9983498286403869,0.9714795008912657,0.9842669947616596,0.996638655462185,0.7662540262559084
real_data5_testing,correlation_mix,melanin_incontinence,4,DecisionTreeClassifier,0.9572085837362673,0.21212121212121193,0.989295590793611,0.5650623885918004,0.7301793573306798,0.6433919022154316,0.5613426725428541
real_data5_testing,correlation_mix,melanin_incontinence,4,RandomForestClassifier,0.9994735349385182,0.5757575757575757,0.998475585246578,0.967914438502674,0.979386558088612,0.9960275019098548,0.7203348241934172
real_data5_testing,correlation_mix,eosinophils_in_the_infiltrate,0,DecisionTreeClassifier,0.8727609596347315,0.030303030303030054,0.3797211449875527,0.47237076648841364,0.28671297463693096,0.6051948051948052,0.5037026597408576
real_data5_testing,correlation_mix,eosinophils_in_the_infiltrate,0,RandomForestClassifier,0.9969384358563925,0.36363636363636354,0.9829691601194882,0.9215686274509806,0.9328615147617945,0.9874713521772344,0.6832192476030866
real_data5_testing,correlation_mix,eosinophils_in_the_infiltrate,1,DecisionTreeClassifier,0.9826916748348206,0.3939393939393938,0.08297109130164093,0.7397504456327987,0.8201959543024162,0.8502673796791443,0.6852678285208851
real_data5_testing,correlation_mix,eosinophils_in_the_infiltrate,1,RandomForestClassifier,0.9971384309743696,0.30303030303030287,0.9763623798990655,0.910873440285205,0.9321924119575858,0.9816653934300992,0.822541834336974
real_data5_testing,correlation_mix,eosinophils_in_the_infiltrate,2,DecisionTreeClassifier,0.9373208084428789,0.06060606060606044,0.47260797008155353,0.5971479500891266,0.6420312881579355,0.7460656990068754,0.494742406229044
real_data5_testing,correlation_mix,eosinophils_in_the_infiltrate,2,RandomForestClassifier,0.9992736439347998,0.36363636363636354,0.9858574718404519,0.9322638146167559,0.968949901658134,0.9896103896103896,0.6747358722839998
real_data5_testing,correlation_mix,eosinophils_in_the_infiltrate,3,DecisionTreeClassifier,0.9520400440989798,0.48484848484848475,0.6434250110959674,0.6399286987522282,0.6838840425984241,0.762261268143621,0.812362424981717
real_data5_testing,correlation_mix,eosinophils_in_the_infiltrate,3,RandomForestClassifier,0.9938974167319774,0.21212121212121193,0.9775601278817497,0.8859180035650626,0.8998129879524975,0.9718869365928188,0.6632200015184281
real_data5_testing,correlation_mix,eosinophils_in_the_infiltrate,4,DecisionTreeClassifier,0.9119844914515857,0.09090909090909072,0.7215838856650785,0.6185383244206775,0.5419867757412193,0.7497326203208555,0.6802026922648935
real_data5_testing,correlation_mix,eosinophils_in_the_infiltrate,4,RandomForestClassifier,0.9906655714140952,0.33333333333333315,0.9807514777509097,0.8716577540106952,0.8822483880356164,0.9645530939648587,0.610324913103453
real_data5_testing,correlation_mix,PNL_infiltrate,0,DecisionTreeClassifier,0.9821427222935442,0.2424242424242422,0.9366420296161632,0.6506238859180037,0.7908366608029554,0.788846447669977,0.6121432012019414
real_data5_testing,correlation_mix,PNL_infiltrate,0,RandomForestClassifier,0.9987242893365573,0.4545454545454545,0.9927978400519188,0.928698752228164,0.9594180071005789,0.9874713521772344,0.7108088578259109
real_data5_testing,correlation_mix,PNL_infiltrate,1,DecisionTreeClassifier,0.9852768250604567,0.30303030303030287,0.8589741903962569,0.6042780748663102,0.81757998931691,0.7442322383498854,0.5733533787292544
real_data5_testing,correlation_mix,PNL_infiltrate,1,RandomForestClassifier,0.9985786303046084,0.4242424242424241,0.9942189543701073,0.9322638146167559,0.9570797711310641,0.9871657754010694,0.7729216108367178
real_data5_testing,correlation_mix,PNL_infiltrate,2,DecisionTreeClassifier,0.9814239752921555,0.15151515151515138,0.9174513979270489,0.6399286987522282,0.7641942493890969,0.7637891520244462,0.6292737576484652
real_data5_testing,correlation_mix,PNL_infiltrate,2,RandomForestClassifier,0.9953238864800555,0.30303030303030287,0.9952495371683783,0.9358288770053477,0.9227430754986521,0.9905271199388846,0.6576494439164254
real_data5_testing,correlation_mix,PNL_infiltrate,3,DecisionTreeClassifier,0.9758431046424101,0.121212121212121,0.9075366703908885,0.5935828877005349,0.7080298255356541,0.6977845683728037,0.5523033599052868
real_data5_testing,correlation_mix,PNL_infiltrate,3,RandomForestClassifier,0.999313027521647,0.515151515151515,0.990889251748459,0.9393939393939396,0.9714816805665782,0.9899159663865545,0.8341945510009359
real_data5_testing,correlation_mix,PNL_infiltrate,4,DecisionTreeClassifier,0.9890994517249002,0.2424242424242422,0.9004677124785603,0.679144385026738,0.8566503510587253,0.8035141329258976,0.6089260678693822
real_data5_testing,correlation_mix,PNL_infiltrate,4,RandomForestClassifier,0.997196904359631,0.33333333333333315,0.9915611381033178,0.9073083778966133,0.9319230211617502,0.9825821237585942,0.601674341178442
real_data5_testing,correlation_mix,fibrosis_of_the_papillary_dermis,0,DecisionTreeClassifier,0.9664325324067762,0.15151515151515138,0.917133954831246,0.5329768270944742,0.7105106764763484,0.6165011459129106,0.541503972232294
real_data5_testing,correlation_mix,fibrosis_of_the_papillary_dermis,0,RandomForestClassifier,0.9990519732277012,0.4545454545454545,0.9949762072302678,0.9251336898395723,0.9630296863561287,0.9868601986249044,0.8341010882938231
real_data5_testing,correlation_mix,fibrosis_of_the_papillary_dermis,1,DecisionTreeClassifier,0.991348139820669,0.606060606060606,0.9792365125097399,0.7611408199643495,0.8989548105538541,0.8572956455309395,0.851852813775384
real_data5_testing,correlation_mix,fibrosis_of_the_papillary_dermis,1,RandomForestClassifier,0.9967959384426062,0.36363636363636354,0.9915703304787917,0.910873440285205,0.9292571492265147,0.9831932773109242,0.7075293767411772
real_data5_testing,correlation_mix,fibrosis_of_the_papillary_dermis,2,DecisionTreeClassifier,0.9595840817238777,0.30303030303030287,0.9453058351990822,0.6292335115864528,0.6754949529295436,0.6760886172650877,0.6410578591540957
real_data5_testing,correlation_mix,fibrosis_of_the_papillary_dermis,2,RandomForestClassifier,0.9978937184439437,0.4242424242424241,0.9948823349300456,0.9358288770053477,0.9506415030764435,0.9899159663865545,0.7866495693180817
real_data5_testing,correlation_mix,fibrosis_of_the_papillary_dermis,3,DecisionTreeClassifier,0.9793789910068531,0.21212121212121193,0.48867567531215683,0.7397504456327987,0.8660250387663351,0.7940412528647822,0.5103861781237164
real_data5_testing,correlation_mix,fibrosis_of_the_papillary_dermis,3,RandomForestClassifier,0.9948388627329973,0.36363636363636354,0.991568703899748,0.910873440285205,0.9039850221788209,0.9853323147440795,0.695230739858697
real_data5_testing,correlation_mix,fibrosis_of_the_papillary_dermis,4,DecisionTreeClassifier,0.9557909329725823,0.30303030303030287,0.9594302702165327,0.48306595365418903,0.6414126204809981,0.5578304048892284,0.693037363325378
real_data5_testing,correlation_mix,fibrosis_of_the_papillary_dermis,4,RandomForestClassifier,0.9924604482574948,0.30303030303030287,0.9925716954090011,0.9073083778966133,0.8875137129508598,0.9810542398777692,0.748732302666142
real_data5_testing,correlation_mix,exocytosis,0,DecisionTreeClassifier,0.9639717786249627,0.121212121212121,0.9371496667203209,0.6648841354723708,0.6584778337022306,0.8313216195569135,0.5722811481700758
real_data5_testing,correlation_mix,exocytosis,0,RandomForestClassifier,0.9928798323977596,0.3939393939393938,0.9733816675762696,0.9358288770053477,0.9158630139118094,0.9902215431627196,0.6842170507382961
real_data5_testing,correlation_mix,exocytosis,1,DecisionTreeClassifier,0.9686137915545343,0.06060606060606044,0.9425416983031083,0.6327985739750447,0.6778718651793265,0.8242933537051184,0.6242065668581005
real_data5_testing,correlation_mix,exocytosis,1,RandomForestClassifier,0.9983262363186237,0.33333333333333315,0.9740400163054121,0.9429590017825313,0.9566680069658614,0.9914438502673798,0.6463016765540236
real_data5_testing,correlation_mix,exocytosis,2,DecisionTreeClassifier,0.9452706049783131,0.09090909090909072,0.9536004066508867,0.6613190730837791,0.6303321051135438,0.8264323911382734,0.5258766463286915
real_data5_testing,correlation_mix,exocytosis,2,RandomForestClassifier,0.9895820970577972,0.36363636363636354,0.9872485906454624,0.9144385026737969,0.8694542770673999,0.9844155844155844,0.6484954007267012
real_data5_testing,correlation_mix,exocytosis,3,DecisionTreeClassifier,0.9680491041165064,0.15151515151515138,0.894597366785717,0.6221033868092692,0.6084287301239942,0.7867074102368219,0.6045325932401181
real_data5_testing,correlation_mix,exocytosis,3,RandomForestClassifier,0.9996826889134475,0.606060606060606,0.9729965364675707,0.9607843137254903,0.9806650009354958,0.9957219251336898,0.7907096289656484
real_data5_testing,correlation_mix,exocytosis,4,DecisionTreeClassifier,0.9708462477730968,0.121212121212121,0.9352586562317455,0.7076648841354726,0.7012661239322211,0.8606569900687545,0.5949600021658377
real_data5_testing,correlation_mix,exocytosis,4,RandomForestClassifier,0.9994770733264164,0.5757575757575757,0.9849224087691748,0.9536541889483067,0.9767048684310509,0.9929717341482046,0.7465838978368771
real_data5_testing,correlation_mix,acanthosis,0,DecisionTreeClassifier,0.923529971731072,0.121212121212121,0.8246702731849646,0.6221033868092692,0.5277984927998876,0.7754010695187165,0.6294094954697339
real_data5_testing,correlation_mix,acanthosis,0,RandomForestClassifier,0.9953530069859121,0.3939393939393938,0.9937587542956766,0.9073083778966133,0.9137254693113303,0.9816653934300992,0.6886809708788151
real_data5_testing,correlation_mix,acanthosis,1,DecisionTreeClassifier,0.9803668467781094,0.09090909090909072,0.9065424646357828,0.7040998217468807,0.7574710552020847,0.8799083269671505,0.5873960587791942
real_data5_testing,correlation_mix,acanthosis,1,RandomForestClassifier,0.9914132003039741,0.36363636363636354,0.9839881478407411,0.8894830659536542,0.8911858635478347,0.974637127578304,0.6328150039853717
real_data5_testing,correlation_mix,acanthosis,2,DecisionTreeClassifier,0.962250248603627,0.121212121212121,0.8648064527206121,0.625668449197861,0.6306225413670892,0.7836516424751718,0.5919834067277241
real_data5_testing,correlation_mix,acanthosis,2,RandomForestClassifier,0.9959458638801404,0.3939393939393938,0.9952302327557194,0.910873440285205,0.921045371086438,0.9841100076394194,0.8383490233527302
real_data5_testing,correlation_mix,acanthosis,3,DecisionTreeClassifier,0.9751664214526109,0.121212121212121,0.8628421837616661,0.732620320855615,0.7942791576463417,0.8899923605805957,0.5728703956617247
real_data5_testing,correlation_mix,acanthosis,3,RandomForestClassifier,0.9973386677784326,0.33333333333333315,0.9914590726667026,0.9358288770053477,0.9400335025567121,0.9902215431627196,0.8172212307321913
real_data5_testing,correlation_mix,acanthosis,4,DecisionTreeClassifier,0.9761908500300928,0.15151515151515138,0.8918019288877906,0.750445632798574,0.7117005888649314,0.9046600458365165,0.6118990984140855
real_data5_testing,correlation_mix,acanthosis,4,RandomForestClassifier,0.9939683704498916,0.2727272727272726,0.9886006631763917,0.9037433155080216,0.9060352999001395,0.9822765469824292,0.6304178363511309
real_data5_testing,correlation_mix,hyperkeratosis,0,DecisionTreeClassifier,0.9745668216523213,0.21212121212121193,0.5296605692009557,0.6541889483065955,0.7109473596716187,0.8285714285714285,0.6589214980015584
real_data5_testing,correlation_mix,hyperkeratosis,0,RandomForestClassifier,0.9959957940431401,0.3939393939393938,0.9808862331529906,0.8930481283422461,0.9233493224243927,0.976776165011459,0.6980546261437093
real_data5_testing,correlation_mix,hyperkeratosis,1,DecisionTreeClassifier,0.9683571675046465,0.09090909090909072,0.4278774585344819,0.590017825311943,0.6887925550013783,0.7757066462948815,0.575542279120046
real_data5_testing,correlation_mix,hyperkeratosis,1,RandomForestClassifier,0.982720469382429,0.3939393939393938,0.9836325228392936,0.8930481283422461,0.8407747856354209,0.9792207792207792,0.8156091409035412
real_data5_testing,correlation_mix,hyperkeratosis,2,DecisionTreeClassifier,0.920557019246582,0.09090909090909072,0.5460530322634822,0.5971479500891266,0.47868204580596274,0.764705882352941,0.5051388190953192
real_data5_testing,correlation_mix,hyperkeratosis,2,RandomForestClassifier,0.9965583514456043,0.33333333333333315,0.96261481063513,0.9215686274509806,0.9251861868757763,0.9874713521772344,0.7477305738009598
real_data5_testing,correlation_mix,hyperkeratosis,3,DecisionTreeClassifier,0.9651274894842506,0.18181818181818166,0.6217181852907931,0.5971479500891266,0.6658916916249387,0.7967914438502673,0.5390714611193934
real_data5_testing,correlation_mix,hyperkeratosis,3,RandomForestClassifier,0.99765983608106,0.5757575757575757,0.9854594640324215,0.9429590017825313,0.9522251949718732,0.9908326967150496,0.8134896990073841
real_data5_testing,correlation_mix,hyperkeratosis,4,DecisionTreeClassifier,0.931664021922318,0.21212121212121193,0.7679334516833795,0.5686274509803922,0.4582596849717195,0.7005347593582887,0.5530751058309322
real_data5_testing,correlation_mix,hyperkeratosis,4,RandomForestClassifier,0.9926884605107533,0.2424242424242422,0.9788899781752549,0.8894830659536542,0.882059840951446,0.9798319327731092,0.6259532676237916
real_data5_testing,correlation_mix,parakeratosis,0,DecisionTreeClassifier,0.9786965073527313,0.09090909090909072,0.752463270955527,0.7397504456327987,0.7709047879447066,0.9016042780748662,0.47443254804427537
real_data5_testing,correlation_mix,parakeratosis,0,RandomForestClassifier,0.9978853012322063,0.4545454545454545,0.98953160223135,0.9393939393939396,0.9528685612484391,0.9883880825057294,0.6883032011355203
real_data5_testing,correlation_mix,parakeratosis,1,DecisionTreeClassifier,0.9613366083894257,0.121212121212121,0.8040127311025981,0.6007130124777185,0.6254430720569538,0.7775401069518716,0.5829206696359496
real_data5_testing,correlation_mix,parakeratosis,1,RandomForestClassifier,0.9985027649372544,0.4242424242424241,0.9896025633069995,0.9322638146167559,0.9574274908856872,0.9896103896103896,0.7354103953467394
real_data5_testing,correlation_mix,parakeratosis,2,DecisionTreeClassifier,0.9602995734010197,0.06060606060606044,0.8654892161464466,0.6862745098039217,0.65571519581344,0.8631016042780749,0.5537477151360314
real_data5_testing,correlation_mix,parakeratosis,2,RandomForestClassifier,0.9975208424206135,0.30303030303030287,0.9868562045135956,0.9144385026737969,0.9429548033070279,0.9834988540870894,0.7731099947029128
real_data5_testing,correlation_mix,parakeratosis,3,DecisionTreeClassifier,0.9656400283674222,-0.030303030303030498,0.584150563829028,0.6149732620320856,0.6791842480424939,0.8074866310160428,0.5316545786389564
real_data5_testing,correlation_mix,parakeratosis,3,RandomForestClassifier,0.9965549705170192,0.2424242424242422,0.9901145114810745,0.9144385026737969,0.9275682362695965,0.9859434682964094,0.7052081559795577
real_data5_testing,correlation_mix,parakeratosis,4,DecisionTreeClassifier,0.9795932948251388,0.09090909090909072,0.8966188839176024,0.696969696969697,0.7574108003044955,0.8682964094728801,0.6162973487862301
real_data5_testing,correlation_mix,parakeratosis,4,RandomForestClassifier,0.9994145941133784,0.4545454545454545,0.9950089311193208,0.9572192513368986,0.9764004536166484,0.9954163483575248,0.6831138912910854
real_data5_testing,correlation_mix,clubbing_of_the_rete_ridges,0,DecisionTreeClassifier,0.9726458363899515,0.2424242424242422,0.9924884319552759,0.6898395721925134,0.7789058115463319,0.8282658517952636,0.7456004700857173
real_data5_testing,correlation_mix,clubbing_of_the_rete_ridges,0,RandomForestClassifier,0.9975223158547817,0.6363636363636362,0.99746131993042,0.9643493761140822,0.9529209123294711,0.9944996180290298,0.8330037524587937
real_data5_testing,correlation_mix,clubbing_of_the_rete_ridges,1,DecisionTreeClassifier,0.9702522889315232,0.2424242424242422,0.9947549383905705,0.6827094474153299,0.6659543893954871,0.7934300993124522,0.5906472323335676
real_data5_testing,correlation_mix,clubbing_of_the_rete_ridges,1,RandomForestClassifier,0.9923323752779497,0.4242424242424241,0.9961686463492875,0.9322638146167559,0.9207614957183979,0.9874713521772344,0.749463705475377
real_data5_testing,correlation_mix,clubbing_of_the_rete_ridges,2,DecisionTreeClassifier,0.9677772679287736,0.121212121212121,0.9901492074707164,0.7433155080213905,0.8005148333806862,0.8695187165775401,0.4843131627164219
real_data5_testing,correlation_mix,clubbing_of_the_rete_ridges,2,RandomForestClassifier,0.9945655836661065,0.5454545454545454,0.9968367999082322,0.9215686274509806,0.9175318369002037,0.9841100076394194,0.8334308559421617
real_data5_testing,correlation_mix,clubbing_of_the_rete_ridges,3,DecisionTreeClassifier,0.9805080615754962,0.15151515151515138,0.9904775553390753,0.7183600713012479,0.7608990661798944,0.8310160427807486,0.6038342088559847
real_data5_testing,correlation_mix,clubbing_of_the_rete_ridges,3,RandomForestClassifier,0.9882652503207686,0.4545454545454545,0.9970890548200192,0.9215686274509806,0.8509028256101727,0.9828877005347594,0.7927188367819786
real_data5_testing,correlation_mix,clubbing_of_the_rete_ridges,4,DecisionTreeClassifier,0.9681381086833853,0.15151515151515138,0.9894177774587049,0.5971479500891266,0.6777574955312391,0.7087853323147442,0.5936032688445357
real_data5_testing,correlation_mix,clubbing_of_the_rete_ridges,4,RandomForestClassifier,0.9987567073818377,0.606060606060606,0.9961247488237185,0.9536541889483067,0.9649431947580891,0.9926661573720396,0.7645941050718346
real_data5_testing,correlation_mix,elongation_of_the_rete_ridges,0,DecisionTreeClassifier,0.9959710387147588,0.33333333333333315,0.9869083702900447,0.8253119429590019,0.916934722747575,0.9419404125286478,0.6382925426599501
real_data5_testing,correlation_mix,elongation_of_the_rete_ridges,0,RandomForestClassifier,0.9979159093350781,0.3939393939393938,0.9926174733181695,0.928698752228164,0.948920960330567,0.9865546218487394,0.6487710593018203
real_data5_testing,correlation_mix,elongation_of_the_rete_ridges,1,DecisionTreeClassifier,0.9754301228793647,0.21212121212121193,0.9741687302937511,0.7361853832442069,0.7663906081165479,0.8719633307868601,0.5204377964971654
real_data5_testing,correlation_mix,elongation_of_the_rete_ridges,1,RandomForestClassifier,0.9981968349567096,0.48484848484848475,0.9917397539547447,0.9429590017825313,0.9527991389869607,0.9923605805958746,0.6892302523675472
real_data5_testing,correlation_mix,elongation_of_the_rete_ridges,2,DecisionTreeClassifier,0.995862685833586,0.4242424242424241,0.9942598035912718,0.8645276292335118,0.929126676278653,0.9544690603514132,0.6424386128511903
real_data5_testing,correlation_mix,elongation_of_the_rete_ridges,2,RandomForestClassifier,0.9946567754053138,0.3939393939393938,0.9914240221652159,0.9251336898395723,0.911186119494962,0.9874713521772344,0.5854515346403678
real_data5_testing,correlation_mix,elongation_of_the_rete_ridges,3,DecisionTreeClassifier,0.9770108936628721,0.30303030303030287,0.9778801549520543,0.7112299465240642,0.771147081127727,0.8276546982429334,0.6072147418715275
real_data5_testing,correlation_mix,elongation_of_the_rete_ridges,3,RandomForestClassifier,0.994148383357793,0.2424242424242422,0.9914427642475325,0.8966131907308379,0.8994688579763179,0.9822765469824292,0.5882605963877121
real_data5_testing,correlation_mix,elongation_of_the_rete_ridges,4,DecisionTreeClassifier,0.9671946626257818,0.2727272727272726,0.9639963104298661,0.625668449197861,0.7424195676822217,0.7692895339954163,0.6142266620557901
real_data5_testing,correlation_mix,elongation_of_the_rete_ridges,4,RandomForestClassifier,0.9991124032124078,0.5454545454545454,0.9899796662190173,0.9429590017825313,0.9663972552644547,0.9923605805958746,0.7927584546676424
real_data5_testing,correlation_mix,thinning_of_the_suprapapillary_epidermis,0,DecisionTreeClassifier,0.9728492304288681,0.030303030303030054,0.9833405118156419,0.6185383244206775,0.689959525967879,0.759511077158136,0.44975839477952884
real_data5_testing,correlation_mix,thinning_of_the_suprapapillary_epidermis,0,RandomForestClassifier,0.999091602101288,0.6363636363636362,0.9958092613359135,0.9750445632798576,0.9738496826889942,0.9969442322383497,0.8105109762192141
real_data5_testing,correlation_mix,thinning_of_the_suprapapillary_epidermis,1,DecisionTreeClassifier,0.9925867421926026,0.30303030303030287,0.9929167784495345,0.807486631016043,0.9055964200023973,0.9104660045836517,0.6440235007789066
real_data5_testing,correlation_mix,thinning_of_the_suprapapillary_epidermis,1,RandomForestClassifier,0.9949271767889112,0.4242424242424241,0.9976685838429384,0.9358288770053477,0.9299246599899108,0.9889992360580594,0.7151164244278311
real_data5_testing,correlation_mix,thinning_of_the_suprapapillary_epidermis,2,DecisionTreeClassifier,0.9889645531932179,0.33333333333333315,0.9767188500329075,0.7076648841354726,0.8619554626164858,0.8047364400305578,0.6682725405335012
real_data5_testing,correlation_mix,thinning_of_the_suprapapillary_epidermis,2,RandomForestClassifier,0.9992126323976669,0.4545454545454545,0.9977758931302807,0.9500891265597149,0.9704242027365417,0.9923605805958746,0.7678416792112364
real_data5_testing,correlation_mix,thinning_of_the_suprapapillary_epidermis,3,DecisionTreeClassifier,0.9280998365867184,0.30303030303030287,0.9897125309998954,0.6007130124777185,0.6392046180929016,0.7228418640183345,0.6377671961892991
real_data5_testing,correlation_mix,thinning_of_the_suprapapillary_epidermis,3,RandomForestClassifier,0.9997431989017905,0.7272727272727273,0.9981870353261386,0.9821746880570411,0.98701448899199,0.9981665393430098,0.8542932879710895
real_data5_testing,correlation_mix,thinning_of_the_suprapapillary_epidermis,4,DecisionTreeClassifier,0.991970413008178,0.36363636363636354,0.9914638752131679,0.7575757575757577,0.881627070377655,0.8737967914438501,0.7166826656706808
real_data5_testing,correlation_mix,thinning_of_the_suprapapillary_epidermis,4,RandomForestClassifier,0.9981680715361541,0.606060606060606,0.9969200965086585,0.9572192513368986,0.9558488454942002,0.9929717341482046,0.6849526304365887
real_data5_testing,correlation_mix,spongiform_pustule,0,DecisionTreeClassifier,0.9913029306114359,0.2727272727272726,0.8776216117086862,0.7433155080213905,0.8831466648213355,0.8698242933537051,0.5992207894557727
real_data5_testing,correlation_mix,spongiform_pustule,0,RandomForestClassifier,0.9871832739180855,0.21212121212121193,0.9902712386371133,0.9073083778966133,0.8667970118848182,0.9825821237585942,0.6301565550613839
real_data5_testing,correlation_mix,spongiform_pustule,1,DecisionTreeClassifier,0.9930736711811124,0.2727272727272726,0.8583326640643361,0.7611408199643495,0.8930644077437848,0.8915202444614209,0.5897361044707137
real_data5_testing,correlation_mix,spongiform_pustule,1,RandomForestClassifier,0.9916033532356718,0.4242424242424241,0.9900265493444445,0.9393939393939396,0.8940080506014672,0.9905271199388846,0.819932162363437
real_data5_testing,correlation_mix,spongiform_pustule,2,DecisionTreeClassifier,0.992018377680782,0.36363636363636354,0.7716010349199682,0.714795008912656,0.8831780458733816,0.8597402597402597,0.6069392318739313
real_data5_testing,correlation_mix,spongiform_pustule,2,RandomForestClassifier,0.9953341665135824,0.36363636363636354,0.9924217095499646,0.928698752228164,0.9191870117407548,0.9889992360580594,0.587724418068661
real_data5_testing,correlation_mix,spongiform_pustule,3,DecisionTreeClassifier,0.9758903981689324,0.09090909090909072,0.8030267426664438,0.6221033868092692,0.7342317959940772,0.7821237585943468,0.5022486979294968
real_data5_testing,correlation_mix,spongiform_pustule,3,RandomForestClassifier,0.998807579995671,0.4545454545454545,0.9868643574073533,0.9358288770053477,0.961508550983208,0.9896103896103896,0.6371081135727638
real_data5_testing,correlation_mix,spongiform_pustule,4,DecisionTreeClassifier,0.949885092289318,0.09090909090909072,0.7827257600293775,0.536541889483066,0.599874634884559,0.6736440030557678,0.5266625091509448
real_data5_testing,correlation_mix,spongiform_pustule,4,RandomForestClassifier,0.9990434232249834,0.5757575757575757,0.9904010384465521,0.9500891265597149,0.9709266529556011,0.9893048128342246,0.7650027200891548
real_data5_testing,correlation_mix,munro_microabcess,0,DecisionTreeClassifier,0.897096350041912,0.15151515151515138,0.9699875339133066,0.6470588235294118,0.5145730490422618,0.7262032085561497,0.534223138217665
real_data5_testing,correlation_mix,munro_microabcess,0,RandomForestClassifier,0.9914018321690562,0.3939393939393938,0.9937100858867536,0.928698752228164,0.8763829802897414,0.9877769289533994,0.5881977007904822
real_data5_testing,correlation_mix,munro_microabcess,1,DecisionTreeClassifier,0.9979570009783357,0.48484848484848475,0.9777429166145278,0.8680926916221036,0.950545053165951,0.9569136745607332,0.6600851259188274
real_data5_testing,correlation_mix,munro_microabcess,1,RandomForestClassifier,0.996943450271808,0.36363636363636354,0.9978162141970527,0.9465240641711232,0.935634853890051,0.9932773109243698,0.6552724561005318
real_data5_testing,correlation_mix,munro_microabcess,2,DecisionTreeClassifier,0.9381625773235046,0.09090909090909072,0.9445680019982103,0.6434937611408201,0.7097403093854029,0.7255920550038196,0.5242253075041687
real_data5_testing,correlation_mix,munro_microabcess,2,RandomForestClassifier,0.9972514126777156,0.5454545454545454,0.9926497995296593,0.9358288770053477,0.9437941804109329,0.9874713521772344,0.7314634877104167
real_data5_testing,correlation_mix,munro_microabcess,3,DecisionTreeClassifier,0.9974592331380204,0.48484848484848475,0.9473888597441885,0.8467023172905528,0.9424271600785994,0.9422459893048126,0.7216496768034748
real_data5_testing,correlation_mix,munro_microabcess,3,RandomForestClassifier,0.9963632228109999,0.3939393939393938,0.9934806439545762,0.9393939393939396,0.9285696504126884,0.9905271199388846,0.7447644719571355
real_data5_testing,correlation_mix,munro_microabcess,4,DecisionTreeClassifier,0.9961840046279204,0.48484848484848475,0.9776928794843674,0.8680926916221036,0.9366288411961718,0.9425515660809778,0.6168031535351394
real_data5_testing,correlation_mix,munro_microabcess,4,RandomForestClassifier,0.9952689946466549,0.4545454545454545,0.9936662496117427,0.9465240641711232,0.9222513158876087,0.9929717341482046,0.7171692805753445
real_data5_testing,correlation_mix,focal_hypergranulosis,0,DecisionTreeClassifier,0.986673050079802,0.2424242424242422,0.9926795783000125,0.8324420677361855,0.9099725411453164,0.8893812070282657,0.6083298718480173
real_data5_testing,correlation_mix,focal_hypergranulosis,0,RandomForestClassifier,0.9890412519393935,0.5454545454545454,0.9990461386620292,0.9465240641711232,0.8985591586340211,0.9914438502673798,0.7930466916361862
real_data5_testing,correlation_mix,focal_hypergranulosis,1,DecisionTreeClassifier,0.9760267493174357,0.33333333333333315,0.9903187093757968,0.6862745098039217,0.8017252435708506,0.7607333842627959,0.6786082281375284
real_data5_testing,correlation_mix,focal_hypergranulosis,1,RandomForestClassifier,0.9972342214904605,0.4545454545454545,0.9963532476802509,0.9358288770053477,0.9403562131144785,0.9889992360580594,0.7142944684164253
real_data5_testing,correlation_mix,focal_hypergranulosis,2,DecisionTreeClassifier,0.9801087204547259,0.09090909090909072,0.9807916209364104,0.6292335115864528,0.7526025027791321,0.7255920550038196,0.5413579467428794
real_data5_testing,correlation_mix,focal_hypergranulosis,2,RandomForestClassifier,0.9912381443198057,0.36363636363636354,0.9983836137783294,0.9429590017825313,0.9006150272848004,0.9905271199388846,0.7136160307567773
real_data5_testing,correlation_mix,focal_hypergranulosis,3,DecisionTreeClassifier,0.9813005458499127,0.2424242424242422,0.9896358113511218,0.7468805704099823,0.8581623299044678,0.8462948815889991,0.7043354275138046
real_data5_testing,correlation_mix,focal_hypergranulosis,3,RandomForestClassifier,0.9981348817135652,0.5757575757575757,0.996688134860799,0.9536541889483067,0.9587686874942665,0.9923605805958746,0.7930820272782827
real_data5_testing,correlation_mix,focal_hypergranulosis,4,DecisionTreeClassifier,0.9575414984635602,0.09090909090909072,0.9763089670524409,0.6541889483065955,0.7607108551408442,0.734453781512605,0.518756642961235
real_data5_testing,correlation_mix,focal_hypergranulosis,4,RandomForestClassifier,0.9988969140507638,0.48484848484848475,0.9955625264592776,0.9607843137254903,0.9657948643112598,0.9957219251336898,0.7981800680254715
real_data5_testing,correlation_mix,disappearance_of_the_granular_layer,0,DecisionTreeClassifier,0.9759999366897326,0.09090909090909072,0.7205704637839794,0.5828877005347595,0.7238367995099602,0.73231474407945,0.5812911347148921
real_data5_testing,correlation_mix,disappearance_of_the_granular_layer,0,RandomForestClassifier,0.9905933978134871,0.2424242424242422,0.991670100401909,0.8787878787878789,0.8779037664198822,0.9728036669213138,0.6192005307072265
real_data5_testing,correlation_mix,disappearance_of_the_granular_layer,1,DecisionTreeClassifier,0.9862711042351158,0.21212121212121193,0.8520562595002737,0.6720142602495545,0.8252419971387112,0.8334606569900688,0.5798058744552792
real_data5_testing,correlation_mix,disappearance_of_the_granular_layer,1,RandomForestClassifier,0.9992081002617662,0.4242424242424241,0.9890593068486755,0.9429590017825313,0.9666378691132994,0.9920550038197096,0.632506738986928
real_data5_testing,correlation_mix,disappearance_of_the_granular_layer,2,DecisionTreeClassifier,0.9833158831679176,0.30303030303030287,0.9293474258237294,0.7647058823529413,0.775980629999169,0.8725744843391902,0.5878771218052348
real_data5_testing,correlation_mix,disappearance_of_the_granular_layer,2,RandomForestClassifier,0.9957445770181266,0.18181818181818166,0.9854517145490486,0.9180035650623887,0.9188981380281946,0.9859434682964094,0.5697689908693612
real_data5_testing,correlation_mix,disappearance_of_the_granular_layer,3,DecisionTreeClassifier,0.984403481166071,0.15151515151515138,0.9126393258766118,0.7397504456327987,0.7888500270656483,0.8667685255920549,0.5508211084680127
real_data5_testing,correlation_mix,disappearance_of_the_granular_layer,3,RandomForestClassifier,0.9987675342941574,0.36363636363636354,0.9883187425592452,0.9215686274509806,0.9547355704305364,0.9868601986249044,0.5731126868937411
real_data5_testing,correlation_mix,disappearance_of_the_granular_layer,4,DecisionTreeClassifier,0.9730614661933019,0.3939393939393938,0.9203000921636133,0.8039215686274511,0.7980310969076931,0.9095492742551565,0.7087456261093412
real_data5_testing,correlation_mix,disappearance_of_the_granular_layer,4,RandomForestClassifier,0.9949603736221028,0.36363636363636354,0.9839499421516379,0.9144385026737969,0.9155125240759616,0.9834988540870894,0.8219865449820212
real_data5_testing,correlation_mix,vacuolisation_and_damage_of_basal_layer,0,DecisionTreeClassifier,0.9788228494203595,0.18181818181818166,0.9925610387255966,0.7647058823529413,0.8586090577210485,0.8536287242169593,0.6085797145205766
real_data5_testing,correlation_mix,vacuolisation_and_damage_of_basal_layer,0,RandomForestClassifier,0.9996615622441288,0.6363636363636362,0.9977196084521351,0.9643493761140822,0.9832548376667538,0.9948051948051948,0.7130413967462014
real_data5_testing,correlation_mix,vacuolisation_and_damage_of_basal_layer,1,DecisionTreeClassifier,0.958736249821467,0.121212121212121,0.9927413222896447,0.6327985739750447,0.7430728269266009,0.6598930481283422,0.5629561133890874
real_data5_testing,correlation_mix,vacuolisation_and_damage_of_basal_layer,1,RandomForestClassifier,0.9966259190615568,0.4242424242424241,0.9984022863170905,0.9358288770053477,0.9304028990613176,0.9893048128342246,0.727800038416506
real_data5_testing,correlation_mix,vacuolisation_and_damage_of_basal_layer,2,DecisionTreeClassifier,0.9822288911169547,0.121212121212121,0.993160683632886,0.8288770053475937,0.8906520347759889,0.8936592818945759,0.5038369852183506
real_data5_testing,correlation_mix,vacuolisation_and_damage_of_basal_layer,2,RandomForestClassifier,0.9974428862775994,0.515151515151515,0.9987916002647715,0.9465240641711232,0.9489735821400774,0.9920550038197096,0.8229826766598051
real_data5_testing,correlation_mix,vacuolisation_and_damage_of_basal_layer,3,DecisionTreeClassifier,0.9704426364519987,0.06060606060606044,0.9864719729021352,0.5935828877005349,0.7046942487521213,0.6473644003055767,0.5670673819320786
real_data5_testing,correlation_mix,vacuolisation_and_damage_of_basal_layer,3,RandomForestClassifier,0.9992422275709657,0.30303030303030287,0.9970075957206042,0.9322638146167559,0.9671098855592615,0.9899159663865545,0.6347635832708528
real_data5_testing,correlation_mix,vacuolisation_and_damage_of_basal_layer,4,DecisionTreeClassifier,0.9789739865717308,0.15151515151515138,0.994092923515519,0.6862745098039217,0.790980411202431,0.7384262796027501,0.5126878144334651
real_data5_testing,correlation_mix,vacuolisation_and_damage_of_basal_layer,4,RandomForestClassifier,0.9980508013608016,0.36363636363636354,0.9964100298916526,0.9215686274509806,0.9470250110390275,0.9868601986249044,0.6701927002419249
real_data5_testing,correlation_mix,spongiosis,0,DecisionTreeClassifier,0.9520910104009442,0.15151515151515138,0.9413900468106856,0.6292335115864528,0.6527212155524269,0.7787624140565317,0.6112363739986472
real_data5_testing,correlation_mix,spongiosis,0,RandomForestClassifier,0.9950804327364429,0.30303030303030287,0.9803725553850867,0.8894830659536542,0.9100658905127517,0.971275783040489,0.6166343965589483
real_data5_testing,correlation_mix,spongiosis,1,DecisionTreeClassifier,0.8868214700369992,0.18181818181818166,0.9359340824120487,0.5686274509803922,0.4097933841959989,0.7225362872421696,0.5910642571280675
real_data5_testing,correlation_mix,spongiosis,1,RandomForestClassifier,0.9986175087946172,0.36363636363636354,0.9847886311972751,0.9429590017825313,0.9626817064947562,0.9902215431627196,0.7070266087486117
real_data5_testing,correlation_mix,spongiosis,2,DecisionTreeClassifier,0.9716283677565128,0.21212121212121193,0.9470490679742866,0.6114081996434939,0.7412058831126183,0.759511077158136,0.5957312056653479
real_data5_testing,correlation_mix,spongiosis,2,RandomForestClassifier,0.9979544915034027,0.4242424242424241,0.9897040215859989,0.9500891265597149,0.9486195749219208,0.9932773109243698,0.7354402937888672
real_data5_testing,correlation_mix,spongiosis,3,DecisionTreeClassifier,0.9605769907079397,0.2424242424242422,0.9434144153740761,0.6292335115864528,0.6038178093584767,0.8117647058823529,0.6660294306692904
real_data5_testing,correlation_mix,spongiosis,3,RandomForestClassifier,0.9978649618936452,0.30303030303030287,0.9789671354101255,0.9322638146167559,0.9435803957594928,0.9905271199388846,0.5661532178855964
real_data5_testing,correlation_mix,spongiosis,4,DecisionTreeClassifier,0.9596335088434421,0.33333333333333315,0.9452044991738232,0.7005347593582889,0.688261568107528,0.839266615737204,0.6391446212425217
real_data5_testing,correlation_mix,spongiosis,4,RandomForestClassifier,0.9978597678962092,0.515151515151515,0.9884721747185199,0.9144385026737969,0.9423832358902899,0.9844155844155844,0.7687917509733285
real_data5_testing,correlation_mix,saw-tooth_appearance_of_retes,0,DecisionTreeClassifier,0.9704418099231613,0.2424242424242422,0.9934381469734217,0.6934046345811052,0.7878216674732387,0.7564553093964858,0.5593168355142124
real_data5_testing,correlation_mix,saw-tooth_appearance_of_retes,0,RandomForestClassifier,0.9964582759598615,0.33333333333333315,0.9960215781272602,0.9358288770053477,0.9312373080375274,0.9902215431627196,0.6914615557435785
real_data5_testing,correlation_mix,saw-tooth_appearance_of_retes,1,DecisionTreeClassifier,0.9786388586699136,0.515151515151515,0.9919086467075038,0.6684491978609627,0.8157054223222604,0.7741787624140566,0.7266600489179602
real_data5_testing,correlation_mix,saw-tooth_appearance_of_retes,1,RandomForestClassifier,0.9975554305924965,0.515151515151515,0.9982155529512877,0.9429590017825313,0.9497301156904191,0.9905271199388846,0.7260214238756244
real_data5_testing,correlation_mix,saw-tooth_appearance_of_retes,2,DecisionTreeClassifier,0.9419128399024634,0.121212121212121,0.9889836020823604,0.6470588235294118,0.731925726186017,0.7258976317799846,0.5267978192806991
real_data5_testing,correlation_mix,saw-tooth_appearance_of_retes,2,RandomForestClassifier,0.9994393612602771,0.515151515151515,0.9974304752947868,0.9536541889483067,0.9736760655224954,0.9948051948051948,0.710823629202911
real_data5_testing,correlation_mix,saw-tooth_appearance_of_retes,3,DecisionTreeClassifier,0.9797558693562493,0.18181818181818166,0.9915263195441777,0.5650623885918004,0.7621361749232274,0.6785332314744079,0.5978079928436764
real_data5_testing,correlation_mix,saw-tooth_appearance_of_retes,3,RandomForestClassifier,0.9991598911062725,0.6363636363636362,0.9992503503454225,0.967914438502674,0.9758229974172685,0.9960275019098548,0.7851523207134997
real_data5_testing,correlation_mix,saw-tooth_appearance_of_retes,4,DecisionTreeClassifier,0.9442594904108931,0.030303030303030054,0.9811975873776364,0.6934046345811052,0.7447142063965758,0.7830404889228418,0.43264835159845216
real_data5_testing,correlation_mix,saw-tooth_appearance_of_retes,4,RandomForestClassifier,0.9998034921503556,0.6969696969696969,0.9976295086526624,0.9821746880570411,0.9886748919051096,0.998472116119175,0.8981095300838071
real_data5_testing,correlation_mix,follicular_horn_plug,0,DecisionTreeClassifier,0.9833670313271737,0.5454545454545454,0.9873427982771014,0.8645276292335118,0.9132316544933226,0.8829640947288006,0.6440057954527519
real_data5_testing,correlation_mix,follicular_horn_plug,0,RandomForestClassifier,0.9922621921434132,0.2727272727272726,0.9914476555205984,0.8894830659536542,0.883521749135391,0.977081741787624,0.7020908781448325
real_data5_testing,correlation_mix,follicular_horn_plug,1,DecisionTreeClassifier,1.0,1.0,1.0,1.0,1.0,1.0,1.0
real_data5_testing,correlation_mix,follicular_horn_plug,1,RandomForestClassifier,0.9899194792398663,0.2727272727272726,0.9746134824445224,0.8716577540106952,0.882330159813655,0.9663865546218486,0.6279663640632023
real_data5_testing,correlation_mix,follicular_horn_plug,2,DecisionTreeClassifier,0.9924230430652138,0.36363636363636354,0.9512487322054969,0.8003565062388593,0.9216121273559099,0.8664629488158899,0.661634225529265
real_data5_testing,correlation_mix,follicular_horn_plug,2,RandomForestClassifier,0.9922938396170952,0.2727272727272726,0.9665410678882363,0.8645276292335118,0.8726624212402858,0.9636363636363636,0.6621819772211166
real_data5_testing,correlation_mix,follicular_horn_plug,3,DecisionTreeClassifier,0.9981750560877966,0.6363636363636362,0.9858061339230911,0.9251336898395723,0.9723726324528048,0.9538579067990832,0.7838298673393383
real_data5_testing,correlation_mix,follicular_horn_plug,3,RandomForestClassifier,0.9935235029599698,0.2727272727272726,0.9739174035894541,0.8823529411764708,0.893870521002623,0.975859434682964,0.5580914018931816
real_data5_testing,correlation_mix,follicular_horn_plug,4,DecisionTreeClassifier,1.0,1.0,1.0,1.0,1.0,1.0,1.0
real_data5_testing,correlation_mix,follicular_horn_plug,4,RandomForestClassifier,0.9817699191535934,0.30303030303030287,0.9543930679089718,0.9037433155080216,0.8588398060381817,0.9810542398777692,0.6430641182798655
real_data5_testing,correlation_mix,perifollicular_parakeratosis,0,DecisionTreeClassifier,0.9916662808538805,0.6969696969696969,0.968059767405837,0.8609625668449199,0.9360833689473376,0.8860198624904505,0.8762264072021457
real_data5_testing,correlation_mix,perifollicular_parakeratosis,0,RandomForestClassifier,0.9847486757003606,0.3939393939393938,0.9792511456680332,0.9180035650623887,0.877500741186032,0.9825821237585942,0.7253869806139098
real_data5_testing,correlation_mix,perifollicular_parakeratosis,1,DecisionTreeClassifier,0.9637837652323301,0.2727272727272726,0.9595048928491687,0.8039215686274511,0.8561958378468351,0.8233766233766233,0.6330449737937931
real_data5_testing,correlation_mix,perifollicular_parakeratosis,1,RandomForestClassifier,0.9802437410002973,0.30303030303030287,0.9680379530979131,0.8787878787878789,0.807232674950203,0.9703590527119939,0.5990682961501198
real_data5_testing,correlation_mix,perifollicular_parakeratosis,2,DecisionTreeClassifier,1.0,1.0,1.0,1.0,1.0,1.0,1.0
real_data5_testing,correlation_mix,perifollicular_parakeratosis,2,RandomForestClassifier,0.9926615695312485,0.18181818181818166,0.9769864367802519,0.9037433155080216,0.8991701846982582,0.9819709702062642,0.6306463021315131
real_data5_testing,correlation_mix,perifollicular_parakeratosis,3,DecisionTreeClassifier,0.9791415588736742,0.515151515151515,0.9664861032071471,0.7789661319073085,0.8825327771222004,0.814820473644003,0.6743384381720685
real_data5_testing,correlation_mix,perifollicular_parakeratosis,3,RandomForestClassifier,0.9901231227327544,0.3939393939393938,0.9927393849856948,0.928698752228164,0.9014851843030877,0.9871657754010694,0.630573148941345
real_data5_testing,correlation_mix,perifollicular_parakeratosis,4,DecisionTreeClassifier,0.9782011862835405,0.06060606060606044,0.9617212573247824,0.5864527629233512,0.755294160215807,0.6149732620320855,0.5734242956430303
real_data5_testing,correlation_mix,perifollicular_parakeratosis,4,RandomForestClassifier,0.9963477295914566,0.2424242424242422,0.9833695696249533,0.9073083778966133,0.9212582156118767,0.9822765469824292,0.6035968496872882
real_data5_testing,correlation_mix,inflammatory_monoluclear_inflitrate,0,DecisionTreeClassifier,0.9731620968360313,0.121212121212121,0.7783441195450684,0.6007130124777185,0.7309101743501452,0.764705882352941,0.6708902793311352
real_data5_testing,correlation_mix,inflammatory_monoluclear_inflitrate,0,RandomForestClassifier,0.9961930277856941,0.33333333333333315,0.9900561627067658,0.9144385026737969,0.9280278524504055,0.9807486631016042,0.726158725097855
real_data5_testing,correlation_mix,inflammatory_monoluclear_inflitrate,1,DecisionTreeClassifier,0.9252125009556768,0.030303030303030054,0.6927970475084284,0.4188948306595366,0.501977261777866,0.5859434682964094,0.5681755033155896
real_data5_testing,correlation_mix,inflammatory_monoluclear_inflitrate,1,RandomForestClassifier,0.9951593337197148,0.33333333333333315,0.9819544100219099,0.9144385026737969,0.9153965196594587,0.9856378915202444,0.6830691658173835
real_data5_testing,correlation_mix,inflammatory_monoluclear_inflitrate,2,DecisionTreeClassifier,0.9515267374243428,0.09090909090909072,0.8187089276456875,0.5401069518716578,0.5767727099875117,0.7298701298701298,0.5887910667774015
real_data5_testing,correlation_mix,inflammatory_monoluclear_inflitrate,2,RandomForestClassifier,0.9990005023008613,0.3939393939393938,0.9957914754473085,0.9358288770053477,0.9630773168071787,0.9908326967150496,0.7554501300292021
real_data5_testing,correlation_mix,inflammatory_monoluclear_inflitrate,3,DecisionTreeClassifier,0.9088982831911935,0.06060606060606044,0.6783429138306583,0.36898395721925137,0.40154377541986874,0.5074102368220015,0.5099257579647949
real_data5_testing,correlation_mix,inflammatory_monoluclear_inflitrate,3,RandomForestClassifier,0.9979602876118089,0.30303030303030287,0.9922032278045807,0.928698752228164,0.945178660700999,0.9883880825057294,0.6778758787123319
real_data5_testing,correlation_mix,inflammatory_monoluclear_inflitrate,4,DecisionTreeClassifier,0.9394660073347999,0.030303030303030054,0.7546571793867682,0.607843137254902,0.5289072062255682,0.8077922077922077,0.6392815761379662
real_data5_testing,correlation_mix,inflammatory_monoluclear_inflitrate,4,RandomForestClassifier,0.9984878152584146,0.606060606060606,0.9896161511494942,0.9572192513368986,0.9594911190618809,0.9941940412528646,0.8046117198948775
real_data5_testing,correlation_mix,band-like_infiltrate,0,DecisionTreeClassifier,0.885231346444694,0.15151515151515138,0.985623552368784,0.5258467023172906,0.49302907766410264,0.5987776928953399,0.5660721718984772
real_data5_testing,correlation_mix,band-like_infiltrate,0,RandomForestClassifier,0.9988444402754063,0.3939393939393938,0.9905294846737793,0.9429590017825313,0.9615827093290715,0.9920550038197096,0.6670049074252035
real_data5_testing,correlation_mix,band-like_infiltrate,1,DecisionTreeClassifier,0.9566653506253039,0.09090909090909072,0.9916405956544654,0.572192513368984,0.6510692139043195,0.6562261268143621,0.5194034559880538
real_data5_testing,correlation_mix,band-like_infiltrate,1,RandomForestClassifier,0.9971020490453482,0.3939393939393938,0.9919766293207015,0.9215686274509806,0.9345505383153814,0.9853323147440795,0.7192735054039112
real_data5_testing,correlation_mix,band-like_infiltrate,2,DecisionTreeClassifier,0.9846779298623328,0.18181818181818166,0.9849864094385788,0.714795008912656,0.8340018984528007,0.815126050420168,0.6183059976820162
real_data5_testing,correlation_mix,band-like_infiltrate,2,RandomForestClassifier,0.9989600867572931,0.515151515151515,0.9968075091145717,0.9465240641711232,0.9641327205521423,0.9920550038197096,0.6922890449715049
real_data5_testing,correlation_mix,band-like_infiltrate,3,DecisionTreeClassifier,0.8779088574674015,0.06060606060606044,0.9926940518252163,0.536541889483066,0.49709274574314133,0.60244461420932,0.5542875339083225
real_data5_testing,correlation_mix,band-like_infiltrate,3,RandomForestClassifier,0.9950035857589616,0.3939393939393938,0.9964610416813363,0.9180035650623887,0.9163588058324976,0.9859434682964094,0.6170251604187115
real_data5_testing,correlation_mix,band-like_infiltrate,4,DecisionTreeClassifier,0.9896563518773394,0.18181818181818166,0.9917101610379225,0.8003565062388593,0.8730365693234856,0.8496562261268144,0.6110135748975797
real_data5_testing,correlation_mix,band-like_infiltrate,4,RandomForestClassifier,0.9976314360469872,0.515151515151515,0.9950242904904445,0.9429590017825313,0.9493501019863366,0.9899159663865545,0.7273907716796276
real_data5_testing,correlation_mix,class,0,DecisionTreeClassifier,0.9157099546095597,0.36363636363636354,0.998876566925449,0.8823529411764708,0.7481326394708245,0.8927425515660808,0.6096105381105916
real_data5_testing,correlation_mix,class,0,RandomForestClassifier,0.9987744649061377,0.4242424242424241,0.9900941322925558,0.9465240641711232,0.9614299645692997,0.9920550038197096,0.5933307082182359
real_data5_testing,correlation_mix,class,1,DecisionTreeClassifier,0.9714245483872828,0.2424242424242422,0.9939297599023825,0.6577540106951872,0.5866943512823939,0.7219251336898396,0.6141355616357425
real_data5_testing,correlation_mix,class,1,RandomForestClassifier,0.9951405495784317,0.3939393939393938,0.9893799920043975,0.9251336898395723,0.9166278189417252,0.9850267379679144,0.6934666124958115
real_data5_testing,correlation_mix,class,2,DecisionTreeClassifier,0.9975116019544028,0.6666666666666665,0.9994239388192171,0.928698752228164,0.9642859339168048,0.9587471352177234,0.7647667939747946
real_data5_testing,correlation_mix,class,2,RandomForestClassifier,0.9973010151563356,0.30303030303030287,0.9916733447192764,0.928698752228164,0.9406037426250959,0.9877769289533994,0.6434035565067499
real_data5_testing,correlation_mix,class,3,DecisionTreeClassifier,0.9943119867091169,0.5454545454545454,0.9985385814141265,0.8431372549019609,0.9213261107071784,0.9297173414820474,0.7161176786488346
real_data5_testing,correlation_mix,class,3,RandomForestClassifier,0.9992733621558039,0.3939393939393938,0.9856988318472037,0.9429590017825313,0.9705467518742983,0.9908326967150496,0.6643948659108929
real_data5_testing,correlation_mix,class,4,DecisionTreeClassifier,0.9710003687193995,0.18181818181818166,0.9934979943415289,0.6149732620320856,0.7006525148399967,0.6913674560733384,0.6103226572130075
real_data5_testing,correlation_mix,class,4,RandomForestClassifier,0.9989509923470011,0.30303030303030287,0.9926085615512883,0.9429590017825313,0.9634454138845931,0.9914438502673798,0.5893804959545708
real_data5_testing,missingness_mcar,Age_linear,0,LinearRegression,0.746688640145735,-0.030303030303030498,-0.14678251850745494,-0.14081996434937613,-0.2964134676977619,-0.21558441558441557,0.4936049693522467
real_data5_testing,missingness_mcar,Age_linear,0,RandomForestRegressor,0.945976988038164,0.121212121212121,0.21606497355341392,0.5044563279857398,0.3623442835785794,0.6073338426279602,0.5593517450609957
real_data5_testing,missingness_mcar,Age_linear,1,LinearRegression,0.8401287914903012,-2.220446049250313e-16,-0.037579566346639615,0.11586452762923354,-0.03178075703944116,0.16394194041252863,0.5334815547665653
real_data5_testing,missingness_mcar,Age_linear,1,RandomForestRegressor,0.9363942320774042,0.030303030303030054,0.556890811842506,0.4581105169340464,0.44690684894276306,0.628724216959511,0.5126117856015451
real_data5_testing,missingness_mcar,Age_linear,2,LinearRegression,0.8000351318229594,-2.220446049250313e-16,-0.12541984814643903,0.10873440285204992,0.002519880290081322,0.16394194041252863,0.5187796721004787
real_data5_testing,missingness_mcar,Age_linear,2,RandomForestRegressor,0.9473133544372218,-2.220446049250313e-16,0.3952866509717944,0.46524064171123,0.3962722039185811,0.6171122994652405,0.5338520203729475
real_data5_testing,missingness_mcar,Age_linear,3,LinearRegression,0.7955939474397319,-0.030303030303030498,-0.15973697899813533,0.06951871657754011,-0.021025526790369356,0.09304812834224599,0.4942589898529304
real_data5_testing,missingness_mcar,Age_linear,3,RandomForestRegressor,0.9621517746454553,0.06060606060606044,0.5805858043667057,0.5080213903743316,0.47565566040452906,0.6357524828113063,0.5974501794950796
real_data5_testing,missingness_mcar,Age_linear,4,LinearRegression,0.797431583751181,0.030303030303030054,-0.13609128833630013,-0.016042780748663103,-0.1626648583556345,-0.014209320091673033,0.5562636835833966
real_data5_testing,missingness_mcar,Age_linear,4,RandomForestRegressor,0.9490510567003634,0.030303030303030054,0.48134643914615105,0.5329768270944742,0.45568168294486056,0.6641711229946523,0.5939927708906122
real_data5_testing,missingness_mcar,erythema,0,DecisionTreeClassifier,0.906473255003013,0.030303030303030054,0.156961486079498,0.2798573975044564,0.28749630864587894,0.39281894576012216,0.5498695220730558
real_data5_testing,missingness_mcar,erythema,0,RandomForestClassifier,0.9894089536064965,0.33333333333333315,0.7926943491980453,0.8253119429590019,0.8492319617065537,0.951413292589763,0.7569138455109112
real_data5_testing,missingness_mcar,erythema,1,DecisionTreeClassifier,0.8759577537038934,0.06060606060606044,0.43610803859602565,0.25490196078431376,0.22667802234319942,0.34484339190221536,0.6040727148756001
real_data5_testing,missingness_mcar,erythema,1,RandomForestClassifier,0.9831319085111123,-2.220446049250313e-16,0.7027069299397839,0.7112299465240642,0.7756032248904812,0.8909090909090909,0.6030513412297182
real_data5_testing,missingness_mcar,erythema,2,DecisionTreeClassifier,0.9337738347384663,0.030303030303030054,0.282193985668165,0.35115864527629237,0.3368096971835778,0.495187165775401,0.522056814514457
real_data5_testing,missingness_mcar,erythema,2,RandomForestClassifier,0.9833238414660159,0.121212121212121,0.7705477440518638,0.7219251336898397,0.7698540650149657,0.9028265851795263,0.6885142782022023
real_data5_testing,missingness_mcar,erythema,3,DecisionTreeClassifier,0.8761254258801767,-2.220446049250313e-16,0.09428922698595976,0.23351158645276296,0.23493818141332906,0.333231474407945,0.6135983577548852
real_data5_testing,missingness_mcar,erythema,3,RandomForestClassifier,0.9798451651471682,0.2727272727272726,0.6879697788552227,0.714795008912656,0.7757884674547625,0.8707410236822001,0.7538643522071992
real_data5_testing,missingness_mcar,erythema,4,DecisionTreeClassifier,0.8376171272372821,0.030303030303030054,0.20028933294817874,0.08734402852049912,-0.006475423487360455,0.12880061115355232,0.5511494137226787
real_data5_testing,missingness_mcar,erythema,4,RandomForestClassifier,0.9797941297381909,0.030303030303030054,0.7462264495780127,0.8039215686274511,0.7974085129051265,0.9401069518716578,0.5631759392993415
real_data5_testing,missingness_mcar,scaling,0,DecisionTreeClassifier,0.916393587065512,0.030303030303030054,0.167696916578287,0.33333333333333337,0.4105741315250018,0.44904507257448434,0.5594187841905505
real_data5_testing,missingness_mcar,scaling,0,RandomForestClassifier,0.9879271225918018,0.09090909090909072,0.760373596217544,0.7647058823529413,0.819179071259158,0.921772345301757,0.682651402161129
real_data5_testing,missingness_mcar,scaling,1,DecisionTreeClassifier,0.9331447490570586,0.06060606060606044,0.5285527665840828,0.39750445632798576,0.5237207207221208,0.5483575248281131,0.6316147332143844
real_data5_testing,missingness_mcar,scaling,1,RandomForestClassifier,0.9902096421196592,0.121212121212121,0.7608193595620077,0.7718360071301248,0.8431480852036444,0.9272727272727272,0.5897686788645763
real_data5_testing,missingness_mcar,scaling,2,DecisionTreeClassifier,0.9548599603705279,-0.030303030303030498,0.7935786824622502,0.5650623885918004,0.5687319395143657,0.7372039724980901,0.4388909969707175
real_data5_testing,missingness_mcar,scaling,2,RandomForestClassifier,0.9803167607759149,0.15151515151515138,0.7832423248414381,0.7219251336898397,0.781812998412569,0.8918258212375858,0.471273586450157
real_data5_testing,missingness_mcar,scaling,3,DecisionTreeClassifier,0.850529459506919,0.06060606060606044,0.429106498153365,0.20142602495543677,0.03272893893981879,0.26386554621848735,0.4447022957464421
real_data5_testing,missingness_mcar,scaling,3,RandomForestClassifier,0.976586229154877,0.030303030303030054,0.7373428042855568,0.6684491978609627,0.7333288567570317,0.8606569900687545,0.423392467893929
real_data5_testing,missingness_mcar,scaling,4,DecisionTreeClassifier,0.8286269053238398,0.030303030303030054,0.38513082782537866,0.24777183600713015,0.03951066456703893,0.362566844919786,0.5042466778177216
real_data5_testing,missingness_mcar,scaling,4,RandomForestClassifier,0.9838716230511224,0.09090909090909072,0.7171285272938505,0.6827094474153299,0.7993423746978472,0.8603514132925898,0.5652203934100154
real_data5_testing,missingness_mcar,definite_borders,0,DecisionTreeClassifier,0.9125234159435773,0.030303030303030054,-0.01866718699490133,0.33333333333333337,0.42366747099060953,0.5034377387318563,0.5898229496083959
real_data5_testing,missingness_mcar,definite_borders,0,RandomForestClassifier,0.9937169507912819,0.18181818181818166,0.7978131802949155,0.8181818181818183,0.889528349384263,0.9443850267379679,0.604690646188864
real_data5_testing,missingness_mcar,definite_borders,1,DecisionTreeClassifier,0.8919389967028064,0.09090909090909072,0.22833432416635135,0.17647058823529416,0.22002937772798775,0.2436974789915966,0.5990724041985828
real_data5_testing,missingness_mcar,definite_borders,1,RandomForestClassifier,0.9826651584350665,0.15151515151515138,0.8196760829444294,0.7611408199643495,0.8026861564602897,0.9269671504965622,0.5973131516676641
real_data5_testing,missingness_mcar,definite_borders,2,DecisionTreeClassifier,0.9165853084797668,0.06060606060606044,0.3771139720577663,0.358288770053476,0.36850739356361506,0.5119938884644767,0.4678826363976795
real_data5_testing,missingness_mcar,definite_borders,2,RandomForestClassifier,0.9886288151659662,0.09090909090909072,0.8412120314573646,0.8110516934046347,0.8440228633944507,0.950802139037433,0.5992469761510953
real_data5_testing,missingness_mcar,definite_borders,3,DecisionTreeClassifier,0.8884596342199061,-2.220446049250313e-16,0.33036362955744747,0.2620320855614973,0.11795009943516058,0.4087089381207028,0.5856905115930978
real_data5_testing,missingness_mcar,definite_borders,3,RandomForestClassifier,0.9932066647417113,0.18181818181818166,0.8273219815681672,0.7860962566844921,0.8769560256207265,0.9288006111535523,0.594728623459906
real_data5_testing,missingness_mcar,definite_borders,4,DecisionTreeClassifier,0.9360508960745751,-2.220446049250313e-16,0.15871469610629352,0.4188948306595366,0.48487795444092185,0.547135217723453,0.45228430756792665
real_data5_testing,missingness_mcar,definite_borders,4,RandomForestClassifier,0.9926425528992016,0.21212121212121193,0.8341840231588642,0.8039215686274511,0.8694214405898332,0.9419404125286478,0.6987456859711438
real_data5_testing,missingness_mcar,itching,0,DecisionTreeClassifier,0.8470074151212619,0.030303030303030054,0.34573407280170065,0.25490196078431376,0.13494445213735154,0.37937356760886176,0.5244178245818335
real_data5_testing,missingness_mcar,itching,0,RandomForestClassifier,0.9809852223798142,0.15151515151515138,0.7711495034249337,0.732620320855615,0.7980692882609315,0.8896867838044309,0.6837704510821218
real_data5_testing,missingness_mcar,itching,1,DecisionTreeClassifier,0.9611775473604333,-2.220446049250313e-16,0.1728024081421221,0.4402852049910874,0.5631258036461153,0.6223071046600457,0.46593334174080364
real_data5_testing,missingness_mcar,itching,1,RandomForestClassifier,0.9890305301602372,0.30303030303030287,0.7639248709678518,0.7433155080213905,0.8432522061936462,0.8942704354469061,0.6389802789959358
real_data5_testing,missingness_mcar,itching,2,DecisionTreeClassifier,0.9273280353290533,0.030303030303030054,0.2554245479688527,0.35472370766488415,0.39792932511185297,0.4863254392666157,0.5278171778369871
real_data5_testing,missingness_mcar,itching,2,RandomForestClassifier,0.9782895042119387,0.18181818181818166,0.7421765871029659,0.6862745098039217,0.7549606174348955,0.8618792971734147,0.5275379855307141
real_data5_testing,missingness_mcar,itching,3,DecisionTreeClassifier,0.9683853470544876,0.09090909090909072,0.4540240787551655,0.46524064171123,0.6495497551560969,0.5951107715813597,0.5481108272982285
real_data5_testing,missingness_mcar,itching,3,RandomForestClassifier,0.9885524824270057,0.18181818181818166,0.7890004060755196,0.7433155080213905,0.8345986252906845,0.9028265851795263,0.6475911577088583
real_data5_testing,missingness_mcar,itching,4,DecisionTreeClassifier,0.8921850616299453,0.030303030303030054,0.43205010267430344,0.31907308377896615,0.2368164401944628,0.44262796027501905,0.47423552953325254
real_data5_testing,missingness_mcar,itching,4,RandomForestClassifier,0.9796962106571451,0.18181818181818166,0.7622317589835348,0.6720142602495545,0.7466766315634628,0.8530175706646294,0.6671658792175028
real_data5_testing,missingness_mcar,koebner_phenomenon,0,DecisionTreeClassifier,0.9181916639419434,0.030303030303030054,-0.11517795786079676,0.20142602495543677,0.22798074715743033,0.2828113063407181,0.50955033201711
real_data5_testing,missingness_mcar,koebner_phenomenon,0,RandomForestClassifier,0.9887952118297997,0.15151515151515138,0.7506702976302333,0.7254901960784316,0.8433627284880014,0.8734912146676853,0.5915879158977801
real_data5_testing,missingness_mcar,koebner_phenomenon,1,DecisionTreeClassifier,0.9069726948007432,0.030303030303030054,-0.02843832843275851,0.30837789661319076,0.4229122425216164,0.4517952635599694,0.5574743168611351
real_data5_testing,missingness_mcar,koebner_phenomenon,1,RandomForestClassifier,0.9877705602364721,0.21212121212121193,0.6806129460183319,0.6827094474153299,0.8306794908419857,0.8340718105423988,0.6163217609815159
real_data5_testing,missingness_mcar,koebner_phenomenon,2,DecisionTreeClassifier,0.9148976457045946,0.09090909090909072,-0.10622946793074739,0.23707664884135474,0.4066558733510278,0.31245225362872414,0.5052181285562362
real_data5_testing,missingness_mcar,koebner_phenomenon,2,RandomForestClassifier,0.9813559342852387,0.06060606060606044,0.6944433532578321,0.6434937611408201,0.7717965275184887,0.816042780748663,0.478440316394573
real_data5_testing,missingness_mcar,koebner_phenomenon,3,DecisionTreeClassifier,0.899645497443874,0.06060606060606044,-0.09567364183986649,0.340463458110517,0.36097528634543263,0.493048128342246,0.6286372922044874
real_data5_testing,missingness_mcar,koebner_phenomenon,3,RandomForestClassifier,0.9774419057025858,0.18181818181818166,0.6938060478566492,0.607843137254902,0.7599585643063669,0.7708174178762414,0.5628041645261677
real_data5_testing,missingness_mcar,koebner_phenomenon,4,DecisionTreeClassifier,0.9605756005462142,0.09090909090909072,0.08064402975616758,0.44385026737967925,0.6190163515918683,0.6073338426279602,0.5841740190843662
real_data5_testing,missingness_mcar,koebner_phenomenon,4,RandomForestClassifier,0.9915346891008314,0.18181818181818166,0.7394524757499449,0.7361853832442069,0.8518952223110858,0.893353705118411,0.6032190424473233
real_data5_testing,missingness_mcar,polygonal_papules,0,DecisionTreeClassifier,0.9505114640098455,0.121212121212121,-0.038864216792551476,0.5258467023172906,0.7149262868218565,0.5993888464476699,0.554581834604676
real_data5_testing,missingness_mcar,polygonal_papules,0,RandomForestClassifier,0.983524241939134,0.09090909090909072,0.9050322823704543,0.7540106951871658,0.7923686382157786,0.9089381207028265,0.5690404399024757
real_data5_testing,missingness_mcar,polygonal_papules,1,DecisionTreeClassifier,0.8402124581818405,-2.220446049250313e-16,0.0565045590046801,0.2798573975044564,0.3462035530337349,0.2455309396485867,0.6426104138387717
real_data5_testing,missingness_mcar,polygonal_papules,1,RandomForestClassifier,0.9734165640410914,0.09090909090909072,0.9669628934489306,0.807486631016043,0.7921145855775544,0.9416348357524826,0.485991086451462
real_data5_testing,missingness_mcar,polygonal_papules,2,DecisionTreeClassifier,0.9588150180114755,0.09090909090909072,0.768443990384548,0.5258467023172906,0.6600688348666481,0.6195569136745607,0.5274609713537521
real_data5_testing,missingness_mcar,polygonal_papules,2,RandomForestClassifier,0.9780759838795282,0.15151515151515138,0.9040112945901715,0.8217468805704101,0.7655880993427396,0.9410236822001529,0.6556764548871112
real_data5_testing,missingness_mcar,polygonal_papules,3,DecisionTreeClassifier,0.9480294873607483,0.030303030303030054,0.08092453971141111,0.5151515151515151,0.6327234888395468,0.5914438502673797,0.46996913144178265
real_data5_testing,missingness_mcar,polygonal_papules,3,RandomForestClassifier,0.9780354337070672,0.21212121212121193,0.8991904482807023,0.7860962566844921,0.7657323205171764,0.9242169595110771,0.5702509008568457
real_data5_testing,missingness_mcar,polygonal_papules,4,DecisionTreeClassifier,0.872942843327393,0.030303030303030054,-0.708073520189034,0.28342245989304815,0.3583960535076249,0.3283422459893048,0.477331898428456
real_data5_testing,missingness_mcar,polygonal_papules,4,RandomForestClassifier,0.9745499730822196,0.09090909090909072,0.9126058910445114,0.7611408199643495,0.7073321839352027,0.9251336898395722,0.6009881658970707
real_data5_testing,missingness_mcar,follicular_papules,0,DecisionTreeClassifier,0.8820247736216461,0.030303030303030054,-0.3523182999838259,0.14795008912655974,0.3513077447433748,0.1657754010695187,0.5971193468203881
real_data5_testing,missingness_mcar,follicular_papules,0,RandomForestClassifier,0.947032112323751,0.06060606060606044,0.7813325787899759,0.6221033868092692,0.5678452214280802,0.814514896867838,0.6059118496081235
real_data5_testing,missingness_mcar,follicular_papules,1,DecisionTreeClassifier,0.9310767183121555,0.030303030303030054,-0.6631906938958423,0.358288770053476,0.6124995101887314,0.43101604278074857,0.6120567588176891
real_data5_testing,missingness_mcar,follicular_papules,1,RandomForestClassifier,0.9436558730921785,0.030303030303030054,0.7771444084699903,0.5044563279857398,0.4389536997109865,0.6990068754774637,0.6561682158062676
real_data5_testing,missingness_mcar,follicular_papules,2,DecisionTreeClassifier,0.9364374720178148,0.18181818181818166,-0.318195262317172,0.39393939393939403,0.570840363285059,0.44262796027501905,0.6155114091220222
real_data5_testing,missingness_mcar,follicular_papules,2,RandomForestClassifier,0.9607734349439704,0.030303030303030054,0.8104211233245068,0.6577540106951872,0.6600042415166176,0.8285714285714285,0.6320935882375036
real_data5_testing,missingness_mcar,follicular_papules,3,DecisionTreeClassifier,0.93650560972888,0.06060606060606044,-0.4065293620327626,0.28698752228163993,0.5463407544365091,0.35523300229182575,0.545884813835646
real_data5_testing,missingness_mcar,follicular_papules,3,RandomForestClassifier,0.9382595482826104,0.15151515151515138,0.7322307666690808,0.6684491978609627,0.5955813086521378,0.8215431627196331,0.7097075912894858
real_data5_testing,missingness_mcar,follicular_papules,4,DecisionTreeClassifier,0.8568204818483349,-2.220446049250313e-16,0.05859463013197386,0.030303030303030304,0.13573122960366618,0.021543162719633305,0.547600305796094
real_data5_testing,missingness_mcar,follicular_papules,4,RandomForestClassifier,0.9368113553391455,-0.030303030303030498,0.7103505710054809,0.6363636363636365,0.5240119360280779,0.8533231474407945,0.6740463133301708
real_data5_testing,missingness_mcar,oral_mucosal_involvement,0,DecisionTreeClassifier,0.8774030457266174,0.09090909090909072,-0.6618718680728737,0.4509803921568628,0.42625666980258714,0.4860198624904507,0.573190224427563
real_data5_testing,missingness_mcar,oral_mucosal_involvement,0,RandomForestClassifier,0.9692074846290845,0.09090909090909072,0.913674773584048,0.6613190730837791,0.6819613216051201,0.8319327731092437,0.5880030679398669
real_data5_testing,missingness_mcar,oral_mucosal_involvement,1,DecisionTreeClassifier,0.9192624671440557,0.030303030303030054,-0.05267879414198884,0.31907308377896615,0.49936896640241546,0.4245989304812834,0.5021741548592248
real_data5_testing,missingness_mcar,oral_mucosal_involvement,1,RandomForestClassifier,0.971550554393391,0.15151515151515138,0.8617178329261854,0.6363636363636365,0.6727349171708874,0.7992360580595874,0.5630791611857789
real_data5_testing,missingness_mcar,oral_mucosal_involvement,2,DecisionTreeClassifier,0.9140029514511133,0.21212121212121193,-0.4384869321197733,0.35115864527629237,0.4916646487563946,0.4102368220015278,0.6323991092083219
real_data5_testing,missingness_mcar,oral_mucosal_involvement,2,RandomForestClassifier,0.9706800494740586,-2.220446049250313e-16,0.8757176471978144,0.6434937611408201,0.6915574838089698,0.814209320091673,0.5108146444481945
real_data5_testing,missingness_mcar,oral_mucosal_involvement,3,DecisionTreeClassifier,0.9333049023317469,0.18181818181818166,-0.02530234934236697,0.3297682709447416,0.575545996127815,0.42734912146676857,0.5361065122062667
real_data5_testing,missingness_mcar,oral_mucosal_involvement,3,RandomForestClassifier,0.9630233489680995,0.06060606060606044,0.920472864306645,0.6363636363636365,0.6257782111622645,0.814820473644003,0.5238304143615679
real_data5_testing,missingness_mcar,oral_mucosal_involvement,4,DecisionTreeClassifier,0.9728236570917066,0.2424242424242422,-0.05792941377552108,0.5151515151515151,0.77113955212733,0.6229182582123758,0.6183740884354507
real_data5_testing,missingness_mcar,oral_mucosal_involvement,4,RandomForestClassifier,0.9738333591740308,0.030303030303030054,0.9034970952558384,0.6541889483065955,0.6188683677297551,0.787929717341482,0.5587340333133707
real_data5_testing,missingness_mcar,knee_and_elbow_involvement,0,DecisionTreeClassifier,0.9005719283791269,0.030303030303030054,-0.5087169418305932,0.15864527629233513,0.22045895661384968,0.21008403361344533,0.5270915803959555
real_data5_testing,missingness_mcar,knee_and_elbow_involvement,0,RandomForestClassifier,0.9643329593173701,0.09090909090909072,0.9133728155925339,0.750445632798574,0.6844607200234397,0.9153552330022918,0.5607358198600415
real_data5_testing,missingness_mcar,knee_and_elbow_involvement,1,DecisionTreeClassifier,0.9540617190181137,0.030303030303030054,-0.1492841413781545,0.4260249554367202,0.5466293889332468,0.5611917494270435,0.568875029238
real_data5_testing,missingness_mcar,knee_and_elbow_involvement,1,RandomForestClassifier,0.9729849800931958,0.15151515151515138,0.8562028995456129,0.7540106951871658,0.7562821628973406,0.9165775401069518,0.6000794632651665
real_data5_testing,missingness_mcar,knee_and_elbow_involvement,2,DecisionTreeClassifier,0.9095475668888036,-0.030303030303030498,-0.7187745476774239,0.251336898395722,0.24697016376929154,0.36440030557677616,0.5268110125163931
real_data5_testing,missingness_mcar,knee_and_elbow_involvement,2,RandomForestClassifier,0.9636546638036463,0.06060606060606044,0.7328404499325344,0.7397504456327987,0.6691941875067271,0.922383498854087,0.5114114088974857
real_data5_testing,missingness_mcar,knee_and_elbow_involvement,3,DecisionTreeClassifier,0.8460618987653105,0.06060606060606044,-0.8933405071544078,0.10160427807486631,0.11041847334901711,0.1419404125286478,0.4861412375502795
real_data5_testing,missingness_mcar,knee_and_elbow_involvement,3,RandomForestClassifier,0.9654109139595449,0.09090909090909072,0.7778360003176074,0.7183600713012479,0.6731357825719686,0.9012987012987013,0.5540539928052707
real_data5_testing,missingness_mcar,knee_and_elbow_involvement,4,DecisionTreeClassifier,0.9268192269072514,-2.220446049250313e-16,-0.07637612119067616,0.31550802139037437,0.3539067810909693,0.42887700534759354,0.5764554249983622
real_data5_testing,missingness_mcar,knee_and_elbow_involvement,4,RandomForestClassifier,0.9804259516483377,-2.220446049250313e-16,0.8575487825630173,0.732620320855615,0.7494482215333382,0.8909090909090909,0.5058261595235366
real_data5_testing,missingness_mcar,scalp_involvement,0,DecisionTreeClassifier,0.8794110797760571,-2.220446049250313e-16,-0.7925115045680118,0.18716577540106952,0.24843979806979521,0.27700534759358286,0.5493573290510444
real_data5_testing,missingness_mcar,scalp_involvement,0,RandomForestClassifier,0.9719993391163637,0.2424242424242422,0.9054410312120051,0.7896613190730838,0.7605694124096837,0.9315508021390374,0.620016296388181
real_data5_testing,missingness_mcar,scalp_involvement,1,DecisionTreeClassifier,0.8160403333684825,0.06060606060606044,-0.9112058193246535,0.08734402852049912,0.01777986147489241,0.1147440794499618,0.7066200754526085
real_data5_testing,missingness_mcar,scalp_involvement,1,RandomForestClassifier,0.988589051105125,0.030303030303030054,0.8666630538546248,0.8181818181818183,0.8452999062276936,0.948663101604278,0.553251613597619
real_data5_testing,missingness_mcar,scalp_involvement,2,DecisionTreeClassifier,0.878624129083681,0.09090909090909072,0.8582362571351213,0.25846702317290554,0.3309995754534912,0.35645530939648584,0.5641916147123552
real_data5_testing,missingness_mcar,scalp_involvement,2,RandomForestClassifier,0.9788942674078936,0.121212121212121,0.8839385426580038,0.8288770053475937,0.7600950384137055,0.9563025210084034,0.6594627558199707
real_data5_testing,missingness_mcar,scalp_involvement,3,DecisionTreeClassifier,0.834236466784879,0.030303030303030054,-0.6405317838446389,0.18716577540106952,0.17299140219438708,0.2595874713521772,0.5049551645306004
real_data5_testing,missingness_mcar,scalp_involvement,3,RandomForestClassifier,0.9860149338392383,0.030303030303030054,0.7804288650219542,0.7896613190730838,0.8134213832100856,0.9275783040488922,0.5415950458964168
real_data5_testing,missingness_mcar,scalp_involvement,4,DecisionTreeClassifier,0.8782558705065509,-2.220446049250313e-16,-0.5620267753345063,0.15508021390374335,0.298107667534267,0.22444614209320088,0.5220382452232438
real_data5_testing,missingness_mcar,scalp_involvement,4,RandomForestClassifier,0.9738818627779793,0.06060606060606044,0.866347245133072,0.750445632798574,0.7198614130886622,0.9116883116883117,0.5988491634254688
real_data5_testing,missingness_mcar,family_history,0,DecisionTreeClassifier,0.9165320020583402,0.030303030303030054,-0.31723325549769155,0.22994652406417115,0.39676561408633193,0.26142093200916733,0.5819107454985015
real_data5_testing,missingness_mcar,family_history,0,RandomForestClassifier,0.9729713075840473,0.09090909090909072,0.817645422899203,0.6506238859180037,0.6825652999793632,0.8346829640947288,0.5224511821044416
real_data5_testing,missingness_mcar,family_history,1,DecisionTreeClassifier,0.8880566285464294,0.18181818181818166,-0.26187283652442783,0.17647058823529416,0.2920890700120667,0.2045836516424752,0.5424513388557569
real_data5_testing,missingness_mcar,family_history,1,RandomForestClassifier,0.9727037114743311,0.06060606060606044,0.8362425575167696,0.6434937611408201,0.722876179613472,0.8221543162719633,0.5272876439038117
real_data5_testing,missingness_mcar,family_history,2,DecisionTreeClassifier,0.9092555566241827,-2.220446049250313e-16,0.5504863191723769,0.4081996434937612,0.4559166112187206,0.49915966386554617,0.47748998403683757
real_data5_testing,missingness_mcar,family_history,2,RandomForestClassifier,0.969440829368682,0.06060606060606044,0.8484644521751307,0.6648841354723708,0.7205514302012597,0.8322383498854086,0.526232522680916
real_data5_testing,missingness_mcar,family_history,3,DecisionTreeClassifier,0.8760449289816901,0.06060606060606044,-0.4707133916515853,0.3012477718360072,0.4182678002711214,0.3295645530939648,0.5123241586596712
real_data5_testing,missingness_mcar,family_history,3,RandomForestClassifier,0.970318301958091,0.09090909090909072,0.6445542229160501,0.625668449197861,0.7494676489306742,0.8022918258212375,0.5277717993163256
real_data5_testing,missingness_mcar,family_history,4,DecisionTreeClassifier,0.9016771523309206,0.06060606060606044,-0.10260614281208635,0.21568627450980396,0.4137821276168142,0.29075630252100837,0.6010010890897328
real_data5_testing,missingness_mcar,family_history,4,RandomForestClassifier,0.9578711007497218,0.06060606060606044,0.6740951105097921,0.5971479500891266,0.6522310658439643,0.7848739495798318,0.5507856867691988
real_data5_testing,missingness_mcar,melanin_incontinence,0,DecisionTreeClassifier,0.8261891052393585,0.06060606060606044,-0.5496781129169197,0.25490196078431376,0.18472207014996136,0.28922841864018334,0.6019647920715069
real_data5_testing,missingness_mcar,melanin_incontinence,0,RandomForestClassifier,0.9644614802474344,0.06060606060606044,0.830605785331508,0.6042780748663102,0.6509206114925266,0.7912910618792971,0.6050274943789175
real_data5_testing,missingness_mcar,melanin_incontinence,1,DecisionTreeClassifier,0.905828594393528,-0.030303030303030498,-0.45783237809742916,0.06238859180035652,0.26654209467211015,0.08051948051948052,0.48649255390636315
real_data5_testing,missingness_mcar,melanin_incontinence,1,RandomForestClassifier,0.9622217713482965,0.09090909090909072,0.849392836659941,0.6648841354723708,0.6525795030997165,0.8355996944232237,0.560896897134565
real_data5_testing,missingness_mcar,melanin_incontinence,2,DecisionTreeClassifier,0.8575184404351691,-2.220446049250313e-16,0.07219141603394741,0.28342245989304815,0.2390951325949471,0.3423987776928953,0.4911168305659333
real_data5_testing,missingness_mcar,melanin_incontinence,2,RandomForestClassifier,0.9750893260644097,0.18181818181818166,0.8754903326299553,0.679144385026738,0.746267289389527,0.8163483575248279,0.5170522132390125
real_data5_testing,missingness_mcar,melanin_incontinence,3,DecisionTreeClassifier,0.897360065476637,0.030303030303030054,0.10606145592947636,0.22281639928698754,0.3826559041515599,0.2916730328495034,0.4880096748504185
real_data5_testing,missingness_mcar,melanin_incontinence,3,RandomForestClassifier,0.9765147205774708,-0.030303030303030498,0.9313748868325448,0.6613190730837791,0.6866413301478128,0.8331550802139037,0.5982686362342451
real_data5_testing,missingness_mcar,melanin_incontinence,4,DecisionTreeClassifier,0.9046083388040479,0.06060606060606044,0.24680319945336104,0.29411764705882354,0.48487862117939384,0.3527883880825057,0.4245478620980994
real_data5_testing,missingness_mcar,melanin_incontinence,4,RandomForestClassifier,0.9704891341069952,-0.030303030303030498,0.8960662977619751,0.6720142602495545,0.7043469436045611,0.8444614209320092,0.5732186611987181
real_data5_testing,missingness_mcar,eosinophils_in_the_infiltrate,0,DecisionTreeClassifier,0.8580108207516618,0.06060606060606044,0.11877745629379532,0.33689839572192515,0.35289243097277817,0.45790679908326964,0.46306841687328365
real_data5_testing,missingness_mcar,eosinophils_in_the_infiltrate,0,RandomForestClassifier,0.9855119451220969,0.121212121212121,0.806825808391936,0.807486631016043,0.8188684225015466,0.9434682964094728,0.5897452019821384
real_data5_testing,missingness_mcar,eosinophils_in_the_infiltrate,1,DecisionTreeClassifier,0.817076025995387,-2.220446049250313e-16,-0.20576551834293433,0.18360071301247774,0.052053424926044305,0.2385026737967914,0.47531988304087974
real_data5_testing,missingness_mcar,eosinophils_in_the_infiltrate,1,RandomForestClassifier,0.9833620864329281,0.09090909090909072,0.7769355492138974,0.7361853832442069,0.7963421289207444,0.9061879297173414,0.6203882405488249
real_data5_testing,missingness_mcar,eosinophils_in_the_infiltrate,2,DecisionTreeClassifier,0.8493642107298008,-0.030303030303030498,-0.5096018702126963,0.25846702317290554,0.10065573517827382,0.3283422459893048,0.550575887584188
real_data5_testing,missingness_mcar,eosinophils_in_the_infiltrate,2,RandomForestClassifier,0.9877232776120786,0.06060606060606044,0.7533759305268967,0.714795008912656,0.8039554865227381,0.8948815889992361,0.5026476809013576
real_data5_testing,missingness_mcar,eosinophils_in_the_infiltrate,3,DecisionTreeClassifier,0.9465186009455084,0.030303030303030054,0.23415588469263926,0.4260249554367202,0.5403212793534529,0.5975553857906798,0.515151457956132
real_data5_testing,missingness_mcar,eosinophils_in_the_infiltrate,3,RandomForestClassifier,0.9782905004506528,0.21212121212121193,0.7061980007186028,0.7040998217468807,0.7619154313469436,0.8646294881589,0.6363094639730175
real_data5_testing,missingness_mcar,eosinophils_in_the_infiltrate,4,DecisionTreeClassifier,0.8342429553672529,-2.220446049250313e-16,-0.3216968379184013,0.28698752228163993,0.256049027334893,0.3368983957219251,0.5566534759925652
real_data5_testing,missingness_mcar,eosinophils_in_the_infiltrate,4,RandomForestClassifier,0.9826450316356327,0.15151515151515138,0.7192847393135822,0.7183600713012479,0.7756961906762051,0.8832696715049655,0.6573104189796183
real_data5_testing,missingness_mcar,PNL_infiltrate,0,DecisionTreeClassifier,0.8448424322840693,0.030303030303030054,0.7008923962717528,0.2976827094474154,0.2636884382269977,0.4004583651642475,0.558765180060009
real_data5_testing,missingness_mcar,PNL_infiltrate,0,RandomForestClassifier,0.982740482033114,0.06060606060606044,0.8804585187317062,0.8181818181818183,0.7941691749990454,0.9544690603514132,0.5409312003476675
real_data5_testing,missingness_mcar,PNL_infiltrate,1,DecisionTreeClassifier,0.9331200903673232,0.21212121212121193,0.7183805560857756,0.4010695187165776,0.5543596215597296,0.5297173414820473,0.6851503513790785
real_data5_testing,missingness_mcar,PNL_infiltrate,1,RandomForestClassifier,0.9856327538257932,0.121212121212121,0.8005418363847924,0.8003565062388593,0.8144151821358498,0.9391902215431627,0.5785416003283097
real_data5_testing,missingness_mcar,PNL_infiltrate,2,DecisionTreeClassifier,0.9325482871422073,0.09090909090909072,0.8025928710840607,0.46524064171123,0.5168505005410542,0.6479755538579068,0.505801714412555
real_data5_testing,missingness_mcar,PNL_infiltrate,2,RandomForestClassifier,0.9831141466501472,0.06060606060606044,0.8430606641858689,0.7361853832442069,0.7892827013912322,0.8988540870893811,0.5415587625926492
real_data5_testing,missingness_mcar,PNL_infiltrate,3,DecisionTreeClassifier,0.9586594493711219,0.06060606060606044,0.8234778633377455,0.4688057040998218,0.5865438010476902,0.573414820473644,0.4869614890457405
real_data5_testing,missingness_mcar,PNL_infiltrate,3,RandomForestClassifier,0.9797357956499023,0.06060606060606044,0.8812256026073868,0.7789661319073085,0.7692859571913655,0.9248281130634071,0.632483407960692
real_data5_testing,missingness_mcar,PNL_infiltrate,4,DecisionTreeClassifier,0.8696517616968649,0.15151515151515138,0.7681603540355233,0.29411764705882354,0.24805987719135997,0.38762414056531697,0.5412327184705245
real_data5_testing,missingness_mcar,PNL_infiltrate,4,RandomForestClassifier,0.9861823954655181,0.121212121212121,0.8945615228667868,0.7754010695187167,0.8112405215706507,0.9260504201680673,0.6027215613082516
real_data5_testing,missingness_mcar,fibrosis_of_the_papillary_dermis,0,DecisionTreeClassifier,0.91688207890459,-2.220446049250313e-16,0.6022482759068314,0.19429590017825316,0.2922860770277063,0.2699770817417876,0.4413956029499475
real_data5_testing,missingness_mcar,fibrosis_of_the_papillary_dermis,0,RandomForestClassifier,0.9513767334592899,0.15151515151515138,0.9107949124365909,0.7076648841354726,0.5624375261643765,0.8759358288770053,0.6390582568036214
real_data5_testing,missingness_mcar,fibrosis_of_the_papillary_dermis,1,DecisionTreeClassifier,0.9557615224540943,0.33333333333333315,0.9559125756587535,0.4973262032085562,0.6856360826739643,0.6113063407181054,0.6713926299189705
real_data5_testing,missingness_mcar,fibrosis_of_the_papillary_dermis,1,RandomForestClassifier,0.967340993879755,0.15151515151515138,0.891859513479279,0.7254901960784316,0.6485139646436217,0.8909090909090909,0.6093030745593463
real_data5_testing,missingness_mcar,fibrosis_of_the_papillary_dermis,2,DecisionTreeClassifier,0.9135203580085309,0.15151515151515138,0.5964679674363073,0.35115864527629237,0.48838904431621144,0.40840336134453775,0.6142643712541401
real_data5_testing,missingness_mcar,fibrosis_of_the_papillary_dermis,2,RandomForestClassifier,0.9648085014315521,0.121212121212121,0.9121852111885134,0.7433155080213905,0.6694572963891834,0.9055767761650114,0.5890138243910783
real_data5_testing,missingness_mcar,fibrosis_of_the_papillary_dermis,3,DecisionTreeClassifier,0.9044846151345703,-2.220446049250313e-16,0.5746759448754377,0.2798573975044564,0.22486889634211663,0.2849503437738731,0.452350915833653
real_data5_testing,missingness_mcar,fibrosis_of_the_papillary_dermis,3,RandomForestClassifier,0.9241338054512184,0.121212121212121,0.8985075992846119,0.6862745098039217,0.5426579113448596,0.8695187165775401,0.6303672439594588
real_data5_testing,missingness_mcar,fibrosis_of_the_papillary_dermis,4,DecisionTreeClassifier,0.9294903518829196,0.15151515151515138,0.9410833698838545,0.4545454545454546,0.5560494446893075,0.5251336898395721,0.5646462513970338
real_data5_testing,missingness_mcar,fibrosis_of_the_papillary_dermis,4,RandomForestClassifier,0.964965085716209,0.121212121212121,0.8848771650239242,0.6827094474153299,0.6532833672642883,0.867379679144385,0.6134362464644778
real_data5_testing,missingness_mcar,exocytosis,0,DecisionTreeClassifier,0.8693792506461835,-0.030303030303030498,-0.13354151787754165,0.4581105169340464,0.3698327258598848,0.6198624904507257,0.49768719473099793
real_data5_testing,missingness_mcar,exocytosis,0,RandomForestClassifier,0.9840502061295225,0.06060606060606044,0.8004698196742676,0.750445632798574,0.8034133372901402,0.9101604278074866,0.49630567422167654
real_data5_testing,missingness_mcar,exocytosis,1,DecisionTreeClassifier,0.9353819116086045,0.06060606060606044,0.8441762222585913,0.340463458110517,0.44542253894741435,0.4976317799847212,0.5371918900464834
real_data5_testing,missingness_mcar,exocytosis,1,RandomForestClassifier,0.9808194352879656,0.121212121212121,0.849862652510198,0.750445632798574,0.7723891264777817,0.9150496562261269,0.6208427914445522
real_data5_testing,missingness_mcar,exocytosis,2,DecisionTreeClassifier,0.9004617828716024,0.030303030303030054,0.8467122636109451,0.36541889483065954,0.3398697225981385,0.5165775401069518,0.5362701651191226
real_data5_testing,missingness_mcar,exocytosis,2,RandomForestClassifier,0.9722509615817249,0.030303030303030054,0.7795769487367833,0.7361853832442069,0.7220435980860631,0.897020626432391,0.48148694785045487
real_data5_testing,missingness_mcar,exocytosis,3,DecisionTreeClassifier,0.8962324403744432,0.09090909090909072,-0.3428722856076758,0.29411764705882354,0.3400227416764812,0.44629488158899916,0.513136418387339
real_data5_testing,missingness_mcar,exocytosis,3,RandomForestClassifier,0.9849572489782041,-2.220446049250313e-16,0.80035362738206,0.7718360071301248,0.8103938218822813,0.921161191749427,0.5642251563429131
real_data5_testing,missingness_mcar,exocytosis,4,DecisionTreeClassifier,0.7955415163600343,-2.220446049250313e-16,-1.2398826809857146,0.016042780748663103,-0.14491930136858766,0.045072574484339184,0.509112016046781
real_data5_testing,missingness_mcar,exocytosis,4,RandomForestClassifier,0.9538360234016128,0.15151515151515138,0.7188403054830809,0.6898395721925134,0.6401722741428164,0.8765469824293353,0.5988111591681113
real_data5_testing,missingness_mcar,acanthosis,0,DecisionTreeClassifier,0.8552717298693983,0.06060606060606044,0.5195514750563824,0.2976827094474154,0.18069993065570264,0.4765469824293353,0.5143713751286727
real_data5_testing,missingness_mcar,acanthosis,0,RandomForestClassifier,0.9810204894863505,0.06060606060606044,0.7043863278382547,0.750445632798574,0.7809717367574441,0.9055767761650114,0.4998292455294454
real_data5_testing,missingness_mcar,acanthosis,1,DecisionTreeClassifier,0.8782457026247744,0.06060606060606044,0.3393496703286243,0.13725490196078433,0.22421615515841686,0.20275019098548508,0.6091710549127587
real_data5_testing,missingness_mcar,acanthosis,1,RandomForestClassifier,0.9728396134415495,0.09090909090909072,0.7470209407351702,0.696969696969697,0.7189269685933896,0.8731856378915201,0.5894075103691295
real_data5_testing,missingness_mcar,acanthosis,2,DecisionTreeClassifier,0.9234866965350188,0.06060606060606044,0.41789254016503197,0.35472370766488415,0.44072814757250506,0.4756302521008403,0.4897616292505288
real_data5_testing,missingness_mcar,acanthosis,2,RandomForestClassifier,0.9515293780876646,0.09090909090909072,0.7693894921889922,0.6577540106951872,0.6482277177958242,0.8438502673796792,0.5977206726505209
real_data5_testing,missingness_mcar,acanthosis,3,DecisionTreeClassifier,0.887069088224741,0.030303030303030054,0.39566774946212224,0.4081996434937612,0.4430633537680915,0.4823529411764706,0.5021134963223823
real_data5_testing,missingness_mcar,acanthosis,3,RandomForestClassifier,0.981770748258677,0.09090909090909072,0.7523470929076259,0.732620320855615,0.7966587763254149,0.8997708174178761,0.5606866714846526
real_data5_testing,missingness_mcar,acanthosis,4,DecisionTreeClassifier,0.8554047062134348,0.030303030303030054,0.23122571178773144,0.17647058823529416,0.12331118279988694,0.27914438502673794,0.5171582049764261
real_data5_testing,missingness_mcar,acanthosis,4,RandomForestClassifier,0.9762989044391099,0.06060606060606044,0.7401424076549163,0.7468805704099823,0.7483671196360575,0.9089381207028265,0.4801430453877997
real_data5_testing,missingness_mcar,hyperkeratosis,0,DecisionTreeClassifier,0.9148255269735508,0.06060606060606044,-0.02941717116584064,0.22638146167557938,0.3572665229829446,0.30328495034377384,0.47022634364272997
real_data5_testing,missingness_mcar,hyperkeratosis,0,RandomForestClassifier,0.9559086449709919,0.030303030303030054,0.8127583082440109,0.6434937611408201,0.6340724031415108,0.8404889228418639,0.5303373653899046
real_data5_testing,missingness_mcar,hyperkeratosis,1,DecisionTreeClassifier,0.9139559983586305,0.06060606060606044,0.03901516532373184,0.3618538324420678,0.4941192970322085,0.49427043544690596,0.5603107457301726
real_data5_testing,missingness_mcar,hyperkeratosis,1,RandomForestClassifier,0.9557802972802761,-2.220446049250313e-16,0.8028118819723709,0.7112299465240642,0.7260032839377175,0.8731856378915201,0.5311245005366738
real_data5_testing,missingness_mcar,hyperkeratosis,2,DecisionTreeClassifier,0.9099461315595406,0.06060606060606044,0.07675027799575462,0.2620320855614973,0.2035756112105774,0.3766233766233766,0.5391153404920823
real_data5_testing,missingness_mcar,hyperkeratosis,2,RandomForestClassifier,0.9807454287576102,0.06060606060606044,0.8672821223678517,0.7112299465240642,0.7471812594962289,0.8881588999236057,0.5264265225093743
real_data5_testing,missingness_mcar,hyperkeratosis,3,DecisionTreeClassifier,0.7804809711182948,0.06060606060606044,-0.09758403938499938,0.08377896613190731,-0.10944481021584826,0.10771581359816654,0.5539956176994513
real_data5_testing,missingness_mcar,hyperkeratosis,3,RandomForestClassifier,0.9663473621040835,0.09090909090909072,0.8078195016257597,0.6506238859180037,0.6789887716778207,0.8325439266615737,0.5189207071174825
real_data5_testing,missingness_mcar,hyperkeratosis,4,DecisionTreeClassifier,0.9136434421755031,0.09090909090909072,0.20343330387898562,0.23351158645276296,0.36141141686013734,0.3411764705882353,0.5705075014105959
real_data5_testing,missingness_mcar,hyperkeratosis,4,RandomForestClassifier,0.9827669193049589,0.15151515151515138,0.8013423830269263,0.6399286987522282,0.7713881996093214,0.8184873949579832,0.5721502939885451
real_data5_testing,missingness_mcar,parakeratosis,0,DecisionTreeClassifier,0.8765922322729706,0.030303030303030054,0.24225876797671608,0.24420677361853835,0.20417361996924743,0.37234530175706637,0.4410201155807744
real_data5_testing,missingness_mcar,parakeratosis,0,RandomForestClassifier,0.9832528525925003,0.21212121212121193,0.7059604372287824,0.6434937611408201,0.7792138380735817,0.8322383498854086,0.6923861620485037
real_data5_testing,missingness_mcar,parakeratosis,1,DecisionTreeClassifier,0.9135275338650366,-2.220446049250313e-16,0.11753166361914791,0.31194295900178254,0.3635519753212509,0.43590527119938877,0.5030522780494896
real_data5_testing,missingness_mcar,parakeratosis,1,RandomForestClassifier,0.9845076939891425,0.121212121212121,0.8151832738092807,0.7076648841354726,0.7999061312467448,0.8744079449961801,0.5458603014795911
real_data5_testing,missingness_mcar,parakeratosis,2,DecisionTreeClassifier,0.9341727109059017,0.06060606060606044,0.3209929758192104,0.3297682709447416,0.36758492601457055,0.45760122230710465,0.5689858561067149
real_data5_testing,missingness_mcar,parakeratosis,2,RandomForestClassifier,0.9806417343285073,-2.220446049250313e-16,0.7904518436620096,0.7005347593582889,0.7675091293042993,0.8753246753246753,0.48559201960171594
real_data5_testing,missingness_mcar,parakeratosis,3,DecisionTreeClassifier,0.8519375800554813,0.09090909090909072,-0.13314532566670723,0.16577540106951874,0.1722225848898855,0.2385026737967914,0.6715130663420381
real_data5_testing,missingness_mcar,parakeratosis,3,RandomForestClassifier,0.979075545142111,0.06060606060606044,0.7193383237629449,0.696969696969697,0.7496080930240208,0.8569900687547746,0.5508617939923343
real_data5_testing,missingness_mcar,parakeratosis,4,DecisionTreeClassifier,0.7957415519844027,-0.030303030303030498,0.045958736092388874,0.21568627450980396,0.09362155238778305,0.2870893812070282,0.5806704100236032
real_data5_testing,missingness_mcar,parakeratosis,4,RandomForestClassifier,0.9855098771625904,0.15151515151515138,0.7959248743441667,0.6862745098039217,0.7878095930656813,0.8713521772345301,0.5813986939184973
real_data5_testing,missingness_mcar,clubbing_of_the_rete_ridges,0,DecisionTreeClassifier,0.9317488817841727,0.06060606060606044,0.9786333011943341,0.4795008912655972,0.49578147625286495,0.626585179526356,0.5800314657664952
real_data5_testing,missingness_mcar,clubbing_of_the_rete_ridges,0,RandomForestClassifier,0.9755093535469594,0.121212121212121,0.8776478245972809,0.7860962566844921,0.725784700301118,0.9333842627960275,0.5745288282318314
real_data5_testing,missingness_mcar,clubbing_of_the_rete_ridges,1,DecisionTreeClassifier,0.8265645814827157,-2.220446049250313e-16,0.959468151304248,0.10160427807486631,-0.037328994623515785,0.15080213903743314,0.5112211657195399
real_data5_testing,missingness_mcar,clubbing_of_the_rete_ridges,1,RandomForestClassifier,0.9659714768285047,0.06060606060606044,0.9406868177450163,0.7860962566844921,0.6896577902505364,0.9336898395721924,0.574981629118858
real_data5_testing,missingness_mcar,clubbing_of_the_rete_ridges,2,DecisionTreeClassifier,0.9218987682024838,0.09090909090909072,0.9650103484827723,0.269162210338681,0.4172702653709677,0.3818181818181818,0.510215332753768
real_data5_testing,missingness_mcar,clubbing_of_the_rete_ridges,2,RandomForestClassifier,0.9720133861827789,0.21212121212121193,0.9430033537348045,0.8324420677361855,0.7638982774778267,0.9538579067990832,0.6647017058760298
real_data5_testing,missingness_mcar,clubbing_of_the_rete_ridges,3,DecisionTreeClassifier,0.9284209286076319,0.09090909090909072,0.9660656227629189,0.3440285204991088,0.4422301497663913,0.45546218487394957,0.4773114140790523
real_data5_testing,missingness_mcar,clubbing_of_the_rete_ridges,3,RandomForestClassifier,0.963916767992845,0.121212121212121,0.9232680015496818,0.8181818181818183,0.7055068217605325,0.947746371275783,0.616999818007588
real_data5_testing,missingness_mcar,clubbing_of_the_rete_ridges,4,DecisionTreeClassifier,0.8721811529056703,0.18181818181818166,0.9642222173536866,0.33333333333333337,0.23622888941128659,0.4200152788388083,0.5964430543313801
real_data5_testing,missingness_mcar,clubbing_of_the_rete_ridges,4,RandomForestClassifier,0.9606087295640043,0.06060606060606044,0.9147402239040486,0.7967914438502675,0.7248929852389772,0.9312452253628722,0.6047233146155604
real_data5_testing,missingness_mcar,elongation_of_the_rete_ridges,0,DecisionTreeClassifier,0.938132521427646,0.09090909090909072,0.8220884880229173,0.33333333333333337,0.4626741100266594,0.45423987776928954,0.5305911507950427
real_data5_testing,missingness_mcar,elongation_of_the_rete_ridges,0,RandomForestClassifier,0.9819723191907728,0.15151515151515138,0.8877268746496293,0.7575757575757577,0.7657560906356882,0.9153552330022918,0.5256715902352436
real_data5_testing,missingness_mcar,elongation_of_the_rete_ridges,1,DecisionTreeClassifier,0.931923367913528,0.09090909090909072,-0.5778024611177599,0.4010695187165776,0.4817427750614462,0.4789915966386554,0.6225220556391825
real_data5_testing,missingness_mcar,elongation_of_the_rete_ridges,1,RandomForestClassifier,0.9757493615877141,0.06060606060606044,0.8198280308813591,0.7468805704099823,0.7547599807750747,0.9104660045836517,0.48882698763252747
real_data5_testing,missingness_mcar,elongation_of_the_rete_ridges,2,DecisionTreeClassifier,0.9337846134691141,0.06060606060606044,0.8838565789266362,0.44385026737967925,0.40936498765155316,0.5896103896103896,0.5439746182046752
real_data5_testing,missingness_mcar,elongation_of_the_rete_ridges,2,RandomForestClassifier,0.9937903866839586,0.21212121212121193,0.9105119009393722,0.8146167557932265,0.8809389907383706,0.948357524828113,0.6298376599070215
real_data5_testing,missingness_mcar,elongation_of_the_rete_ridges,3,DecisionTreeClassifier,0.9379455004834439,0.030303030303030054,-0.5622057041335302,0.29055258467023176,0.5244652681363882,0.3943468296409473,0.4736334680998718
real_data5_testing,missingness_mcar,elongation_of_the_rete_ridges,3,RandomForestClassifier,0.9760576026552434,0.06060606060606044,0.916353536569606,0.6720142602495545,0.7093567626393408,0.8572956455309395,0.5925274094393549
real_data5_testing,missingness_mcar,elongation_of_the_rete_ridges,4,DecisionTreeClassifier,0.9735807556216796,0.21212121212121193,0.9082581374430657,0.5579322638146168,0.7501713600865085,0.6968678380443085,0.673980487359824
real_data5_testing,missingness_mcar,elongation_of_the_rete_ridges,4,RandomForestClassifier,0.9861345006506415,0.2424242424242422,0.9059985689448312,0.8039215686274511,0.8086486600280934,0.9361344537815126,0.5934121464488556
real_data5_testing,missingness_mcar,thinning_of_the_suprapapillary_epidermis,0,DecisionTreeClassifier,0.9511666960182756,0.06060606060606044,0.9729753623378586,0.500891265597148,0.632265862668456,0.6443086325439266,0.4625184601896225
real_data5_testing,missingness_mcar,thinning_of_the_suprapapillary_epidermis,0,RandomForestClassifier,0.9611977597288703,0.121212121212121,0.9269323674590609,0.8573975044563281,0.7222800708801826,0.9648586707410236,0.6272311338446677
real_data5_testing,missingness_mcar,thinning_of_the_suprapapillary_epidermis,1,DecisionTreeClassifier,0.9430512483700717,0.2424242424242422,0.9596473355743987,0.4010695187165776,0.6133671337539202,0.5162719633307868,0.673908308274597
real_data5_testing,missingness_mcar,thinning_of_the_suprapapillary_epidermis,1,RandomForestClassifier,0.9680104767302402,0.18181818181818166,0.9327340869543672,0.7611408199643495,0.7040458871586317,0.9242169595110771,0.6169264346776216
real_data5_testing,missingness_mcar,thinning_of_the_suprapapillary_epidermis,2,DecisionTreeClassifier,0.946927539116865,0.15151515151515138,0.9149859026656834,0.3475935828877006,0.5795114614363877,0.4548510313216195,0.6267192541378516
real_data5_testing,missingness_mcar,thinning_of_the_suprapapillary_epidermis,2,RandomForestClassifier,0.9696413468262916,0.18181818181818166,0.9200954250364516,0.7967914438502675,0.7159076723073532,0.9349121466768526,0.6735525214776751
real_data5_testing,missingness_mcar,thinning_of_the_suprapapillary_epidermis,3,DecisionTreeClassifier,0.911766392804994,0.09090909090909072,0.9353358791889104,0.4188948306595366,0.5363949774828697,0.5260504201680672,0.602229786021253
real_data5_testing,missingness_mcar,thinning_of_the_suprapapillary_epidermis,3,RandomForestClassifier,0.984551160861267,0.030303030303030054,0.9457427394567693,0.8502673796791445,0.8298946251011305,0.9651642475171887,0.5373094321293789
real_data5_testing,missingness_mcar,thinning_of_the_suprapapillary_epidermis,4,DecisionTreeClassifier,0.9579874740855373,0.15151515151515138,0.9690408922720969,0.4937611408199645,0.6581226684389005,0.6311688311688312,0.5880072696071235
real_data5_testing,missingness_mcar,thinning_of_the_suprapapillary_epidermis,4,RandomForestClassifier,0.9814109009082975,0.2424242424242422,0.9161416063057181,0.807486631016043,0.7822779311898083,0.9489686783804431,0.5095915784963719
real_data5_testing,missingness_mcar,spongiform_pustule,0,DecisionTreeClassifier,0.9352710768282874,0.030303030303030054,0.6110171812626684,0.4010695187165776,0.3849503538161504,0.5434682964094729,0.5164938688891152
real_data5_testing,missingness_mcar,spongiform_pustule,0,RandomForestClassifier,0.9593581385837592,0.09090909090909072,0.8138775536741959,0.7219251336898397,0.6604695015716853,0.9006875477463713,0.5712884747800407
real_data5_testing,missingness_mcar,spongiform_pustule,1,DecisionTreeClassifier,0.9295746653791139,0.030303030303030054,0.44922346653782086,0.4010695187165776,0.41989166453755167,0.5190221543162719,0.45253907713953273
real_data5_testing,missingness_mcar,spongiform_pustule,1,RandomForestClassifier,0.9651647343018174,0.09090909090909072,0.8404262514143533,0.7433155080213905,0.6610953467660479,0.9144385026737967,0.49249250668684313
real_data5_testing,missingness_mcar,spongiform_pustule,2,DecisionTreeClassifier,0.8794209942187867,0.09090909090909072,0.5777749694944414,0.33333333333333337,0.2555636754488092,0.45118411000763936,0.5547323436606844
real_data5_testing,missingness_mcar,spongiform_pustule,2,RandomForestClassifier,0.9599570421071125,0.15151515151515138,0.8988350159711301,0.7540106951871658,0.6717305331462363,0.9196333078686019,0.5814682492272726
real_data5_testing,missingness_mcar,spongiform_pustule,3,DecisionTreeClassifier,0.9683765435291068,0.21212121212121193,0.5199192768660554,0.47237076648841364,0.7132666494493989,0.6427807486631015,0.5975255643986078
real_data5_testing,missingness_mcar,spongiform_pustule,3,RandomForestClassifier,0.9656025677183505,0.06060606060606044,0.7996065022762466,0.7361853832442069,0.6903234226236128,0.8951871657754009,0.5319413049967675
real_data5_testing,missingness_mcar,spongiform_pustule,4,DecisionTreeClassifier,0.9582439955948183,-2.220446049250313e-16,0.6556360025413681,0.5044563279857398,0.5235190196390133,0.6146676852559205,0.5553792689088615
real_data5_testing,missingness_mcar,spongiform_pustule,4,RandomForestClassifier,0.9775093603304899,0.09090909090909072,0.8793780045940369,0.7932263814616757,0.7703817150534233,0.9284950343773872,0.5499110066187953
real_data5_testing,missingness_mcar,munro_microabcess,0,DecisionTreeClassifier,0.8707765276157979,-0.030303030303030498,-0.4932702097210897,0.24777183600713015,0.25239142206819,0.33017570664629486,0.5936968156283897
real_data5_testing,missingness_mcar,munro_microabcess,0,RandomForestClassifier,0.98826159222708,0.09090909090909072,0.8844667657596523,0.8110516934046347,0.8355758801589837,0.9446906035141328,0.4804272828956132
real_data5_testing,missingness_mcar,munro_microabcess,1,DecisionTreeClassifier,0.9365257342445827,0.030303030303030054,-0.8305026036847496,0.3012477718360072,0.5093045120247156,0.41298701298701296,0.5669734731871168
real_data5_testing,missingness_mcar,munro_microabcess,1,RandomForestClassifier,0.9946191230353328,0.121212121212121,0.8164799103561386,0.8680926916221036,0.896490058451402,0.9703590527119939,0.6251380555603419
real_data5_testing,missingness_mcar,munro_microabcess,2,DecisionTreeClassifier,0.9261945118081589,0.06060606060606044,-0.5710089405415559,0.38680926916221037,0.5568386545312054,0.494881588999236,0.6368170110363803
real_data5_testing,missingness_mcar,munro_microabcess,2,RandomForestClassifier,0.9828439424005635,0.21212121212121193,0.9036800929214046,0.8395721925133691,0.8088910154993527,0.9618029029793734,0.6746289619470265
real_data5_testing,missingness_mcar,munro_microabcess,3,DecisionTreeClassifier,0.8830850704163555,0.030303030303030054,-0.6269390453485915,0.14438502673796794,0.31934590481691255,0.20550038197097018,0.6237994849773982
real_data5_testing,missingness_mcar,munro_microabcess,3,RandomForestClassifier,0.9577663477621685,0.06060606060606044,0.8438457276515686,0.7611408199643495,0.6821959896737153,0.9229946524064171,0.4554554177193637
real_data5_testing,missingness_mcar,munro_microabcess,4,DecisionTreeClassifier,0.9664910321651025,-2.220446049250313e-16,-0.7025290199735001,0.40463458110516937,0.6144278729108027,0.520550038197097,0.495496435240101
real_data5_testing,missingness_mcar,munro_microabcess,4,RandomForestClassifier,0.9741747425713669,0.121212121212121,0.8587169931603253,0.7896613190730838,0.7393711088419166,0.9379679144385026,0.5452323322727107
real_data5_testing,missingness_mcar,focal_hypergranulosis,0,DecisionTreeClassifier,0.9380027675520247,-2.220446049250313e-16,0.09537099803759252,0.33333333333333337,0.49658968918517593,0.40137509549274253,0.5006633208479454
real_data5_testing,missingness_mcar,focal_hypergranulosis,0,RandomForestClassifier,0.953293365075502,0.15151515151515138,0.9182350094309469,0.6720142602495545,0.6197143990726228,0.8539343009931245,0.5999711262709709
real_data5_testing,missingness_mcar,focal_hypergranulosis,1,DecisionTreeClassifier,0.9193779104098528,0.030303030303030054,-0.5966707276323711,0.09090909090909093,0.39211669999823606,0.09365928189457601,0.5450423408122214
real_data5_testing,missingness_mcar,focal_hypergranulosis,1,RandomForestClassifier,0.9761016690878201,0.06060606060606044,0.870440717447762,0.7397504456327987,0.738506619221562,0.9184110007639419,0.5780840100859166
real_data5_testing,missingness_mcar,focal_hypergranulosis,2,DecisionTreeClassifier,0.8798684478738014,0.06060606060606044,-0.16312124153919672,0.06238859180035652,0.14884449859114457,0.07563025210084033,0.4889915932579696
real_data5_testing,missingness_mcar,focal_hypergranulosis,2,RandomForestClassifier,0.9769118093032886,0.09090909090909072,0.9289759485883192,0.7932263814616757,0.7683002169251827,0.9355233002291826,0.5242185950861494
real_data5_testing,missingness_mcar,focal_hypergranulosis,3,DecisionTreeClassifier,0.8501870506444615,0.21212121212121193,0.08931969681675478,0.27272727272727276,0.18038759727182188,0.33781512605042013,0.5550486948530794
real_data5_testing,missingness_mcar,focal_hypergranulosis,3,RandomForestClassifier,0.961160134220545,0.06060606060606044,0.8641479228830862,0.6684491978609627,0.6484869181703339,0.8542398777692896,0.5139826696137989
real_data5_testing,missingness_mcar,focal_hypergranulosis,4,DecisionTreeClassifier,0.9020007061856736,-2.220446049250313e-16,-0.6025049556840951,0.21568627450980396,0.4138697164332264,0.2592818945760122,0.5260322561463204
real_data5_testing,missingness_mcar,focal_hypergranulosis,4,RandomForestClassifier,0.9397775136505258,0.030303030303030054,0.9269883113158994,0.6684491978609627,0.5770217866226508,0.8411000763941939,0.6096551025996566
real_data5_testing,missingness_mcar,disappearance_of_the_granular_layer,0,DecisionTreeClassifier,0.8507269261717585,-0.030303030303030498,-0.24283402236407126,0.26559714795008915,0.14215347326024674,0.42368220015278835,0.425444904732617
real_data5_testing,missingness_mcar,disappearance_of_the_granular_layer,0,RandomForestClassifier,0.9815232323449354,0.121212121212121,0.8462410553051045,0.7789661319073085,0.7988329445647147,0.9315508021390374,0.5794403717395867
real_data5_testing,missingness_mcar,disappearance_of_the_granular_layer,1,DecisionTreeClassifier,0.9106318431776443,0.09090909090909072,0.04695630956555197,0.4937611408199645,0.4957295083762796,0.6822001527883881,0.5567338394229756
real_data5_testing,missingness_mcar,disappearance_of_the_granular_layer,1,RandomForestClassifier,0.9790525424720429,0.06060606060606044,0.8065421074347501,0.7540106951871658,0.7816955557335711,0.9229946524064171,0.5651102543717165
real_data5_testing,missingness_mcar,disappearance_of_the_granular_layer,2,DecisionTreeClassifier,0.9295395973404753,-2.220446049250313e-16,-0.26441320315119277,0.358288770053476,0.5446086798929516,0.5006875477463713,0.5148975485526049
real_data5_testing,missingness_mcar,disappearance_of_the_granular_layer,2,RandomForestClassifier,0.9703873562164065,-2.220446049250313e-16,0.7803748868493422,0.6898395721925134,0.7109478822301462,0.8799083269671505,0.5119530966238846
real_data5_testing,missingness_mcar,disappearance_of_the_granular_layer,3,DecisionTreeClassifier,0.8343669837682496,0.06060606060606044,0.5793512202462499,0.20499108734402854,0.04319659510785337,0.2971734148204736,0.4604817545358715
real_data5_testing,missingness_mcar,disappearance_of_the_granular_layer,3,RandomForestClassifier,0.9863529989275664,0.18181818181818166,0.8919704368507375,0.8039215686274511,0.8247629372574006,0.9425515660809778,0.5901681426113354
real_data5_testing,missingness_mcar,disappearance_of_the_granular_layer,4,DecisionTreeClassifier,0.8368893172372284,-0.030303030303030498,-0.2602135931643623,0.17647058823529416,0.01594132537499953,0.2611153552330023,0.5088765480520311
real_data5_testing,missingness_mcar,disappearance_of_the_granular_layer,4,RandomForestClassifier,0.982584373375027,0.06060606060606044,0.7797293558514352,0.714795008912656,0.7786367108874879,0.8997708174178761,0.6236867140757129
real_data5_testing,missingness_mcar,vacuolisation_and_damage_of_basal_layer,0,DecisionTreeClassifier,0.9089403484064007,0.06060606060606044,-0.03228715178592445,0.47237076648841364,0.5433204028134906,0.600916730328495,0.4376121646953192
real_data5_testing,missingness_mcar,vacuolisation_and_damage_of_basal_layer,0,RandomForestClassifier,0.9382661438009393,0.121212121212121,0.9487421927325419,0.7040998217468807,0.5401496609141203,0.8774637127578303,0.5890457886183652
real_data5_testing,missingness_mcar,vacuolisation_and_damage_of_basal_layer,1,DecisionTreeClassifier,0.8476323468708987,0.121212121212121,-0.14168342809105794,0.18716577540106952,0.18894962100223528,0.226279602750191,0.5741597676064621
real_data5_testing,missingness_mcar,vacuolisation_and_damage_of_basal_layer,1,RandomForestClassifier,0.9734903435393051,0.21212121212121193,0.9410847500489792,0.7825311942959003,0.74049706673923,0.9242169595110771,0.6853219122573878
real_data5_testing,missingness_mcar,vacuolisation_and_damage_of_basal_layer,2,DecisionTreeClassifier,0.9223606533054688,0.21212121212121193,-0.0962605775365426,0.340463458110517,0.47764047658726444,0.39801375095492736,0.5242185729316536
real_data5_testing,missingness_mcar,vacuolisation_and_damage_of_basal_layer,2,RandomForestClassifier,0.980140869476689,0.06060606060606044,0.8883832095049485,0.7254901960784316,0.7411272770007651,0.8915202444614209,0.5531360247527556
real_data5_testing,missingness_mcar,vacuolisation_and_damage_of_basal_layer,3,DecisionTreeClassifier,0.9528962666309829,0.030303030303030054,-0.1554019030683187,0.4010695187165776,0.5830194409616134,0.4774637127578304,0.4541100401447116
real_data5_testing,missingness_mcar,vacuolisation_and_damage_of_basal_layer,3,RandomForestClassifier,0.9843755237431012,0.15151515151515138,0.8854905441833706,0.7433155080213905,0.8060796653978899,0.8961038961038961,0.5428096259328719
real_data5_testing,missingness_mcar,vacuolisation_and_damage_of_basal_layer,4,DecisionTreeClassifier,0.8551862255260595,-2.220446049250313e-16,0.8348380307678765,0.20855614973262035,0.3032947544281909,0.24155844155844156,0.6517007103011379
real_data5_testing,missingness_mcar,vacuolisation_and_damage_of_basal_layer,4,RandomForestClassifier,0.9650139142892505,0.09090909090909072,0.9154931621884044,0.7005347593582889,0.6454303693969763,0.8823529411764705,0.5062040786648003
real_data5_testing,missingness_mcar,spongiosis,0,DecisionTreeClassifier,0.8681795594379776,-0.030303030303030498,-0.4403870758646504,0.24777183600713015,0.07759030212979462,0.38212375859434683,0.5258699215162205
real_data5_testing,missingness_mcar,spongiosis,0,RandomForestClassifier,0.9917888634204217,0.18181818181818166,0.7836909050030016,0.7860962566844921,0.8563828671006863,0.9312452253628722,0.594078588174258
real_data5_testing,missingness_mcar,spongiosis,1,DecisionTreeClassifier,0.8900468875505468,-2.220446049250313e-16,-0.2916323734613804,0.30837789661319076,0.27788286607213186,0.42215431627196337,0.45130856703016553
real_data5_testing,missingness_mcar,spongiosis,1,RandomForestClassifier,0.9825757469587874,0.030303030303030054,0.8734907702112511,0.7718360071301248,0.7931487646873512,0.923300229182582,0.6054771432400364
real_data5_testing,missingness_mcar,spongiosis,2,DecisionTreeClassifier,0.8582184893711097,0.030303030303030054,-0.5603043613359604,0.14438502673796794,0.2342350979080356,0.20611153552330025,0.4521872933616429
real_data5_testing,missingness_mcar,spongiosis,2,RandomForestClassifier,0.9804634528594529,0.15151515151515138,0.7744005988932238,0.696969696969697,0.781636953472951,0.8682964094728801,0.5637384552922285
real_data5_testing,missingness_mcar,spongiosis,3,DecisionTreeClassifier,0.9042964373390782,0.121212121212121,-0.5524378114558661,0.340463458110517,0.33914792812384736,0.4835752482811306,0.579382588853732
real_data5_testing,missingness_mcar,spongiosis,3,RandomForestClassifier,0.98959394068501,0.18181818181818166,0.8290834315665736,0.7682709447415331,0.8402932668627425,0.922383498854087,0.6101934496088197
real_data5_testing,missingness_mcar,spongiosis,4,DecisionTreeClassifier,0.8721994472965364,-0.030303030303030498,-0.112657274073652,0.29055258467023176,0.11493559567118278,0.43223834988540866,0.4534163952472127
real_data5_testing,missingness_mcar,spongiosis,4,RandomForestClassifier,0.9808192836149188,0.09090909090909072,0.8202212758377646,0.6934046345811052,0.7699544641341591,0.8591291061879297,0.6539761755348056
real_data5_testing,missingness_mcar,saw-tooth_appearance_of_retes,0,DecisionTreeClassifier,0.9227536162057169,0.06060606060606044,-0.5251741230336662,0.23351158645276296,0.4333970982729758,0.3320091673032849,0.532787165537711
real_data5_testing,missingness_mcar,saw-tooth_appearance_of_retes,0,RandomForestClassifier,0.9585884212569501,0.09090909090909072,0.8404244776463023,0.7112299465240642,0.647457811187954,0.9046600458365165,0.5928156164242943
real_data5_testing,missingness_mcar,saw-tooth_appearance_of_retes,1,DecisionTreeClassifier,0.8567570269227531,-2.220446049250313e-16,-0.5793986669879845,0.304812834224599,0.4112493780371456,0.35003819709702055,0.5478872032675064
real_data5_testing,missingness_mcar,saw-tooth_appearance_of_retes,1,RandomForestClassifier,0.9666848554809545,0.121212121212121,0.8814969015083857,0.6506238859180037,0.6288423931666479,0.8313216195569135,0.7069412931739452
real_data5_testing,missingness_mcar,saw-tooth_appearance_of_retes,2,DecisionTreeClassifier,0.8972522896684821,0.030303030303030054,-0.5702007082593197,0.2976827094474154,0.4450818828085137,0.3506493506493506,0.5037108487870829
real_data5_testing,missingness_mcar,saw-tooth_appearance_of_retes,2,RandomForestClassifier,0.9447039436863308,-2.220446049250313e-16,0.8683558510038637,0.7112299465240642,0.5636295833281154,0.8860198624904505,0.5533387703656966
real_data5_testing,missingness_mcar,saw-tooth_appearance_of_retes,3,DecisionTreeClassifier,0.9181153711699915,0.06060606060606044,-0.4205840732639976,0.39393939393939403,0.5727581813587312,0.4713521772345301,0.5056639361984514
real_data5_testing,missingness_mcar,saw-tooth_appearance_of_retes,3,RandomForestClassifier,0.9686933809540617,0.09090909090909072,0.8976916699289598,0.7789661319073085,0.7247136895071054,0.9257448433919022,0.5520007440052374
real_data5_testing,missingness_mcar,saw-tooth_appearance_of_retes,4,DecisionTreeClassifier,0.8843374169610398,0.121212121212121,-0.6287693617817911,0.19073083778966135,0.11830182562916386,0.22322383498854087,0.46660532456334114
real_data5_testing,missingness_mcar,saw-tooth_appearance_of_retes,4,RandomForestClassifier,0.9754442778421148,0.121212121212121,0.8877524511650641,0.7183600713012479,0.7237567674486689,0.8967150496562261,0.690806132630217
real_data5_testing,missingness_mcar,follicular_horn_plug,0,DecisionTreeClassifier,0.9427320256127444,0.06060606060606044,-0.03769647991996594,0.39393939393939403,0.5733083267162227,0.4716577540106952,0.5797158880090122
real_data5_testing,missingness_mcar,follicular_horn_plug,0,RandomForestClassifier,0.9546658075138222,0.06060606060606044,0.713583851354401,0.6755793226381462,0.6696974165357796,0.8407944996180289,0.5200203450017923
real_data5_testing,missingness_mcar,follicular_horn_plug,1,DecisionTreeClassifier,0.7927345409682197,-2.220446049250313e-16,-0.9227191505732273,0.051693404634581115,-0.10139318367317203,-0.004736440030557678,0.513032093081938
real_data5_testing,missingness_mcar,follicular_horn_plug,1,RandomForestClassifier,0.9741756473686586,0.09090909090909072,0.7134585767173388,0.696969696969697,0.6915622057497959,0.8716577540106951,0.6163695220932143
real_data5_testing,missingness_mcar,follicular_horn_plug,2,DecisionTreeClassifier,0.9207962991188842,0.030303030303030054,0.023278348465763155,0.38324420677361865,0.6030978311276602,0.44385026737967914,0.4937820538338337
real_data5_testing,missingness_mcar,follicular_horn_plug,2,RandomForestClassifier,0.9663527473421387,0.09090909090909072,0.7610772102216864,0.7040998217468807,0.6670138450282656,0.8713521772345301,0.604678425668559
real_data5_testing,missingness_mcar,follicular_horn_plug,3,DecisionTreeClassifier,0.9796140365755701,0.09090909090909072,0.019315859181926798,0.554367201426025,0.7826589923074535,0.6666157372039725,0.502349000760473
real_data5_testing,missingness_mcar,follicular_horn_plug,3,RandomForestClassifier,0.9750247682941848,0.030303030303030054,0.7430416733011822,0.6541889483065955,0.7232790483749465,0.8273491214667685,0.5198089494074326
real_data5_testing,missingness_mcar,follicular_horn_plug,4,DecisionTreeClassifier,0.9669188448417165,0.30303030303030287,-0.6615440145013098,0.38680926916221037,0.7199139916066032,0.494881588999236,0.6832424203366998
real_data5_testing,missingness_mcar,follicular_horn_plug,4,RandomForestClassifier,0.9567632951204904,0.06060606060606044,0.8118866646116512,0.5971479500891266,0.56383265470889,0.7851795263559969,0.545762724909766
real_data5_testing,missingness_mcar,perifollicular_parakeratosis,0,DecisionTreeClassifier,0.9702021889108103,0.18181818181818166,-0.3814903555268825,0.5686274509803922,0.5781429838364485,0.6186401833460657,0.5840705354666234
real_data5_testing,missingness_mcar,perifollicular_parakeratosis,0,RandomForestClassifier,0.9494758171987843,0.09090909090909072,0.7330820252300891,0.5472370766488415,0.4500988289350208,0.7304812834224598,0.5227423959833895
real_data5_testing,missingness_mcar,perifollicular_parakeratosis,1,DecisionTreeClassifier,0.9920531854794804,0.3939393939393938,-0.518312784018095,0.7468805704099823,0.9069359111657185,0.8365164247517187,0.6077315690020829
real_data5_testing,missingness_mcar,perifollicular_parakeratosis,1,RandomForestClassifier,0.959344922407334,-2.220446049250313e-16,0.7204629715963491,0.6042780748663102,0.6405246755922017,0.7870129870129869,0.5079731987775739
real_data5_testing,missingness_mcar,perifollicular_parakeratosis,2,DecisionTreeClassifier,0.9540266949699557,0.2424242424242422,-0.6775597223463197,0.590017825311943,0.7406398391823695,0.6290297937356761,0.5954702742439849
real_data5_testing,missingness_mcar,perifollicular_parakeratosis,2,RandomForestClassifier,0.9417516492464163,0.06060606060606044,0.7320661010009363,0.590017825311943,0.5196605503352998,0.8029029793735676,0.5772213066476939
real_data5_testing,missingness_mcar,perifollicular_parakeratosis,3,DecisionTreeClassifier,0.9568764505731056,0.3939393939393938,-0.8006201581007875,0.39393939393939403,0.6977606732520396,0.44385026737967914,0.6040857312590961
real_data5_testing,missingness_mcar,perifollicular_parakeratosis,3,RandomForestClassifier,0.9405667931958669,0.06060606060606044,0.6573076604731245,0.4331550802139038,0.5129989403057161,0.5941940412528648,0.528643345764097
real_data5_testing,missingness_mcar,perifollicular_parakeratosis,4,DecisionTreeClassifier,0.9770164732661825,-2.220446049250313e-16,-0.25012130830689316,0.6755793226381462,0.7206374026530735,0.6983957219251338,0.5416193966244227
real_data5_testing,missingness_mcar,perifollicular_parakeratosis,4,RandomForestClassifier,0.9694883657185706,-2.220446049250313e-16,0.6453375795427234,0.7219251336898397,0.748676183518254,0.8909090909090909,0.5411713767758892
real_data5_testing,missingness_mcar,inflammatory_monoluclear_inflitrate,0,DecisionTreeClassifier,0.8627114121684057,0.06060606060606044,0.4789660766940036,0.16934046345811055,0.11870022191584821,0.25255920550038197,0.5257235637036208
real_data5_testing,missingness_mcar,inflammatory_monoluclear_inflitrate,0,RandomForestClassifier,0.9770496814624737,0.121212121212121,0.7160719265596562,0.7540106951871658,0.7652470224487771,0.9129106187929716,0.6045829795510272
real_data5_testing,missingness_mcar,inflammatory_monoluclear_inflitrate,1,DecisionTreeClassifier,0.8103784899360486,-2.220446049250313e-16,0.40914715196735885,0.20855614973262035,0.036686134372844265,0.3100076394194041,0.6208814061084039
real_data5_testing,missingness_mcar,inflammatory_monoluclear_inflitrate,1,RandomForestClassifier,0.9813360803712154,0.06060606060606044,0.7041611928525578,0.7718360071301248,0.788835142556439,0.9333842627960275,0.6334605250181682
real_data5_testing,missingness_mcar,inflammatory_monoluclear_inflitrate,2,DecisionTreeClassifier,0.8885734105825258,-2.220446049250313e-16,0.3153115427504851,0.23351158645276296,0.267487368039669,0.33567608861726506,0.5467445452600338
real_data5_testing,missingness_mcar,inflammatory_monoluclear_inflitrate,2,RandomForestClassifier,0.9837864540238945,0.121212121212121,0.7330250911756273,0.750445632798574,0.7912354092267526,0.9095492742551565,0.5894624715481653
real_data5_testing,missingness_mcar,inflammatory_monoluclear_inflitrate,3,DecisionTreeClassifier,0.8874418247658462,-2.220446049250313e-16,0.0384042537969701,0.28342245989304815,0.3877819072683368,0.39770817417876236,0.5172256860915205
real_data5_testing,missingness_mcar,inflammatory_monoluclear_inflitrate,3,RandomForestClassifier,0.9740613608900319,0.09090909090909072,0.7136343937659635,0.7254901960784316,0.7343480271153109,0.8875477463712756,0.48957080456338675
real_data5_testing,missingness_mcar,inflammatory_monoluclear_inflitrate,4,DecisionTreeClassifier,0.8553207050184575,-2.220446049250313e-16,0.4348108707475318,0.28698752228163993,0.2493151527824114,0.4087089381207028,0.5494173845392204
real_data5_testing,missingness_mcar,inflammatory_monoluclear_inflitrate,4,RandomForestClassifier,0.9876348204330307,0.06060606060606044,0.7486518374682765,0.7575757575757577,0.8068242031437194,0.9181054239877768,0.6141965028786727
real_data5_testing,missingness_mcar,band-like_infiltrate,0,DecisionTreeClassifier,0.8399078201600279,0.09090909090909072,-0.5553110133140087,0.26559714795008915,0.1758001916462173,0.28953399541634833,0.5782752614312531
real_data5_testing,missingness_mcar,band-like_infiltrate,0,RandomForestClassifier,0.976917891769542,0.121212121212121,0.908099498284937,0.7183600713012479,0.6769959485519859,0.8692131398013749,0.6717789011338586
real_data5_testing,missingness_mcar,band-like_infiltrate,1,DecisionTreeClassifier,0.886957686311262,-2.220446049250313e-16,-0.11268930042660319,0.2620320855614973,0.251713067183022,0.2828113063407181,0.567061979284474
real_data5_testing,missingness_mcar,band-like_infiltrate,1,RandomForestClassifier,0.9839134326012463,0.030303030303030054,0.8809219665514617,0.696969696969697,0.7998215341983179,0.8627960275019098,0.5244930178409495
real_data5_testing,missingness_mcar,band-like_infiltrate,2,DecisionTreeClassifier,0.8958725323543506,0.09090909090909072,-0.5841910119893687,0.17290552584670232,0.2543092120987588,0.17799847211611916,0.6178030960255009
real_data5_testing,missingness_mcar,band-like_infiltrate,2,RandomForestClassifier,0.9826005784034031,0.121212121212121,0.8823193888262517,0.7647058823529413,0.7728344704460774,0.9074102368220015,0.5605229753615479
real_data5_testing,missingness_mcar,band-like_infiltrate,3,DecisionTreeClassifier,0.8622917958559444,0.030303030303030054,-0.61117851906711,0.33689839572192515,0.3435032761607679,0.42368220015278835,0.6052388533552813
real_data5_testing,missingness_mcar,band-like_infiltrate,3,RandomForestClassifier,0.9696458229024546,0.18181818181818166,0.9334441534428769,0.7005347593582889,0.7081581590679552,0.8606569900687545,0.6246245769393368
real_data5_testing,missingness_mcar,band-like_infiltrate,4,DecisionTreeClassifier,0.8767197177787224,0.06060606060606044,-0.60070953813202,0.03743315508021391,0.31219114282605176,0.04201680672268907,0.5284592151148733
real_data5_testing,missingness_mcar,band-like_infiltrate,4,RandomForestClassifier,0.9763259678434648,0.06060606060606044,0.8985023134069173,0.7361853832442069,0.7260772340941105,0.8951871657754009,0.5051640724284638
real_data5_testing,missingness_mcar,class,0,DecisionTreeClassifier,0.9673861365715091,0.121212121212121,0.4320082086379059,0.5044563279857398,0.6697629174713451,0.6045836516424751,0.6165805815644956
real_data5_testing,missingness_mcar,class,0,RandomForestClassifier,0.9873465422136486,0.121212121212121,0.7697090103811062,0.7076648841354726,0.817982867960191,0.8796027501909853,0.5964790105743427
real_data5_testing,missingness_mcar,class,1,DecisionTreeClassifier,0.8570422198795445,0.15151515151515138,0.35016628726055454,0.40463458110516937,0.27250991193288554,0.44721161191749426,0.615992736636284
real_data5_testing,missingness_mcar,class,1,RandomForestClassifier,0.9886777112827063,0.121212121212121,0.885749093780972,0.7718360071301248,0.8308111691889726,0.9208556149732621,0.5443746319267472
real_data5_testing,missingness_mcar,class,2,DecisionTreeClassifier,0.8542995555647653,-2.220446049250313e-16,0.3492066032843655,0.3440285204991088,0.3352668110688755,0.3915966386554622,0.5356716126741806
real_data5_testing,missingness_mcar,class,2,RandomForestClassifier,0.9769393612787798,0.09090909090909072,0.6980656479427978,0.607843137254902,0.7720795764129369,0.761344537815126,0.5868714143820783
real_data5_testing,missingness_mcar,class,3,DecisionTreeClassifier,0.9646215568896345,0.121212121212121,-0.08246667126262408,0.4937611408199645,0.7013138791696014,0.5966386554621849,0.616887822477463
real_data5_testing,missingness_mcar,class,3,RandomForestClassifier,0.9902257643098069,0.06060606060606044,0.8220570058984918,0.7468805704099823,0.8487612462518765,0.8988540870893811,0.5716676333938203
real_data5_testing,missingness_mcar,class,4,DecisionTreeClassifier,0.9576960409444419,0.09090909090909072,0.3604936515713315,0.4402852049910874,0.6318406019958448,0.4820473644003056,0.4780800305586164
real_data5_testing,missingness_mcar,class,4,RandomForestClassifier,0.9888118719476218,0.06060606060606044,0.7950656886792664,0.7076648841354726,0.8204531917014836,0.8915202444614209,0.4425673845028072
real_data2_testing,mean_variance_drift,Clump_Thickness,0,LinearRegression,1.0,1.0,1.0,1.0,1.0,1.0,1.0
real_data2_testing,mean_variance_drift,Clump_Thickness,0,RandomForestRegressor,0.9980916911622065,0.5000000000000001,0.9999891220046571,0.8888888888888888,0.9439262168607098,0.9666666666666667,0.8425925925925926
real_data2_testing,mean_variance_drift,Clump_Thickness,1,LinearRegression,1.0,1.0,1.0,1.0,1.0,1.0,1.0
real_data2_testing,mean_variance_drift,Clump_Thickness,1,RandomForestRegressor,0.9972731515064499,0.75,0.999985874956701,0.9444444444444445,0.9484499929863937,0.9833333333333333,0.9433862433862434
real_data2_testing,mean_variance_drift,Clump_Thickness,2,LinearRegression,1.0,1.0,1.0,1.0,1.0,1.0,1.0
real_data2_testing,mean_variance_drift,Clump_Thickness,2,RandomForestRegressor,1.0,1.0,0.9999865056695948,1.0,1.0,1.0,1.0
real_data2_testing,mean_variance_drift,Clump_Thickness,3,LinearRegression,1.0,1.0,1.0,1.0,1.0,1.0,1.0
real_data2_testing,mean_variance_drift,Clump_Thickness,3,RandomForestRegressor,0.9948498575465253,0.75,0.9999902301987448,0.9444444444444445,0.9263571328377052,0.9833333333333333,0.9656084656084656
real_data2_testing,mean_variance_drift,Clump_Thickness,4,LinearRegression,1.0,1.0,1.0,1.0,1.0,1.0,1.0
real_data2_testing,mean_variance_drift,Clump_Thickness,4,RandomForestRegressor,1.0,1.0,0.9999908405033383,1.0,1.0,1.0,1.0
real_data2_testing,mean_variance_drift,Uniformity_of_Cell_Size,0,LinearRegression,1.0,1.0,1.0,1.0,1.0,1.0,1.0
real_data2_testing,mean_variance_drift,Uniformity_of_Cell_Size,0,RandomForestRegressor,1.0,1.0,0.9999977222622644,1.0,1.0,1.0,1.0
real_data2_testing,mean_variance_drift,Uniformity_of_Cell_Size,1,LinearRegression,1.0,1.0,1.0,1.0,1.0,1.0,1.0
real_data2_testing,mean_variance_drift,Uniformity_of_Cell_Size,1,RandomForestRegressor,1.0,1.0,0.9999975540265654,1.0,1.0,1.0,1.0
real_data2_testing,mean_variance_drift,Uniformity_of_Cell_Size,2,LinearRegression,1.0,1.0,1.0,1.0,1.0,1.0,1.0
real_data2_testing,mean_variance_drift,Uniformity_of_Cell_Size,2,RandomForestRegressor,1.0,1.0,0.9999968808765407,1.0,1.0,1.0,1.0
real_data2_testing,mean_variance_drift,Uniformity_of_Cell_Size,3,LinearRegression,1.0,1.0,1.0,1.0,1.0,1.0,1.0
real_data2_testing,mean_variance_drift,Uniformity_of_Cell_Size,3,RandomForestRegressor,1.0,1.0,0.9999975761330328,1.0,1.0,1.0,1.0
real_data2_testing,mean_variance_drift,Uniformity_of_Cell_Size,4,LinearRegression,1.0,1.0,1.0,1.0,1.0,1.0,1.0
real_data2_testing,mean_variance_drift,Uniformity_of_Cell_Size,4,RandomForestRegressor,1.0,1.0,0.999996398105606,1.0,1.0,1.0,1.0
real_data2_testing,mean_variance_drift,Uniformity_of_Cell_Shape,0,LinearRegression,1.0,1.0,1.0,1.0,1.0,1.0,1.0
real_data2_testing,mean_variance_drift,Uniformity_of_Cell_Shape,0,RandomForestRegressor,1.0,1.0,0.9999984253334286,1.0,1.0,1.0,1.0
real_data2_testing,mean_variance_drift,Uniformity_of_Cell_Shape,1,LinearRegression,1.0,1.0,1.0,1.0,1.0,1.0,1.0
real_data2_testing,mean_variance_drift,Uniformity_of_Cell_Shape,1,RandomForestRegressor,1.0,1.0,0.9999982710978071,1.0,1.0,1.0,1.0
real_data2_testing,mean_variance_drift,Uniformity_of_Cell_Shape,2,LinearRegression,1.0,1.0,1.0,1.0,1.0,1.0,1.0
real_data2_testing,mean_variance_drift,Uniformity_of_Cell_Shape,2,RandomForestRegressor,1.0,1.0,0.9999980542442701,1.0,1.0,1.0,1.0
real_data2_testing,mean_variance_drift,Uniformity_of_Cell_Shape,3,LinearRegression,1.0,1.0,1.0,1.0,1.0,1.0,1.0
real_data2_testing,mean_variance_drift,Uniformity_of_Cell_Shape,3,RandomForestRegressor,1.0,1.0,0.999997993031653,1.0,1.0,1.0,1.0
real_data2_testing,mean_variance_drift,Uniformity_of_Cell_Shape,4,LinearRegression,1.0,1.0,1.0,1.0,1.0,1.0,1.0
real_data2_testing,mean_variance_drift,Uniformity_of_Cell_Shape,4,RandomForestRegressor,1.0,1.0,0.9999993270105135,1.0,1.0,1.0,1.0
real_data2_testing,mean_variance_drift,Marginal_Adhesion,0,LinearRegression,1.0,1.0,1.0,1.0,1.0,1.0,1.0
real_data2_testing,mean_variance_drift,Marginal_Adhesion,0,RandomForestRegressor,1.0,1.0,0.9999484308163554,1.0,1.0,1.0,1.0
real_data2_testing,mean_variance_drift,Marginal_Adhesion,1,LinearRegression,1.0,1.0,1.0,1.0,1.0,1.0,1.0
real_data2_testing,mean_variance_drift,Marginal_Adhesion,1,RandomForestRegressor,1.0,1.0,0.9999456249197717,1.0,1.0,1.0,1.0
real_data2_testing,mean_variance_drift,Marginal_Adhesion,2,LinearRegression,1.0,1.0,1.0,1.0,1.0,1.0,1.0
real_data2_testing,mean_variance_drift,Marginal_Adhesion,2,RandomForestRegressor,1.0,1.0,0.9999213736741439,1.0,1.0,1.0,1.0
real_data2_testing,mean_variance_drift,Marginal_Adhesion,3,LinearRegression,1.0,1.0,1.0,1.0,1.0,1.0,1.0
real_data2_testing,mean_variance_drift,Marginal_Adhesion,3,RandomForestRegressor,1.0,1.0,0.9999450152817059,1.0,1.0,1.0,1.0
real_data2_testing,mean_variance_drift,Marginal_Adhesion,4,LinearRegression,1.0,1.0,1.0,1.0,1.0,1.0,1.0
real_data2_testing,mean_variance_drift,Marginal_Adhesion,4,RandomForestRegressor,1.0,1.0,0.9999835758584632,1.0,1.0,1.0,1.0
real_data2_testing,mean_variance_drift,Single_Epithelial_Cell_Size,0,LinearRegression,1.0,1.0,1.0,1.0,1.0,1.0,1.0
real_data2_testing,mean_variance_drift,Single_Epithelial_Cell_Size,0,RandomForestRegressor,0.9827557153042302,0.5000000000000001,0.99994997742257,0.8888888888888888,0.815892832094263,0.9666666666666667,0.8276455026455026
real_data2_testing,mean_variance_drift,Single_Epithelial_Cell_Size,1,LinearRegression,1.0,1.0,1.0,1.0,1.0,1.0,1.0
real_data2_testing,mean_variance_drift,Single_Epithelial_Cell_Size,1,RandomForestRegressor,0.9987945497114182,0.75,0.9999894724947281,0.9444444444444445,0.9675971384485903,0.9833333333333333,0.9777777777777779
real_data2_testing,mean_variance_drift,Single_Epithelial_Cell_Size,2,LinearRegression,1.0,1.0,1.0,1.0,1.0,1.0,1.0
real_data2_testing,mean_variance_drift,Single_Epithelial_Cell_Size,2,RandomForestRegressor,1.0,1.0,0.9999423576930206,1.0,1.0,1.0,1.0
real_data2_testing,mean_variance_drift,Single_Epithelial_Cell_Size,3,LinearRegression,1.0,1.0,1.0,1.0,1.0,1.0,1.0
real_data2_testing,mean_variance_drift,Single_Epithelial_Cell_Size,3,RandomForestRegressor,0.9987945497114182,0.75,0.9999832984991728,0.9444444444444445,0.9675971384485903,0.9833333333333333,0.9592592592592593
real_data2_testing,mean_variance_drift,Single_Epithelial_Cell_Size,4,LinearRegression,1.0,1.0,1.0,1.0,1.0,1.0,1.0
real_data2_testing,mean_variance_drift,Single_Epithelial_Cell_Size,4,RandomForestRegressor,1.0,1.0,0.9999354891428369,1.0,1.0,1.0,1.0
real_data2_testing,mean_variance_drift,Bare_Nuclei,0,LinearRegression,1.0,1.0,1.0,1.0,1.0,1.0,1.0
real_data2_testing,mean_variance_drift,Bare_Nuclei,0,RandomForestRegressor,1.0,1.0,0.9999911889927605,1.0,1.0,1.0,1.0
real_data2_testing,mean_variance_drift,Bare_Nuclei,1,LinearRegression,1.0,1.0,1.0,1.0,1.0,1.0,1.0
real_data2_testing,mean_variance_drift,Bare_Nuclei,1,RandomForestRegressor,1.0,1.0,0.9999845502523609,1.0,1.0,1.0,1.0
real_data2_testing,mean_variance_drift,Bare_Nuclei,2,LinearRegression,1.0,1.0,1.0,1.0,1.0,1.0,1.0
real_data2_testing,mean_variance_drift,Bare_Nuclei,2,RandomForestRegressor,0.9991002533634549,0.75,0.999994434151641,0.9444444444444445,0.9726469350540048,0.9833333333333333,0.8944444444444445
real_data2_testing,mean_variance_drift,Bare_Nuclei,3,LinearRegression,1.0,1.0,1.0,1.0,1.0,1.0,1.0
real_data2_testing,mean_variance_drift,Bare_Nuclei,3,RandomForestRegressor,0.9987945497114182,0.75,0.9999917026709304,0.9444444444444445,0.9675971384485903,0.9833333333333333,0.8944444444444445
real_data2_testing,mean_variance_drift,Bare_Nuclei,4,LinearRegression,1.0,1.0,1.0,1.0,1.0,1.0,1.0
real_data2_testing,mean_variance_drift,Bare_Nuclei,4,RandomForestRegressor,1.0,1.0,0.9999954120052555,1.0,1.0,1.0,1.0
real_data2_testing,mean_variance_drift,Bland_Chromatin,0,LinearRegression,1.0,1.0,1.0,1.0,1.0,1.0,1.0
real_data2_testing,mean_variance_drift,Bland_Chromatin,0,RandomForestRegressor,1.0,1.0,0.9999913011830874,1.0,1.0,1.0,1.0
real_data2_testing,mean_variance_drift,Bland_Chromatin,1,LinearRegression,1.0,1.0,1.0,1.0,1.0,1.0,1.0
real_data2_testing,mean_variance_drift,Bland_Chromatin,1,RandomForestRegressor,0.9972731515064499,0.75,0.999976393865816,0.9444444444444445,0.9484499929863937,0.9833333333333333,0.8388888888888889
real_data2_testing,mean_variance_drift,Bland_Chromatin,2,LinearRegression,1.0,1.0,1.0,1.0,1.0,1.0,1.0
real_data2_testing,mean_variance_drift,Bland_Chromatin,2,RandomForestRegressor,1.0,1.0,0.9999952585369736,1.0,1.0,1.0,1.0
real_data2_testing,mean_variance_drift,Bland_Chromatin,3,LinearRegression,1.0,1.0,1.0,1.0,1.0,1.0,1.0
real_data2_testing,mean_variance_drift,Bland_Chromatin,3,RandomForestRegressor,0.9948498575465253,0.75,0.9999923477742158,0.9444444444444445,0.9263571328377052,0.9833333333333333,0.9814814814814814
real_data2_testing,mean_variance_drift,Bland_Chromatin,4,LinearRegression,1.0,1.0,1.0,1.0,1.0,1.0,1.0
real_data2_testing,mean_variance_drift,Bland_Chromatin,4,RandomForestRegressor,1.0,1.0,0.9999937767444452,1.0,1.0,1.0,1.0
real_data2_testing,mean_variance_drift,Normal_Nucleoli,0,LinearRegression,1.0,1.0,1.0,1.0,1.0,1.0,1.0
real_data2_testing,mean_variance_drift,Normal_Nucleoli,0,RandomForestRegressor,0.9972731515064499,0.75,0.9999124201944873,0.9444444444444445,0.9484499929863937,0.9833333333333333,0.8796296296296295
real_data2_testing,mean_variance_drift,Normal_Nucleoli,1,LinearRegression,1.0,1.0,1.0,1.0,1.0,1.0,1.0
real_data2_testing,mean_variance_drift,Normal_Nucleoli,1,RandomForestRegressor,0.9991002533634549,0.75,0.9999343436564833,0.9444444444444445,0.9726469350540048,0.9833333333333333,0.7119047619047618
real_data2_testing,mean_variance_drift,Normal_Nucleoli,2,LinearRegression,1.0,1.0,1.0,1.0,1.0,1.0,1.0
real_data2_testing,mean_variance_drift,Normal_Nucleoli,2,RandomForestRegressor,1.0,1.0,0.9999732899513291,1.0,1.0,1.0,1.0
real_data2_testing,mean_variance_drift,Normal_Nucleoli,3,LinearRegression,1.0,1.0,1.0,1.0,1.0,1.0,1.0
real_data2_testing,mean_variance_drift,Normal_Nucleoli,3,RandomForestRegressor,0.9854825637977803,0.75,0.9999855800939523,0.9444444444444445,0.8674428391078692,0.9833333333333333,0.9702380952380953
real_data2_testing,mean_variance_drift,Normal_Nucleoli,4,LinearRegression,1.0,1.0,1.0,1.0,1.0,1.0,1.0
real_data2_testing,mean_variance_drift,Normal_Nucleoli,4,RandomForestRegressor,1.0,1.0,0.9998146088153103,1.0,1.0,1.0,1.0
real_data2_testing,mean_variance_drift,Mitoses,0,LinearRegression,1.0,1.0,1.0,1.0,1.0,1.0,1.0
real_data2_testing,mean_variance_drift,Mitoses,0,RandomForestRegressor,1.0,1.0,0.9974086616553485,1.0,1.0,1.0,1.0
real_data2_testing,mean_variance_drift,Mitoses,1,LinearRegression,1.0,1.0,1.0,1.0,1.0,1.0,1.0
real_data2_testing,mean_variance_drift,Mitoses,1,RandomForestRegressor,1.0,1.0,0.9973996160292806,1.0,1.0,1.0,1.0
real_data2_testing,mean_variance_drift,Mitoses,2,LinearRegression,1.0,1.0,1.0,1.0,1.0,1.0,1.0
real_data2_testing,mean_variance_drift,Mitoses,2,RandomForestRegressor,1.0,1.0,0.9993475218459644,1.0,1.0,1.0,1.0
real_data2_testing,mean_variance_drift,Mitoses,3,LinearRegression,1.0,1.0,1.0,1.0,1.0,1.0,1.0
real_data2_testing,mean_variance_drift,Mitoses,3,RandomForestRegressor,1.0,1.0,0.9977293931244382,1.0,1.0,1.0,1.0
real_data2_testing,mean_variance_drift,Mitoses,4,LinearRegression,1.0,1.0,1.0,1.0,1.0,1.0,1.0
real_data2_testing,mean_variance_drift,Mitoses,4,RandomForestRegressor,0.9992971414507883,0.75,0.9943613206525904,0.9444444444444445,0.9763290784121197,0.9833333333333333,0.9517195767195766
real_data2_testing,mean_variance_drift,Class,0,DecisionTreeClassifier,1.0,1.0,1.0,1.0,1.0,1.0,1.0
real_data2_testing,mean_variance_drift,Class,0,RandomForestClassifier,1.0,1.0,1.0,1.0,1.0,1.0,1.0
real_data2_testing,mean_variance_drift,Class,1,DecisionTreeClassifier,1.0,1.0,1.0,1.0,1.0,1.0,1.0
real_data2_testing,mean_variance_drift,Class,1,RandomForestClassifier,1.0,1.0,1.0,1.0,1.0,1.0,1.0
real_data2_testing,mean_variance_drift,Class,2,DecisionTreeClassifier,1.0,1.0,1.0,1.0,1.0,1.0,1.0
real_data2_testing,mean_variance_drift,Class,2,RandomForestClassifier,1.0,1.0,1.0,1.0,1.0,1.0,1.0
real_data2_testing,mean_variance_drift,Class,3,DecisionTreeClassifier,1.0,1.0,1.0,1.0,1.0,1.0,1.0
real_data2_testing,mean_variance_drift,Class,3,RandomForestClassifier,1.0,1.0,1.0,1.0,1.0,1.0,1.0
real_data2_testing,mean_variance_drift,Class,4,DecisionTreeClassifier,1.0,1.0,1.0,1.0,1.0,1.0,1.0
real_data2_testing,mean_variance_drift,Class,4,RandomForestClassifier,1.0,1.0,1.0,1.0,1.0,1.0,1.0
real_data2_testing,noise_injection,Clump_Thickness,0,LinearRegression,0.9842771135091987,0.5000000000000001,0.9993761484423868,0.8888888888888888,0.8350399775564595,0.9666666666666667,0.8748677248677248
real_data2_testing,noise_injection,Clump_Thickness,0,RandomForestRegressor,0.9344758786067754,0.12500000000000022,0.9634275345821798,0.4444444444444444,0.3330060317015009,0.4666666666666666,0.7535714285714286
real_data2_testing,noise_injection,Clump_Thickness,1,LinearRegression,1.0,1.0,0.9999202801219692,1.0,1.0,1.0,1.0
real_data2_testing,noise_injection,Clump_Thickness,1,RandomForestRegressor,0.8910272799745309,0.12500000000000022,0.9735450963025652,0.4444444444444444,0.3179618459812034,0.6166666666666666,0.7154761904761905
real_data2_testing,noise_injection,Clump_Thickness,2,LinearRegression,0.9938255232400074,0.625,0.9981368171717169,0.8888888888888888,0.9072099873755085,0.9500000000000001,0.823015873015873
real_data2_testing,noise_injection,Clump_Thickness,2,RandomForestRegressor,0.8961573520859133,0.2500000000000001,0.9736478580927967,0.3333333333333333,0.205814279702623,0.48333333333333334,0.6876984126984127
real_data2_testing,noise_injection,Clump_Thickness,3,LinearRegression,0.9982761858667786,0.75,0.9986198489816134,0.9444444444444445,0.9602328517323608,0.9833333333333333,0.9861111111111112
real_data2_testing,noise_injection,Clump_Thickness,3,RandomForestRegressor,0.9443524949832467,0.3750000000000001,0.9652234525855337,0.611111111111111,0.4741899284612148,0.7666666666666667,0.8951058201058201
real_data2_testing,noise_injection,Clump_Thickness,4,LinearRegression,0.9973764392302336,0.5000000000000001,0.9985064785610591,0.8888888888888888,0.9328797867863656,0.9666666666666667,0.859126984126984
real_data2_testing,noise_injection,Clump_Thickness,4,RandomForestRegressor,0.9215532359774963,0.2500000000000001,0.971307956271871,0.5555555555555556,0.39318277458269046,0.6833333333333333,0.8710317460317459
real_data2_testing,noise_injection,Uniformity_of_Cell_Size,0,LinearRegression,0.9973764392302336,0.5000000000000001,0.9982797103236398,0.8888888888888888,0.9328797867863656,0.9666666666666667,0.6777777777777778
real_data2_testing,noise_injection,Uniformity_of_Cell_Size,0,RandomForestRegressor,0.959461541518441,0.2500000000000001,0.9835911823794175,0.7777777777777778,0.6964861831953992,0.9,0.7525132275132276
real_data2_testing,noise_injection,Uniformity_of_Cell_Size,1,LinearRegression,0.9982761858667786,0.75,0.9991433438634334,0.9444444444444445,0.9602328517323608,0.9833333333333333,0.9656084656084656
real_data2_testing,noise_injection,Uniformity_of_Cell_Size,1,RandomForestRegressor,0.9222143370109834,-0.12499999999999978,0.5685843187581181,0.5,0.40535138168046014,0.7,0.5358465608465609
real_data2_testing,noise_injection,Uniformity_of_Cell_Size,2,LinearRegression,1.0,1.0,0.9972920052642075,1.0,1.0,1.0,1.0
real_data2_testing,noise_injection,Uniformity_of_Cell_Size,2,RandomForestRegressor,0.9449108607945621,0.5000000000000001,0.9927530638710715,0.7777777777777778,0.6317856641885258,0.8666666666666667,0.7906084656084656
real_data2_testing,noise_injection,Uniformity_of_Cell_Size,3,LinearRegression,1.0,1.0,0.9992197298854322,1.0,1.0,1.0,1.0
real_data2_testing,noise_injection,Uniformity_of_Cell_Size,3,RandomForestRegressor,0.9524842972079615,0.625,0.9130846216230781,0.7777777777777778,0.6023285173236079,0.8833333333333333,0.809126984126984
real_data2_testing,noise_injection,Uniformity_of_Cell_Size,4,LinearRegression,1.0,1.0,0.9993851114547128,1.0,1.0,1.0,1.0
real_data2_testing,noise_injection,Uniformity_of_Cell_Size,4,RandomForestRegressor,0.9543071008281439,0.12500000000000022,0.7291350147467133,0.611111111111111,0.5859166783560108,0.75,0.7247354497354498
real_data2_testing,noise_injection,Uniformity_of_Cell_Shape,0,LinearRegression,1.0,1.0,0.9999158729946915,1.0,1.0,1.0,1.0
real_data2_testing,noise_injection,Uniformity_of_Cell_Shape,0,RandomForestRegressor,0.7995143266558267,0.2500000000000001,0.9983705790204006,0.2222222222222222,0.033226960302987885,0.3,0.6228835978835979
real_data2_testing,noise_injection,Uniformity_of_Cell_Shape,1,LinearRegression,0.9854825637977803,0.75,0.9999462122399175,0.9444444444444445,0.8674428391078692,0.9833333333333333,0.9314814814814815
real_data2_testing,noise_injection,Uniformity_of_Cell_Shape,1,RandomForestRegressor,0.9910986747464574,0.75,0.9997881535121912,0.8333333333333334,0.8615514097348858,0.9333333333333332,0.9592592592592593
real_data2_testing,noise_injection,Uniformity_of_Cell_Shape,2,LinearRegression,0.9938255232400074,0.625,0.9999816507053638,0.8888888888888888,0.9072099873755085,0.9500000000000001,0.8388888888888889
real_data2_testing,noise_injection,Uniformity_of_Cell_Shape,2,RandomForestRegressor,0.9175785025771549,0.5000000000000001,0.9996625303442813,0.7222222222222222,0.5934913732641325,0.8166666666666667,0.6757936507936508
real_data2_testing,noise_injection,Uniformity_of_Cell_Shape,3,LinearRegression,0.9854825637977803,0.75,0.9999904232537543,0.9444444444444445,0.8674428391078692,0.9833333333333333,0.9702380952380953
real_data2_testing,noise_injection,Uniformity_of_Cell_Shape,3,RandomForestRegressor,0.9160971063388625,0.12500000000000022,0.9991123598466254,0.611111111111111,0.5623509608640764,0.7666666666666667,0.6136243386243385
real_data2_testing,noise_injection,Uniformity_of_Cell_Shape,4,LinearRegression,0.9987945497114182,0.75,0.9997912557993798,0.9444444444444445,0.9675971384485903,0.9833333333333333,0.9777777777777779
real_data2_testing,noise_injection,Uniformity_of_Cell_Shape,4,RandomForestRegressor,0.9965702929572382,0.5000000000000001,0.9977131849042998,0.8888888888888888,0.9247790713985132,0.9666666666666667,0.6711640211640212
real_data2_testing,noise_injection,Marginal_Adhesion,0,LinearRegression,0.994141471156394,0.75,0.994741714572151,0.8333333333333334,0.8910085565998036,0.9333333333333332,0.7962962962962963
real_data2_testing,noise_injection,Marginal_Adhesion,0,RandomForestRegressor,0.8370499906941251,0.3750000000000001,0.935724563133524,0.3333333333333333,0.1283840650862674,0.48333333333333334,0.6480158730158732
real_data2_testing,noise_injection,Marginal_Adhesion,1,LinearRegression,0.9646095348535043,0.3750000000000001,0.9896121711672412,0.8333333333333334,0.7466685369617059,0.9333333333333332,0.7582010582010582
real_data2_testing,noise_injection,Marginal_Adhesion,1,RandomForestRegressor,0.9981615448113981,0.625,0.7156373561952123,0.8888888888888888,0.9552882592228924,0.9500000000000001,0.7277777777777777
real_data2_testing,noise_injection,Marginal_Adhesion,2,LinearRegression,0.9987945497114182,0.75,0.9927961995333479,0.9444444444444445,0.9675971384485903,0.9833333333333333,0.9294973544973545
real_data2_testing,noise_injection,Marginal_Adhesion,2,RandomForestRegressor,0.9264611258102109,0.2500000000000001,0.9159888791520283,0.611111111111111,0.41527563473137896,0.8166666666666667,0.8527777777777777
real_data2_testing,noise_injection,Marginal_Adhesion,3,LinearRegression,1.0,1.0,0.9930195189168087,1.0,1.0,1.0,1.0
real_data2_testing,noise_injection,Marginal_Adhesion,3,RandomForestRegressor,0.9845828171612352,0.5000000000000001,0.9116583471379197,0.8888888888888888,0.840089774161874,0.9666666666666667,0.9453703703703703
real_data2_testing,noise_injection,Marginal_Adhesion,4,LinearRegression,0.9982761858667786,0.75,0.9930484278910219,0.9444444444444445,0.9602328517323608,0.9833333333333333,0.809126984126984
real_data2_testing,noise_injection,Marginal_Adhesion,4,RandomForestRegressor,0.9517826682628471,2.220446049250313e-16,0.9729399758213723,0.611111111111111,0.5925971384485904,0.7666666666666667,0.4302910052910053
real_data2_testing,noise_injection,Single_Epithelial_Cell_Size,0,LinearRegression,1.0,1.0,0.9995384979549071,1.0,1.0,1.0,1.0
real_data2_testing,noise_injection,Single_Epithelial_Cell_Size,0,RandomForestRegressor,0.9425208113562967,0.2500000000000001,0.9551365419566704,0.7777777777777778,0.6780754664048254,0.8833333333333333,0.521031746031746
real_data2_testing,noise_injection,Single_Epithelial_Cell_Size,1,LinearRegression,0.9982761858667786,0.75,0.9994800936522522,0.9444444444444445,0.9602328517323608,0.9833333333333333,0.7685185185185185
real_data2_testing,noise_injection,Single_Epithelial_Cell_Size,1,RandomForestRegressor,0.9770026233028192,0.2500000000000001,0.9897358763277954,0.611111111111111,0.735148688455604,0.7333333333333334,0.7591269841269841
real_data2_testing,noise_injection,Single_Epithelial_Cell_Size,2,LinearRegression,1.0,1.0,0.9966827745823544,1.0,1.0,1.0,1.0
real_data2_testing,noise_injection,Single_Epithelial_Cell_Size,2,RandomForestRegressor,0.9900122842869289,0.12500000000000022,0.9989018339084691,0.7777777777777778,0.8297797727591528,0.9166666666666666,0.7749999999999999
real_data2_testing,noise_injection,Single_Epithelial_Cell_Size,3,LinearRegression,0.9991002533634549,0.75,0.9992889560825156,0.9444444444444445,0.9726469350540048,0.9833333333333333,0.9722222222222222
real_data2_testing,noise_injection,Single_Epithelial_Cell_Size,3,RandomForestRegressor,0.960419046071174,0.12500000000000022,0.9902260229393681,0.5,0.6208444382101277,0.6333333333333333,0.771031746031746
real_data2_testing,noise_injection,Single_Epithelial_Cell_Size,4,LinearRegression,1.0,1.0,0.9978072513169783,1.0,1.0,1.0,1.0
real_data2_testing,noise_injection,Single_Epithelial_Cell_Size,4,RandomForestRegressor,0.9022597567237391,0.2500000000000001,0.5591529773310631,0.5555555555555556,0.4017744424182915,0.7333333333333334,0.7720899470899469
real_data2_testing,noise_injection,Bare_Nuclei,0,LinearRegression,1.0,1.0,0.9998515643148203,1.0,1.0,1.0,1.0
real_data2_testing,noise_injection,Bare_Nuclei,0,RandomForestRegressor,0.985767416310919,0.3750000000000001,0.9993871834900724,0.8333333333333334,0.8387221209145743,0.9333333333333332,0.7359788359788361
real_data2_testing,noise_injection,Bare_Nuclei,1,LinearRegression,0.9987945497114182,0.75,0.9999197685560799,0.9444444444444445,0.9675971384485903,0.9833333333333333,0.8785714285714286
real_data2_testing,noise_injection,Bare_Nuclei,1,RandomForestRegressor,0.9594593924000298,0.5000000000000001,0.9988919136571347,0.7777777777777778,0.643568522934493,0.9166666666666666,0.8858465608465608
real_data2_testing,noise_injection,Bare_Nuclei,2,LinearRegression,0.9948498575465253,0.75,0.999279792081961,0.9444444444444445,0.9263571328377052,0.9833333333333333,0.8574074074074074
real_data2_testing,noise_injection,Bare_Nuclei,2,RandomForestRegressor,0.9673052879438063,0.5000000000000001,0.9984086043901506,0.8333333333333334,0.7238392481413944,0.9166666666666666,0.809126984126984
real_data2_testing,noise_injection,Bare_Nuclei,3,LinearRegression,1.0,1.0,0.9998893454394332,1.0,1.0,1.0,1.0
real_data2_testing,noise_injection,Bare_Nuclei,3,RandomForestRegressor,0.9966893527862917,0.625,0.9985863159757733,0.8888888888888888,0.9398232571188105,0.9500000000000001,0.8785714285714286
real_data2_testing,noise_injection,Bare_Nuclei,4,LinearRegression,0.9987945497114182,0.75,0.9993034371171574,0.9444444444444445,0.9675971384485903,0.9833333333333333,0.8785714285714286
real_data2_testing,noise_injection,Bare_Nuclei,4,RandomForestRegressor,0.9643003443821344,0.12500000000000022,0.9986921823574153,0.7222222222222222,0.6636625052602049,0.8666666666666667,0.6376984126984127
real_data2_testing,noise_injection,Bland_Chromatin,0,LinearRegression,0.9991002533634549,0.75,0.9967737012665245,0.9444444444444445,0.9726469350540048,0.9833333333333333,0.9433862433862434
real_data2_testing,noise_injection,Bland_Chromatin,0,RandomForestRegressor,0.9701549113809366,2.220446049250313e-16,0.39351309124352873,0.6666666666666666,0.6786716229485202,0.8333333333333333,0.5395502645502646
real_data2_testing,noise_injection,Bland_Chromatin,1,LinearRegression,1.0,1.0,0.9966353081361372,1.0,1.0,1.0,1.0
real_data2_testing,noise_injection,Bland_Chromatin,1,RandomForestRegressor,0.9740774147060098,0.3750000000000001,0.8645458427032484,0.7222222222222222,0.7412680600364706,0.8666666666666667,0.7648148148148148
real_data2_testing,noise_injection,Bland_Chromatin,2,LinearRegression,1.0,1.0,0.9976591909263228,1.0,1.0,1.0,1.0
real_data2_testing,noise_injection,Bland_Chromatin,2,RandomForestRegressor,0.983040567817369,0.5000000000000001,0.8271866619609813,0.7777777777777778,0.7761256838266237,0.9166666666666666,0.7544973544973544
real_data2_testing,noise_injection,Bland_Chromatin,3,LinearRegression,0.9994322016803049,0.75,0.9977425480569541,0.9444444444444445,0.9791345209706833,0.9833333333333333,0.8333333333333334
real_data2_testing,noise_injection,Bland_Chromatin,3,RandomForestRegressor,0.9684707362657123,0.5000000000000001,0.9562139628768775,0.6666666666666666,0.6597699537101976,0.8333333333333333,0.7888888888888889
real_data2_testing,noise_injection,Bland_Chromatin,4,LinearRegression,0.9827557153042302,0.5000000000000001,0.9972527256118445,0.8888888888888888,0.815892832094263,0.9666666666666667,0.7591269841269841
real_data2_testing,noise_injection,Bland_Chromatin,4,RandomForestRegressor,0.9616802704317015,0.2500000000000001,0.8710230784667871,0.7777777777777778,0.7061649600224436,0.9,0.7747354497354498
real_data2_testing,noise_injection,Normal_Nucleoli,0,LinearRegression,0.9847797052485687,0.5000000000000001,0.9349599232702909,0.8888888888888888,0.8437719175199889,0.9666666666666667,0.6351851851851852
real_data2_testing,noise_injection,Normal_Nucleoli,0,RandomForestRegressor,0.9512788469193798,0.3750000000000001,0.7974907811579568,0.7222222222222222,0.5699256557721981,0.8666666666666667,0.7247354497354498
real_data2_testing,noise_injection,Normal_Nucleoli,1,LinearRegression,1.0,1.0,0.9619969934577636,1.0,1.0,1.0,1.0
real_data2_testing,noise_injection,Normal_Nucleoli,1,RandomForestRegressor,0.9794450680905218,0.12500000000000022,0.9738317508387935,0.7777777777777778,0.7557160892130734,0.9166666666666666,0.5617724867724868
real_data2_testing,noise_injection,Normal_Nucleoli,2,LinearRegression,1.0,1.0,0.966215618777828,1.0,1.0,1.0,1.0
real_data2_testing,noise_injection,Normal_Nucleoli,2,RandomForestRegressor,0.9586463805851929,0.3750000000000001,0.746365041184788,0.611111111111111,0.5660331042221911,0.8166666666666667,0.7257936507936509
real_data2_testing,noise_injection,Normal_Nucleoli,3,LinearRegression,0.9974976481776981,0.625,0.9735160149014488,0.8888888888888888,0.948713003226259,0.9500000000000001,0.7119047619047618
real_data2_testing,noise_injection,Normal_Nucleoli,3,RandomForestRegressor,0.9832774578713783,0.12500000000000022,0.8935175618252424,0.7222222222222222,0.7863304811333989,0.8499999999999999,0.521031746031746
real_data2_testing,noise_injection,Normal_Nucleoli,4,LinearRegression,0.994141471156394,0.75,0.9741810851143264,0.8333333333333334,0.8910085565998036,0.9333333333333332,0.9433862433862434
real_data2_testing,noise_injection,Normal_Nucleoli,4,RandomForestRegressor,0.9542534758746095,0.2500000000000001,0.8102408691191607,0.6666666666666666,0.5528825922289242,0.7999999999999999,0.7257936507936509
real_data2_testing,noise_injection,Mitoses,0,LinearRegression,1.0,1.0,0.9795131479584185,1.0,1.0,1.0,1.0
real_data2_testing,noise_injection,Mitoses,0,RandomForestRegressor,0.9833155390148368,0.2500000000000001,0.779611549569468,0.6666666666666666,0.7737761256838267,0.7999999999999999,0.6943121693121692
real_data2_testing,noise_injection,Mitoses,1,LinearRegression,1.0,1.0,0.9866018602044565,1.0,1.0,1.0,1.0
real_data2_testing,noise_injection,Mitoses,1,RandomForestRegressor,0.9715446280788966,0.5000000000000001,0.8970336925661615,0.5555555555555556,0.6925936316453921,0.7,0.81005291005291
real_data2_testing,noise_injection,Mitoses,2,LinearRegression,0.9854825637977803,0.75,0.9801047486652732,0.9444444444444445,0.8674428391078692,0.9833333333333333,0.9314814814814815
real_data2_testing,noise_injection,Mitoses,2,RandomForestRegressor,0.9686608934646893,0.12500000000000022,0.7241761254267425,0.5555555555555556,0.6680810772899426,0.6666666666666667,0.7247354497354498
real_data2_testing,noise_injection,Mitoses,3,LinearRegression,0.9751822788908311,0.625,0.9843507634177581,0.8888888888888888,0.7790713985131157,0.9500000000000001,0.8944444444444445
real_data2_testing,noise_injection,Mitoses,3,RandomForestRegressor,0.9819805563376581,0.12500000000000022,0.7979614238425368,0.6666666666666666,0.7589774161874038,0.8166666666666667,0.6599206349206349
real_data2_testing,noise_injection,Mitoses,4,LinearRegression,0.9828590030280139,0.2500000000000001,0.9583685848150851,0.8333333333333334,0.8003226258942349,0.9500000000000001,0.65
real_data2_testing,noise_injection,Mitoses,4,RandomForestRegressor,0.9721284267990552,0.3750000000000001,0.7040553754137289,0.611111111111111,0.7279422078832937,0.7333333333333334,0.8878306878306877
real_data2_testing,noise_injection,Class,0,DecisionTreeClassifier,0.9321962965879412,0.12500000000000022,0.978188883582397,0.3333333333333333,0.4620914574274093,0.4666666666666666,0.5265873015873015
real_data2_testing,noise_injection,Class,0,RandomForestClassifier,1.0,1.0,0.9757032764824277,1.0,1.0,1.0,1.0
real_data2_testing,noise_injection,Class,1,DecisionTreeClassifier,0.8543788610931916,0.3750000000000001,0.9958532430827357,0.3333333333333333,0.18803478748772623,0.43333333333333335,0.6821428571428572
real_data2_testing,noise_injection,Class,1,RandomForestClassifier,0.9815502650156487,0.2500000000000001,0.9796647547718528,0.8333333333333334,0.7834899705428533,0.9500000000000001,0.5728835978835979
real_data2_testing,noise_injection,Class,2,DecisionTreeClassifier,0.861511788476892,0.2500000000000001,0.981165473896784,0.3888888888888889,0.2234885678215738,0.5,0.6702380952380953
real_data2_testing,noise_injection,Class,2,RandomForestClassifier,1.0,1.0,0.9837167519445325,1.0,1.0,1.0,1.0
real_data2_testing,noise_injection,Class,3,DecisionTreeClassifier,0.8757468048175067,0.12500000000000022,0.9940111307180559,0.16666666666666666,0.10250385748351802,0.3,0.6784391534391534
real_data2_testing,noise_injection,Class,3,RandomForestClassifier,0.9987945497114182,0.75,0.9803090004353165,0.9444444444444445,0.9675971384485903,0.9833333333333333,0.9592592592592593
real_data2_testing,noise_injection,Class,4,DecisionTreeClassifier,0.9047951247725066,0.2500000000000001,0.9799241506198606,0.5,0.4327921167064104,0.65,0.6572751322751322
real_data2_testing,noise_injection,Class,4,RandomForestClassifier,1.0,1.0,0.9863408142733703,1.0,1.0,1.0,1.0
real_data2_testing,category_flip,Clump_Thickness,0,LinearRegression,0.9659182728658696,0.12500000000000022,0.45250245995948324,0.611111111111111,0.6259994389114883,0.7666666666666667,0.7525132275132276
real_data2_testing,category_flip,Clump_Thickness,0,RandomForestRegressor,0.9689596360021406,0.2500000000000001,0.09894568755887345,0.5,0.646724645812877,0.6666666666666667,0.7119047619047618
real_data2_testing,category_flip,Clump_Thickness,1,LinearRegression,0.9948498575465253,0.75,0.3120623951852688,0.9444444444444445,0.9263571328377052,0.9833333333333333,0.9702380952380953
real_data2_testing,category_flip,Clump_Thickness,1,RandomForestRegressor,0.9733280515969593,0.12500000000000022,-0.7819794338468584,0.5555555555555556,0.6656964511151635,0.75,0.8111111111111111
real_data2_testing,category_flip,Clump_Thickness,2,LinearRegression,0.9344227024605325,0.12500000000000022,0.42732884720841635,0.4444444444444444,0.43621124982465964,0.6,0.7025132275132274
real_data2_testing,category_flip,Clump_Thickness,2,RandomForestRegressor,0.9899412522159261,0.3750000000000001,0.35278411905339646,0.7222222222222222,0.8280789732080236,0.8666666666666667,0.7619047619047619
real_data2_testing,category_flip,Clump_Thickness,3,LinearRegression,0.9204001810383519,0.2500000000000001,0.5757369731050761,0.611111111111111,0.4520970683125264,0.7333333333333334,0.8794973544973543
real_data2_testing,category_flip,Clump_Thickness,3,RandomForestRegressor,0.9836782197862556,0.5000000000000001,-0.21880784795625186,0.7777777777777778,0.7876630663487165,0.9166666666666666,0.8666666666666667
real_data2_testing,category_flip,Clump_Thickness,4,LinearRegression,0.9728322314192416,0.12500000000000022,0.566709172211748,0.611111111111111,0.6841773039697012,0.7666666666666667,0.7683862433862434
real_data2_testing,category_flip,Clump_Thickness,4,RandomForestRegressor,0.9875361771294404,0.12500000000000022,0.26856472539522136,0.7222222222222222,0.8232220507785104,0.8499999999999999,0.7611111111111112
real_data2_testing,category_flip,Uniformity_of_Cell_Size,0,LinearRegression,0.9726489397621059,0.2500000000000001,0.996277797324854,0.7777777777777778,0.7393042502454763,0.8833333333333333,0.521031746031746
real_data2_testing,category_flip,Uniformity_of_Cell_Size,0,RandomForestRegressor,1.0,1.0,0.9706454781819509,1.0,1.0,1.0,1.0
real_data2_testing,category_flip,Uniformity_of_Cell_Size,1,LinearRegression,0.9381913576769899,0.2500000000000001,0.9888850673478404,0.6666666666666666,0.591545097489129,0.8333333333333333,0.5369047619047619
real_data2_testing,category_flip,Uniformity_of_Cell_Size,1,RandomForestRegressor,0.970629786439567,0.5000000000000001,-0.17367164014831182,0.6666666666666666,0.6904544816944872,0.8333333333333333,0.7833333333333333
real_data2_testing,category_flip,Uniformity_of_Cell_Size,2,LinearRegression,0.963132720385157,0.2500000000000001,0.9961589961935168,0.6666666666666666,0.7062701641183897,0.75,0.5007936507936508
real_data2_testing,category_flip,Uniformity_of_Cell_Size,2,RandomForestRegressor,0.9948498575465253,0.75,0.9529993917709949,0.9444444444444445,0.9263571328377052,0.9833333333333333,0.8388888888888889
real_data2_testing,category_flip,Uniformity_of_Cell_Size,3,LinearRegression,0.9521329556515046,0.3750000000000001,0.9886170292741661,0.6666666666666666,0.6830200589142938,0.7333333333333334,0.6433862433862434
real_data2_testing,category_flip,Uniformity_of_Cell_Size,3,RandomForestRegressor,0.9967947896284863,0.75,0.24427262272950367,0.8333333333333334,0.9232010099593212,0.9333333333333332,0.7685185185185185
real_data2_testing,category_flip,Uniformity_of_Cell_Size,4,LinearRegression,0.9766370126161833,2.220446049250313e-16,0.9933056720286192,0.7222222222222222,0.7310983307616777,0.8666666666666667,0.5712962962962963
real_data2_testing,category_flip,Uniformity_of_Cell_Size,4,RandomForestRegressor,0.9963734048699049,0.5000000000000001,0.2813517318299107,0.8888888888888888,0.9210969280403984,0.9666666666666667,0.8111111111111111
real_data2_testing,category_flip,Uniformity_of_Cell_Shape,0,LinearRegression,0.9929815506754079,0.625,0.9976730296359612,0.7777777777777778,0.8853275354187125,0.8833333333333333,0.7462962962962963
real_data2_testing,category_flip,Uniformity_of_Cell_Shape,0,RandomForestRegressor,0.9987945497114182,0.75,0.9998787774948443,0.9444444444444445,0.9675971384485903,0.9833333333333333,0.9841269841269842
real_data2_testing,category_flip,Uniformity_of_Cell_Shape,1,LinearRegression,0.990196778991501,0.3750000000000001,0.9992318541903578,0.8333333333333334,0.8534506943470332,0.9333333333333332,0.7387566137566136
real_data2_testing,category_flip,Uniformity_of_Cell_Shape,1,RandomForestRegressor,0.9854825637977803,0.75,0.9999379526944717,0.9444444444444445,0.8674428391078692,0.9833333333333333,0.698015873015873
real_data2_testing,category_flip,Uniformity_of_Cell_Shape,2,LinearRegression,0.9973764392302336,0.5000000000000001,0.9998283743799825,0.8888888888888888,0.9328797867863656,0.9666666666666667,0.9248677248677247
real_data2_testing,category_flip,Uniformity_of_Cell_Shape,2,RandomForestRegressor,0.9987945497114182,0.75,0.9999789111014462,0.9444444444444445,0.9675971384485903,0.9833333333333333,0.7277777777777777
real_data2_testing,category_flip,Uniformity_of_Cell_Shape,3,LinearRegression,0.9941469989973137,0.5000000000000001,0.9977449741741318,0.8888888888888888,0.9026862112498247,0.9666666666666667,0.6777777777777778
real_data2_testing,category_flip,Uniformity_of_Cell_Shape,3,RandomForestRegressor,1.0,1.0,0.9999434639954567,1.0,1.0,1.0,1.0
real_data2_testing,category_flip,Uniformity_of_Cell_Shape,4,LinearRegression,1.0,1.0,0.9998889885947454,1.0,1.0,1.0,1.0
real_data2_testing,category_flip,Uniformity_of_Cell_Shape,4,RandomForestRegressor,0.9982761858667786,0.75,0.9983310889275149,0.9444444444444445,0.9602328517323608,0.9833333333333333,0.9314814814814815
real_data2_testing,category_flip,Marginal_Adhesion,0,LinearRegression,0.8898439104289442,0.5000000000000001,0.9653082660890425,0.611111111111111,0.4933370739234113,0.7,0.7119047619047618
real_data2_testing,category_flip,Marginal_Adhesion,0,RandomForestRegressor,0.8677551869317366,0.12500000000000022,0.8804267935984127,0.6666666666666666,0.5183756487585915,0.65,0.5025132275132275
real_data2_testing,category_flip,Marginal_Adhesion,1,LinearRegression,0.9291879743037609,0.2500000000000001,0.9134182487481078,0.6666666666666666,0.5073292186842475,0.8333333333333333,0.5544973544973545
real_data2_testing,category_flip,Marginal_Adhesion,1,RandomForestRegressor,0.8100401482851881,0.12500000000000022,-0.8433835564969141,0.4444444444444444,0.32146864917940804,0.3666666666666667,0.6054232804232804
real_data2_testing,category_flip,Marginal_Adhesion,2,LinearRegression,0.9406937094992918,0.625,0.9729659023697986,0.7777777777777778,0.64283209426287,0.8833333333333333,0.7119047619047618
real_data2_testing,category_flip,Marginal_Adhesion,2,RandomForestRegressor,0.8399291435383874,0.12500000000000022,0.27381765350480924,0.5555555555555556,0.431687473698976,0.5166666666666667,0.49880952380952376
real_data2_testing,category_flip,Marginal_Adhesion,3,LinearRegression,0.9773720615192548,0.5000000000000001,0.931091580221858,0.8333333333333334,0.8247299761537382,0.9,0.521031746031746
real_data2_testing,category_flip,Marginal_Adhesion,3,RandomForestRegressor,0.8408288901749325,2.220446049250313e-16,0.1999168543017169,0.611111111111111,0.46156543694767854,0.5333333333333333,0.5146825396825396
real_data2_testing,category_flip,Marginal_Adhesion,4,LinearRegression,0.9982761858667786,0.75,0.9542382633494051,0.9444444444444445,0.9602328517323608,0.9833333333333333,0.809126984126984
real_data2_testing,category_flip,Marginal_Adhesion,4,RandomForestRegressor,0.8638228881496048,0.3750000000000001,0.879615552307597,0.5555555555555556,0.4196942067611165,0.6166666666666666,0.6480158730158732
real_data2_testing,category_flip,Single_Epithelial_Cell_Size,0,LinearRegression,0.9939501109099802,0.5000000000000001,0.996321001376797,0.8888888888888888,0.8990040678917101,0.9666666666666667,0.5693121693121692
real_data2_testing,category_flip,Single_Epithelial_Cell_Size,0,RandomForestRegressor,0.8660313727985153,0.2500000000000001,0.9255554680837745,0.611111111111111,0.4727170711179688,0.6333333333333333,0.6414021164021164
real_data2_testing,category_flip,Single_Epithelial_Cell_Size,1,LinearRegression,0.9948498575465253,0.75,0.9998330459128714,0.9444444444444445,0.9263571328377052,0.9833333333333333,0.9814814814814814
real_data2_testing,category_flip,Single_Epithelial_Cell_Size,1,RandomForestRegressor,0.9987945497114182,0.75,0.9998821341302605,0.9444444444444445,0.9675971384485903,0.9833333333333333,0.9777777777777779
real_data2_testing,category_flip,Single_Epithelial_Cell_Size,2,LinearRegression,0.9948498575465253,0.75,0.9991705787751554,0.9444444444444445,0.9263571328377052,0.9833333333333333,0.7462962962962963
real_data2_testing,category_flip,Single_Epithelial_Cell_Size,2,RandomForestRegressor,1.0,1.0,0.9999077984355295,1.0,1.0,1.0,1.0
real_data2_testing,category_flip,Single_Epithelial_Cell_Size,3,LinearRegression,0.9991002533634549,0.75,0.9993965704282384,0.9444444444444445,0.9726469350540048,0.9833333333333333,0.9722222222222222
real_data2_testing,category_flip,Single_Epithelial_Cell_Size,3,RandomForestRegressor,0.9948498575465253,0.75,0.9995166545616371,0.9444444444444445,0.9263571328377052,0.9833333333333333,0.8574074074074074
real_data2_testing,category_flip,Single_Epithelial_Cell_Size,4,LinearRegression,0.9972731515064499,0.75,0.998885275172347,0.9444444444444445,0.9484499929863937,0.9833333333333333,0.7685185185185185
real_data2_testing,category_flip,Single_Epithelial_Cell_Size,4,RandomForestRegressor,0.863620472221352,0.3750000000000001,0.4883298460805714,0.5555555555555556,0.4344227801935755,0.6,0.6636243386243386
real_data2_testing,category_flip,Bare_Nuclei,0,LinearRegression,0.9938812973119531,0.5000000000000001,0.5496230141260429,0.8333333333333334,0.9152054986674147,0.9,0.8944444444444445
real_data2_testing,category_flip,Bare_Nuclei,0,RandomForestRegressor,0.9710599575632076,0.3750000000000001,0.555753076414977,0.5555555555555556,0.6599277598541171,0.7166666666666667,0.8785714285714286
real_data2_testing,category_flip,Bare_Nuclei,1,LinearRegression,0.9904115883025152,0.5000000000000001,0.4402304666286945,0.8333333333333334,0.8740706971524759,0.9166666666666666,0.823015873015873
real_data2_testing,category_flip,Bare_Nuclei,1,RandomForestRegressor,0.986358563719967,0.12500000000000022,0.2960302385811263,0.6666666666666666,0.8013220648057231,0.8166666666666667,0.6433862433862434
real_data2_testing,category_flip,Bare_Nuclei,2,LinearRegression,0.9729124923290555,0.3750000000000001,0.5488835375280097,0.6666666666666666,0.7076378173656895,0.7999999999999999,0.7359788359788361
real_data2_testing,category_flip,Bare_Nuclei,2,RandomForestRegressor,0.9916446471750117,0.5000000000000001,0.649905240826421,0.7777777777777778,0.8495581427970263,0.9166666666666666,0.8851851851851852
real_data2_testing,category_flip,Bare_Nuclei,3,LinearRegression,0.9812954537379583,0.3750000000000001,0.6037023161092702,0.7777777777777778,0.7915906859307057,0.8666666666666667,0.7035714285714285
real_data2_testing,category_flip,Bare_Nuclei,3,RandomForestRegressor,0.9595861291884139,2.220446049250313e-16,0.45280547472434096,0.611111111111111,0.5932809650722402,0.7666666666666667,0.6784391534391534
real_data2_testing,category_flip,Bare_Nuclei,4,LinearRegression,0.9695350725389063,0.3750000000000001,0.5450774802681742,0.6666666666666666,0.7000631224575677,0.7999999999999999,0.7544973544973544
real_data2_testing,category_flip,Bare_Nuclei,4,RandomForestRegressor,0.9560572939411829,0.2500000000000001,0.612268842514551,0.4444444444444444,0.5753436667134242,0.5333333333333333,0.7174603174603174
real_data2_testing,category_flip,Bland_Chromatin,0,LinearRegression,0.9846805770440992,0.625,0.6418269887192326,0.6666666666666666,0.8160506382381821,0.7833333333333333,0.7277777777777777
real_data2_testing,category_flip,Bland_Chromatin,0,RandomForestRegressor,0.9953272446722462,0.5000000000000001,-0.9636637989528003,0.8333333333333334,0.9272338336372564,0.9,0.7685185185185185
real_data2_testing,category_flip,Bland_Chromatin,1,LinearRegression,0.9716279841780965,0.3750000000000001,0.40217550165859517,0.6666666666666666,0.7657104783279562,0.7333333333333334,0.7119047619047618
real_data2_testing,category_flip,Bland_Chromatin,1,RandomForestRegressor,0.8068822232703188,2.220446049250313e-16,-1.2763231392106271,0.3888888888888889,0.29355449572170006,0.31666666666666665,0.5369047619047619
real_data2_testing,category_flip,Bland_Chromatin,2,LinearRegression,0.980680922563231,0.3750000000000001,-7.247711074787055e-05,0.6666666666666666,0.812105484640202,0.7333333333333334,0.7119047619047618
real_data2_testing,category_flip,Bland_Chromatin,2,RandomForestRegressor,0.9148790202556908,0.2500000000000001,-1.1818479471950525,0.3333333333333333,0.44638097909945296,0.35,0.6433862433862434
real_data2_testing,category_flip,Bland_Chromatin,3,LinearRegression,0.9915758335769845,0.75,0.3488463409736823,0.7222222222222222,0.8591317155281247,0.8499999999999999,0.7277777777777777
real_data2_testing,category_flip,Bland_Chromatin,3,RandomForestRegressor,0.9774294015873162,2.220446049250313e-16,-0.9186127757203837,0.6666666666666666,0.7387782297657457,0.7833333333333333,0.5915343915343916
real_data2_testing,category_flip,Bland_Chromatin,4,LinearRegression,0.9579346154725531,0.12500000000000022,0.6136598859285689,0.611111111111111,0.6489339318277458,0.7166666666666667,0.4869047619047619
real_data2_testing,category_flip,Bland_Chromatin,4,RandomForestRegressor,0.9642185542790505,0.12500000000000022,-1.0575211240138676,0.5555555555555556,0.668501893673727,0.6166666666666666,0.6656084656084658
real_data2_testing,category_flip,Normal_Nucleoli,0,LinearRegression,0.9847797052485687,0.5000000000000001,0.9091393708048324,0.8888888888888888,0.8437719175199889,0.9666666666666667,0.6351851851851852
real_data2_testing,category_flip,Normal_Nucleoli,0,RandomForestRegressor,0.9961215544665963,0.3750000000000001,0.5605438232452622,0.8333333333333334,0.9189577780894936,0.9333333333333332,0.6248677248677248
real_data2_testing,category_flip,Normal_Nucleoli,1,LinearRegression,0.9968210342932997,0.3750000000000001,0.5331012335401039,0.8333333333333334,0.9228853976714828,0.9333333333333332,0.6063492063492064
real_data2_testing,category_flip,Normal_Nucleoli,1,RandomForestRegressor,0.8677551869317366,0.12500000000000022,0.9211040577567011,0.6666666666666666,0.5183756487585915,0.65,0.521031746031746
real_data2_testing,category_flip,Normal_Nucleoli,2,LinearRegression,0.9965702929572382,0.5000000000000001,0.8415890236859103,0.8888888888888888,0.9247790713985132,0.9666666666666667,0.8673280423280424
real_data2_testing,category_flip,Normal_Nucleoli,2,RandomForestRegressor,0.9931784387627414,0.625,0.536460681692044,0.7777777777777778,0.8896935054004771,0.8833333333333333,0.7119047619047618
real_data2_testing,category_flip,Normal_Nucleoli,3,LinearRegression,0.9992971414507883,0.75,0.9719802224844512,0.9444444444444445,0.9763290784121197,0.9833333333333333,0.7119047619047618
real_data2_testing,category_flip,Normal_Nucleoli,3,RandomForestRegressor,0.8356787477214579,0.12500000000000022,0.8304874922021144,0.5555555555555556,0.3584654229204658,0.5166666666666667,0.5507936507936508
real_data2_testing,category_flip,Normal_Nucleoli,4,LinearRegression,0.9885129668249556,0.75,0.7994606810856106,0.7222222222222222,0.8310422219105065,0.8499999999999999,0.9841269841269842
real_data2_testing,category_flip,Normal_Nucleoli,4,RandomForestRegressor,0.9424509435904701,0.12500000000000022,0.15992208310173872,0.6666666666666666,0.7101101136204238,0.65,0.5137566137566137
real_data2_testing,category_flip,Mitoses,0,LinearRegression,0.9842460181059507,0.75,0.9776795253887925,0.8333333333333334,0.8085285453780335,0.9333333333333332,0.8888888888888888
real_data2_testing,category_flip,Mitoses,0,RandomForestRegressor,1.0,1.0,0.9951756679156611,1.0,1.0,1.0,1.0
real_data2_testing,category_flip,Mitoses,1,LinearRegression,0.8695511933854936,0.12500000000000022,0.9649949074705091,0.5,0.33447888904474676,0.6166666666666666,0.5080687830687831
real_data2_testing,category_flip,Mitoses,1,RandomForestRegressor,0.9969950564383282,0.625,0.9912713432098391,0.8888888888888888,0.9398232571188105,0.9500000000000001,0.9702380952380953
real_data2_testing,category_flip,Mitoses,2,LinearRegression,1.0,1.0,0.9905480468188539,1.0,1.0,1.0,1.0
real_data2_testing,category_flip,Mitoses,2,RandomForestRegressor,0.9972731515064499,0.75,0.9987805188304323,0.9444444444444445,0.9484499929863937,0.9833333333333333,0.9314814814814815
real_data2_testing,category_flip,Mitoses,3,LinearRegression,0.9353100557143162,0.3750000000000001,0.989355484210819,0.7222222222222222,0.58539065787628,0.8166666666666667,0.7648148148148148
real_data2_testing,category_flip,Mitoses,3,RandomForestRegressor,1.0,1.0,0.9931500675439004,1.0,1.0,1.0,1.0
real_data2_testing,category_flip,Mitoses,4,LinearRegression,0.9751822788908311,0.625,0.987189136389454,0.8888888888888888,0.7790713985131157,0.9500000000000001,0.7277777777777777
real_data2_testing,category_flip,Mitoses,4,RandomForestRegressor,0.9987945497114182,0.75,0.9744437148084524,0.9444444444444445,0.9675971384485903,0.9833333333333333,0.8796296296296295
real_data2_testing,category_flip,Class,0,DecisionTreeClassifier,0.9230024418619289,0.2500000000000001,0.9406016951758578,0.4444444444444444,0.32774582690419407,0.5666666666666667,0.6470899470899472
real_data2_testing,category_flip,Class,0,RandomForestClassifier,0.9953469214449757,0.625,0.8979991269333162,0.8888888888888888,0.9270935615093281,0.9500000000000001,0.9433862433862434
real_data2_testing,category_flip,Class,1,DecisionTreeClassifier,0.9202557129260811,0.2500000000000001,-0.8715435898952482,0.2777777777777778,0.47520690138869415,0.2833333333333333,0.7683862433862434
real_data2_testing,category_flip,Class,1,RandomForestClassifier,0.996427258118633,0.3750000000000001,0.8128949840521489,0.8333333333333334,0.9189577780894936,0.9333333333333332,0.9037037037037037
real_data2_testing,category_flip,Class,2,DecisionTreeClassifier,0.8790044105384577,0.3750000000000001,0.9499698658886004,0.2222222222222222,0.12133539065787617,0.2833333333333333,0.6702380952380953
real_data2_testing,category_flip,Class,2,RandomForestClassifier,0.9805959739112551,0.3750000000000001,0.8856696097315578,0.7777777777777778,0.7967456866320661,0.8833333333333333,0.6711640211640212
real_data2_testing,category_flip,Class,3,DecisionTreeClassifier,0.9003431244448133,0.12500000000000022,0.9238332614653333,0.3333333333333333,0.28103520830411005,0.39999999999999997,0.7395502645502645
real_data2_testing,category_flip,Class,3,RandomForestClassifier,0.9982761858667786,0.75,0.9176364351207158,0.9444444444444445,0.9602328517323608,0.9833333333333333,0.9433862433862434
real_data2_testing,category_flip,Class,4,DecisionTreeClassifier,0.9505326588632695,2.220446049250313e-16,-0.8903361356605579,0.5,0.61179688595876,0.5499999999999999,0.5007936507936508
real_data2_testing,category_flip,Class,4,RandomForestClassifier,0.9987945497114182,0.75,0.9449486555881743,0.9444444444444445,0.9675971384485903,0.9833333333333333,0.9841269841269842
real_data2_testing,correlation_mix,Clump_Thickness,0,LinearRegression,0.8979923857541033,2.220446049250313e-16,-0.12880273521878483,0.3888888888888889,0.34198344788890445,0.5666666666666667,0.6265873015873017
real_data2_testing,correlation_mix,Clump_Thickness,0,RandomForestRegressor,0.7802897956535823,-0.12499999999999978,-0.7214168880463669,0.05555555555555555,0.023390377332023926,0.016666666666666666,0.5858465608465608
real_data2_testing,correlation_mix,Clump_Thickness,1,LinearRegression,0.9387201940811732,0.2500000000000001,-0.127775467809645,0.6666666666666666,0.5981203534857624,0.8333333333333333,0.7628306878306877
real_data2_testing,correlation_mix,Clump_Thickness,1,RandomForestRegressor,0.7925556213695614,0.12500000000000022,-0.7505655531150541,0.16666666666666666,0.12720928601486886,0.09999999999999999,0.5924603174603175
real_data2_testing,correlation_mix,Clump_Thickness,2,LinearRegression,0.94380557435911,-0.12499999999999978,-0.08624898522401359,0.3888888888888889,0.47443540468508916,0.5499999999999999,0.5173280423280423
real_data2_testing,correlation_mix,Clump_Thickness,2,RandomForestRegressor,0.7890585586280633,2.220446049250313e-16,-0.6783584447597049,0.05555555555555555,0.06259643708795062,0.049999999999999996,0.5924603174603175
real_data2_testing,correlation_mix,Clump_Thickness,3,LinearRegression,0.8932560898173876,0.12500000000000022,-0.15736015801333747,0.2777777777777778,0.2183160331042222,0.38333333333333336,0.7304232804232804
real_data2_testing,correlation_mix,Clump_Thickness,3,RandomForestRegressor,0.7987395306379336,0.12500000000000022,-0.764822185118998,0.2777777777777778,0.17635713283770504,0.21666666666666667,0.6294973544973544
real_data2_testing,correlation_mix,Clump_Thickness,4,LinearRegression,0.9699134395569823,0.2500000000000001,-0.20786571091678563,0.5555555555555556,0.6514062280824799,0.7333333333333334,0.7055555555555555
real_data2_testing,correlation_mix,Clump_Thickness,4,RandomForestRegressor,0.8024873347154932,2.220446049250313e-16,-0.7271314071407586,0.2777777777777778,0.23037943610604564,0.2333333333333333,0.6294973544973544
real_data2_testing,correlation_mix,Uniformity_of_Cell_Size,0,LinearRegression,0.9585174946783973,0.3750000000000001,0.9989687101126902,0.6666666666666666,0.6111656613830831,0.8166666666666667,0.521031746031746
real_data2_testing,correlation_mix,Uniformity_of_Cell_Size,0,RandomForestRegressor,0.8401260316257206,0.12500000000000022,0.9417907129581532,0.5555555555555556,0.43605344368074067,0.5166666666666667,0.47103174603174597
real_data2_testing,correlation_mix,Uniformity_of_Cell_Size,1,LinearRegression,0.9844705147771988,0.2500000000000001,0.9441826129499751,0.7777777777777778,0.8198379856922431,0.9,0.5851851851851851
real_data2_testing,correlation_mix,Uniformity_of_Cell_Size,1,RandomForestRegressor,0.8071603183384406,0.12500000000000022,-0.39503577443172433,0.4444444444444444,0.29292327114602335,0.35,0.6136243386243385
real_data2_testing,correlation_mix,Uniformity_of_Cell_Size,2,LinearRegression,0.9743560622757436,0.3750000000000001,0.9952857138566866,0.6666666666666666,0.7295202693224856,0.7999999999999999,0.5693121693121692
real_data2_testing,correlation_mix,Uniformity_of_Cell_Size,2,RandomForestRegressor,0.8361758116199082,2.220446049250313e-16,0.9166044458981017,0.5,0.3798218543975313,0.48333333333333334,0.521031746031746
real_data2_testing,correlation_mix,Uniformity_of_Cell_Size,3,LinearRegression,0.991539210332817,0.3750000000000001,0.9678696201682523,0.8333333333333334,0.8661803899565157,0.9333333333333332,0.5851851851851851
real_data2_testing,correlation_mix,Uniformity_of_Cell_Size,3,RandomForestRegressor,0.8260690360777838,2.220446049250313e-16,0.08200272806304787,0.3888888888888889,0.2642025529527284,0.39999999999999997,0.49880952380952376
real_data2_testing,correlation_mix,Uniformity_of_Cell_Size,4,LinearRegression,0.9436661893361104,0.12500000000000022,0.9364542740128177,0.5555555555555556,0.48844508346191623,0.6666666666666667,0.6294973544973544
real_data2_testing,correlation_mix,Uniformity_of_Cell_Size,4,RandomForestRegressor,0.8355996898590806,0.12500000000000022,0.08558930527676945,0.4444444444444444,0.3435790433440876,0.4666666666666666,0.4932539682539682
real_data2_testing,correlation_mix,Uniformity_of_Cell_Shape,0,LinearRegression,0.8366184963246788,2.220446049250313e-16,0.9986290543689565,0.4444444444444444,0.3620423621826343,0.4666666666666666,0.45251322751322753
real_data2_testing,correlation_mix,Uniformity_of_Cell_Shape,0,RandomForestRegressor,0.8347101874868854,2.220446049250313e-16,0.9986351582616246,0.4444444444444444,0.3696696591387291,0.43333333333333335,0.45251322751322753
real_data2_testing,correlation_mix,Uniformity_of_Cell_Shape,1,LinearRegression,0.8894522833726888,0.2500000000000001,0.9880440744446003,0.611111111111111,0.486919624070697,0.7,0.5507936507936508
real_data2_testing,correlation_mix,Uniformity_of_Cell_Shape,1,RandomForestRegressor,0.9965702929572382,0.5000000000000001,0.9997181023424218,0.8888888888888888,0.9247790713985132,0.9666666666666667,0.7952380952380952
real_data2_testing,correlation_mix,Uniformity_of_Cell_Shape,2,LinearRegression,0.9376133703308736,0.5000000000000001,0.9984616861606925,0.5,0.6006452517884697,0.5833333333333334,0.6537037037037038
real_data2_testing,correlation_mix,Uniformity_of_Cell_Shape,2,RandomForestRegressor,0.9175785025771549,0.5000000000000001,0.9994500991796901,0.7222222222222222,0.5934913732641325,0.8166666666666667,0.6757936507936508
real_data2_testing,correlation_mix,Uniformity_of_Cell_Shape,3,LinearRegression,0.8381020416813825,0.12500000000000022,0.992660923428694,0.5555555555555556,0.39896899985972795,0.5166666666666667,0.49880952380952376
real_data2_testing,correlation_mix,Uniformity_of_Cell_Shape,3,RandomForestRegressor,0.8361937328435891,0.3750000000000001,0.9980507265177005,0.4444444444444444,0.33737200168326553,0.48333333333333334,0.6414021164021164
real_data2_testing,correlation_mix,Uniformity_of_Cell_Shape,4,LinearRegression,0.8227014117446931,2.220446049250313e-16,0.9720226253074498,0.2222222222222222,0.2116005049796606,0.26666666666666666,0.6414021164021164
real_data2_testing,correlation_mix,Uniformity_of_Cell_Shape,4,RandomForestRegressor,0.831725148993137,0.12500000000000022,0.9927580368663519,0.4444444444444444,0.31207041660822,0.45,0.45251322751322753
real_data2_testing,correlation_mix,Marginal_Adhesion,0,LinearRegression,0.8818961850606748,0.12500000000000022,0.7083112808191756,0.4444444444444444,0.3590615794641603,0.6166666666666666,0.5832010582010582
real_data2_testing,correlation_mix,Marginal_Adhesion,0,RandomForestRegressor,0.8530463904831032,0.2500000000000001,0.8323169506686571,0.4444444444444444,0.2822976574554636,0.5166666666666667,0.6572751322751322
real_data2_testing,correlation_mix,Marginal_Adhesion,1,LinearRegression,0.9307935094047347,0.2500000000000001,0.7910854432100858,0.611111111111111,0.5355239163978118,0.7666666666666667,0.6332010582010583
real_data2_testing,correlation_mix,Marginal_Adhesion,1,RandomForestRegressor,0.8051868029203221,0.12500000000000022,-0.9416970761556422,0.3333333333333333,0.24514307757048673,0.3,0.6129629629629629
real_data2_testing,correlation_mix,Marginal_Adhesion,2,LinearRegression,0.9406937094992918,0.625,0.9420229323897422,0.7777777777777778,0.64283209426287,0.8833333333333333,0.7119047619047618
real_data2_testing,correlation_mix,Marginal_Adhesion,2,RandomForestRegressor,0.8218483979631803,0.3750000000000001,0.40251869237172977,0.2777777777777778,0.12333426848085285,0.3666666666666667,0.6794973544973545
real_data2_testing,correlation_mix,Marginal_Adhesion,3,LinearRegression,0.9716665141288463,0.2500000000000001,0.7827930995038863,0.6666666666666666,0.7081287698134381,0.8333333333333333,0.610978835978836
real_data2_testing,correlation_mix,Marginal_Adhesion,3,RandomForestRegressor,0.8391050760417113,0.12500000000000022,0.4425060213269659,0.5555555555555556,0.41590685930705573,0.5166666666666667,0.6072751322751322
real_data2_testing,correlation_mix,Marginal_Adhesion,4,LinearRegression,0.9359200990992881,2.220446049250313e-16,0.8136456593313985,0.5555555555555556,0.5041380277738814,0.6833333333333333,0.610978835978836
real_data2_testing,correlation_mix,Marginal_Adhesion,4,RandomForestRegressor,0.8592119606796678,0.3750000000000001,0.8293909678095164,0.4444444444444444,0.3626209847103381,0.5166666666666667,0.6294973544973544
real_data2_testing,correlation_mix,Single_Epithelial_Cell_Size,0,LinearRegression,0.8467230961917314,2.220446049250313e-16,0.9545506135044741,0.2777777777777778,0.1112357974470472,0.3666666666666667,0.5914021164021164
real_data2_testing,correlation_mix,Single_Epithelial_Cell_Size,0,RandomForestRegressor,0.8503806786282496,0.3750000000000001,0.6088793782549462,0.4444444444444444,0.2719876560527424,0.5499999999999999,0.698015873015873
real_data2_testing,correlation_mix,Single_Epithelial_Cell_Size,1,LinearRegression,0.9588823245682276,0.3750000000000001,0.9910492589974464,0.6666666666666666,0.6906999579183617,0.75,0.6711640211640212
real_data2_testing,correlation_mix,Single_Epithelial_Cell_Size,1,RandomForestRegressor,0.9615432893789672,0.12500000000000022,0.98850621874225,0.5,0.6253156122878385,0.6166666666666666,0.7406084656084656
real_data2_testing,correlation_mix,Single_Epithelial_Cell_Size,2,LinearRegression,0.9901934002689926,0.2500000000000001,0.973934914908588,0.7777777777777778,0.8503997755645953,0.9,0.8451058201058201
real_data2_testing,correlation_mix,Single_Epithelial_Cell_Size,2,RandomForestRegressor,0.9273408021046639,0.2500000000000001,0.9917094314502735,0.2777777777777778,0.4053864497124422,0.39999999999999997,0.7906084656084656
real_data2_testing,correlation_mix,Single_Epithelial_Cell_Size,3,LinearRegression,0.9487997788875094,0.12500000000000022,0.907492886637127,0.611111111111111,0.5072240145883012,0.7666666666666667,0.47103174603174597
real_data2_testing,correlation_mix,Single_Epithelial_Cell_Size,3,RandomForestRegressor,0.963645556388877,0.2500000000000001,0.9916008744476227,0.5555555555555556,0.613269743302006,0.7333333333333334,0.7062169312169312
real_data2_testing,correlation_mix,Single_Epithelial_Cell_Size,4,LinearRegression,0.9383273926587494,0.2500000000000001,0.9381286066327594,0.5555555555555556,0.5022794220788329,0.6666666666666667,0.6572751322751322
real_data2_testing,correlation_mix,Single_Epithelial_Cell_Size,4,RandomForestRegressor,0.8562405451727777,0.2500000000000001,-0.27200496146998576,0.4444444444444444,0.3210127647636414,0.5333333333333333,0.5432539682539682
real_data2_testing,correlation_mix,Bare_Nuclei,0,LinearRegression,0.9742898809431754,2.220446049250313e-16,-0.05650561886259564,0.5,0.6968193294992284,0.65,0.559126984126984
real_data2_testing,correlation_mix,Bare_Nuclei,0,RandomForestRegressor,0.7897441871727143,0.12500000000000022,-0.5414956501918322,0.1111111111111111,0.08828377051479866,0.03333333333333333,0.5080687830687831
real_data2_testing,correlation_mix,Bare_Nuclei,1,LinearRegression,0.8523483685556908,-0.12499999999999978,-0.07807089922162858,0.2777777777777778,0.1884906719034928,0.43333333333333335,0.3876984126984127
real_data2_testing,correlation_mix,Bare_Nuclei,1,RandomForestRegressor,0.7875708227928807,-0.12499999999999978,-0.5591829293680073,0.1111111111111111,0.0959636695188667,0.06666666666666667,0.4802910052910053
real_data2_testing,correlation_mix,Bare_Nuclei,2,LinearRegression,0.8647572291102753,2.220446049250313e-16,-0.08272721315541665,0.2777777777777778,0.2433546079394024,0.39999999999999997,0.6239417989417989
real_data2_testing,correlation_mix,Bare_Nuclei,2,RandomForestRegressor,0.7944481581020852,2.220446049250313e-16,-0.5282260006611461,0.16666666666666666,0.1209496423060737,0.13333333333333333,0.3876984126984127
real_data2_testing,correlation_mix,Bare_Nuclei,3,LinearRegression,0.9182721569131808,2.220446049250313e-16,-0.11101983939203985,0.3888888888888889,0.41997475101697296,0.6166666666666666,0.5369047619047619
real_data2_testing,correlation_mix,Bare_Nuclei,3,RandomForestRegressor,0.7563973193887223,0.12500000000000022,-0.5218198160766958,-0.2222222222222222,-0.3128945153597979,-0.2833333333333333,0.48597883597883595
real_data2_testing,correlation_mix,Bare_Nuclei,4,LinearRegression,0.8685691694431733,0.12500000000000022,-0.05658676663677431,0.2222222222222222,0.24765044185720297,0.38333333333333336,0.5369047619047619
real_data2_testing,correlation_mix,Bare_Nuclei,4,RandomForestRegressor,0.895937649238561,2.220446049250313e-16,-0.4561394083189212,0.0,0.25248983027072514,0.06666666666666667,0.6156084656084656
real_data2_testing,correlation_mix,Bland_Chromatin,0,LinearRegression,0.9547527154481316,2.220446049250313e-16,0.26967232128864016,0.4444444444444444,0.5280018235376631,0.65,0.521031746031746
real_data2_testing,correlation_mix,Bland_Chromatin,0,RandomForestRegressor,0.8048982352926565,0.12500000000000022,-0.7210875654342264,0.3333333333333333,0.2632031140412399,0.26666666666666666,0.6794973544973545
real_data2_testing,correlation_mix,Bland_Chromatin,1,LinearRegression,0.8939441510135726,0.12500000000000022,0.2145727365481891,0.3888888888888889,0.2925024547622388,0.5166666666666667,0.5369047619047619
real_data2_testing,correlation_mix,Bland_Chromatin,1,RandomForestRegressor,0.7900474868544854,2.220446049250313e-16,-0.8564864294527552,0.16666666666666666,0.10097839809229896,0.13333333333333333,0.45251322751322753
real_data2_testing,correlation_mix,Bland_Chromatin,2,LinearRegression,0.9599842241615054,0.5000000000000001,-0.4003250999950827,0.4444444444444444,0.5957357273109835,0.5666666666666667,0.5851851851851851
real_data2_testing,correlation_mix,Bland_Chromatin,2,RandomForestRegressor,0.7983423757407585,0.2500000000000001,-0.7700110777348368,0.2777777777777778,0.18324800112217693,0.19999999999999998,0.698015873015873
real_data2_testing,correlation_mix,Bland_Chromatin,3,LinearRegression,0.9261438095722186,0.2500000000000001,0.21409504219148123,0.4444444444444444,0.4412084443821013,0.6166666666666666,0.4869047619047619
real_data2_testing,correlation_mix,Bland_Chromatin,3,RandomForestRegressor,0.7910024506588602,2.220446049250313e-16,-0.8579089897492416,0.16666666666666666,0.11402370598961986,0.08333333333333334,0.5488095238095237
real_data2_testing,correlation_mix,Bland_Chromatin,4,LinearRegression,0.9732148438152441,0.2500000000000001,0.44865193394514624,0.4444444444444444,0.6454095946135503,0.6666666666666667,0.6794973544973545
real_data2_testing,correlation_mix,Bland_Chromatin,4,RandomForestRegressor,0.7930022107417921,2.220446049250313e-16,-0.8255034453591108,0.16666666666666666,0.10992074624772048,0.13333333333333333,0.521031746031746
real_data2_testing,correlation_mix,Normal_Nucleoli,0,LinearRegression,0.8008558772250891,-0.12499999999999978,-2.2583160299600737,0.16666666666666666,0.04250245476223884,0.25,0.5358465608465609
real_data2_testing,correlation_mix,Normal_Nucleoli,0,RandomForestRegressor,0.849113508578676,-0.12499999999999978,-0.6078471045204528,0.2777777777777778,0.2230151493898162,0.43333333333333335,0.433994708994709
real_data2_testing,correlation_mix,Normal_Nucleoli,1,LinearRegression,0.8094552953972303,2.220446049250313e-16,-1.0493407414764162,0.2222222222222222,0.1536330481133399,0.16666666666666669,0.47764550264550265
real_data2_testing,correlation_mix,Normal_Nucleoli,1,RandomForestRegressor,0.8606809635351989,0.5000000000000001,0.6532023724179357,0.5,0.3750876700799551,0.5833333333333334,0.698015873015873
real_data2_testing,correlation_mix,Normal_Nucleoli,2,LinearRegression,0.8738155485813001,0.12500000000000022,-0.5380967245403323,0.2777777777777778,0.2949046149530089,0.3666666666666667,0.4998677248677248
real_data2_testing,correlation_mix,Normal_Nucleoli,2,RandomForestRegressor,0.8303352039999831,0.5000000000000001,-0.1068836321134159,0.3888888888888889,0.27845770795342967,0.41666666666666663,0.698015873015873
real_data2_testing,correlation_mix,Normal_Nucleoli,3,LinearRegression,0.9684231226386264,2.220446049250313e-16,0.18489353120823426,0.5,0.6725171833356711,0.6666666666666667,0.5358465608465609
real_data2_testing,correlation_mix,Normal_Nucleoli,3,RandomForestRegressor,0.8097210111992261,0.2500000000000001,0.24850428397323954,0.2222222222222222,0.021812315892832196,0.33333333333333337,0.5369047619047619
real_data2_testing,correlation_mix,Normal_Nucleoli,4,LinearRegression,0.8048411626005306,2.220446049250313e-16,-0.7462698419938925,-0.1111111111111111,-0.02067260485341557,-0.16666666666666669,0.5025132275132275
real_data2_testing,correlation_mix,Normal_Nucleoli,4,RandomForestRegressor,0.8339515548657281,0.3750000000000001,-0.22591335349726993,0.4444444444444444,0.32264342825080655,0.4666666666666666,0.6821428571428572
real_data2_testing,correlation_mix,Mitoses,0,LinearRegression,0.8221902275957013,2.220446049250313e-16,0.44740766512373686,0.2222222222222222,0.09166783560106606,0.26666666666666666,0.4998677248677248
real_data2_testing,correlation_mix,Mitoses,0,RandomForestRegressor,0.9802299144173278,0.5000000000000001,0.5815444034984082,0.611111111111111,0.7630277738813299,0.75,0.8507936507936508
real_data2_testing,correlation_mix,Mitoses,1,LinearRegression,0.8399536569329163,0.12500000000000022,0.8538886721350023,0.2777777777777778,0.09461355028755777,0.35,0.6821428571428572
real_data2_testing,correlation_mix,Mitoses,1,RandomForestRegressor,0.9768986443599151,2.220446049250313e-16,0.8961332069301863,0.6666666666666666,0.7417940805162014,0.7999999999999999,0.771031746031746
real_data2_testing,correlation_mix,Mitoses,2,LinearRegression,0.9483214170095459,0.12500000000000022,0.7701926140075027,0.5555555555555556,0.5064349838687053,0.7,0.5369047619047619
real_data2_testing,correlation_mix,Mitoses,2,RandomForestRegressor,0.9749956350678478,0.12500000000000022,0.6728730484680499,0.6666666666666666,0.7421447608360219,0.7833333333333333,0.6876984126984127
real_data2_testing,correlation_mix,Mitoses,3,LinearRegression,0.8917301385237426,0.3750000000000001,0.8169486489468722,0.5,0.34163276756908395,0.6333333333333333,0.7804232804232804
real_data2_testing,correlation_mix,Mitoses,3,RandomForestRegressor,0.9934386126071822,0.5000000000000001,0.9038913982031891,0.7777777777777778,0.8673376350119232,0.9166666666666666,0.8739417989417988
real_data2_testing,correlation_mix,Mitoses,4,LinearRegression,0.9333266589805267,-0.12499999999999978,-0.6672476981277353,0.5,0.5436421658016553,0.7166666666666667,0.5673280423280423
real_data2_testing,correlation_mix,Mitoses,4,RandomForestRegressor,0.982647382886575,0.12500000000000022,0.4670827610566466,0.5555555555555556,0.7524196942067611,0.7333333333333334,0.7525132275132276
real_data2_testing,correlation_mix,Class,0,DecisionTreeClassifier,0.934728406112569,0.2500000000000001,0.6170059722047365,0.5,0.46414293729835876,0.6333333333333333,0.6572751322751322
real_data2_testing,correlation_mix,Class,0,RandomForestClassifier,0.9874823238807123,0.625,0.7214711893623512,0.7777777777777778,0.8262028334969842,0.8833333333333333,0.7119047619047618
real_data2_testing,correlation_mix,Class,1,DecisionTreeClassifier,0.9472052688476914,0.5000000000000001,0.7053207728950885,0.611111111111111,0.47860850049095244,0.7166666666666667,0.8646825396825396
real_data2_testing,correlation_mix,Class,1,RandomForestClassifier,0.985767416310919,0.3750000000000001,0.772089520458011,0.8333333333333334,0.8387221209145743,0.9333333333333332,0.6711640211640212
real_data2_testing,correlation_mix,Class,2,DecisionTreeClassifier,0.9232983500569071,0.3750000000000001,0.6842310740169171,0.611111111111111,0.5080656473558705,0.7333333333333334,0.7802910052910054
real_data2_testing,correlation_mix,Class,2,RandomForestClassifier,0.990623691591002,0.12500000000000022,0.6398394420880891,0.7777777777777778,0.835302987796325,0.9166666666666666,0.5785714285714286
real_data2_testing,correlation_mix,Class,3,DecisionTreeClassifier,0.9585918361173444,0.5000000000000001,0.7083738487116488,0.611111111111111,0.6423060737831393,0.75,0.6063492063492064
real_data2_testing,correlation_mix,Class,3,RandomForestClassifier,0.994770799684148,0.3750000000000001,0.6715986062458641,0.8333333333333334,0.8971629962126526,0.9333333333333332,0.6063492063492064
real_data2_testing,correlation_mix,Class,4,DecisionTreeClassifier,0.9750434732729651,0.2500000000000001,-0.38668278351865637,0.4444444444444444,0.6881750596156544,0.6,0.5507936507936508
real_data2_testing,correlation_mix,Class,4,RandomForestClassifier,0.9874823238807123,0.625,0.7231607453107239,0.7777777777777778,0.8262028334969842,0.8833333333333333,0.7119047619047618
real_data2_testing,missingness_mcar,Clump_Thickness,0,LinearRegression,0.8840173823862649,0.2500000000000001,0.005888252265977223,0.2777777777777778,0.199537101977837,0.5166666666666667,0.823015873015873
real_data2_testing,missingness_mcar,Clump_Thickness,0,RandomForestRegressor,0.9809485450718092,0.12500000000000022,0.6329003117760124,0.611111111111111,0.7339388413522234,0.7833333333333333,0.8044973544973545
real_data2_testing,missingness_mcar,Clump_Thickness,1,LinearRegression,0.8705042101484711,-0.12499999999999978,0.007594116857739142,0.2222222222222222,0.07488778229765754,0.38333333333333336,0.6136243386243385
real_data2_testing,missingness_mcar,Clump_Thickness,1,RandomForestRegressor,0.9900122842869289,0.12500000000000022,0.6017896998105148,0.7777777777777778,0.8297797727591528,0.9166666666666666,0.7674603174603174
real_data2_testing,missingness_mcar,Clump_Thickness,2,LinearRegression,0.9400896367674726,0.12500000000000022,0.06416782800987164,0.3333333333333333,0.5220577921167064,0.5,0.698015873015873
real_data2_testing,missingness_mcar,Clump_Thickness,2,RandomForestRegressor,0.9902491743409382,0.5000000000000001,0.6689351453395306,0.7222222222222222,0.8491899284612149,0.8499999999999999,0.8388888888888889
real_data2_testing,missingness_mcar,Clump_Thickness,3,LinearRegression,0.9217545428385022,-0.12499999999999978,0.0665390284388675,0.4444444444444444,0.41254032823677933,0.6333333333333333,0.6943121693121692
real_data2_testing,missingness_mcar,Clump_Thickness,3,RandomForestRegressor,0.9889913287029194,0.5000000000000001,0.8259566063046523,0.7777777777777778,0.8173656894375089,0.9166666666666666,0.9378306878306878
real_data2_testing,missingness_mcar,Clump_Thickness,4,LinearRegression,0.969249339253714,0.12500000000000022,0.13905736678111436,0.5,0.683949361761818,0.6333333333333333,0.7350529100529101
real_data2_testing,missingness_mcar,Clump_Thickness,4,RandomForestRegressor,0.9948498575465253,0.75,0.6949131128082606,0.9444444444444445,0.9263571328377052,0.9833333333333333,0.9656084656084656
real_data2_testing,missingness_mcar,Uniformity_of_Cell_Size,0,LinearRegression,0.9438465245213682,0.2500000000000001,0.5245879910087824,0.611111111111111,0.4955463599382803,0.7333333333333334,0.571031746031746
real_data2_testing,missingness_mcar,Uniformity_of_Cell_Size,0,RandomForestRegressor,0.9662099909208499,0.2500000000000001,0.9359138738078892,0.5555555555555556,0.6349417870669098,0.6833333333333333,0.734126984126984
real_data2_testing,missingness_mcar,Uniformity_of_Cell_Size,1,LinearRegression,0.9358539871212842,0.12500000000000022,0.7640875476700134,0.2777777777777778,0.4520970683125263,0.3666666666666667,0.5785714285714286
real_data2_testing,missingness_mcar,Uniformity_of_Cell_Size,1,RandomForestRegressor,0.9315226126187597,2.220446049250313e-16,0.17525876669053386,0.2222222222222222,0.38292537522794234,0.35,0.6100529100529101
real_data2_testing,missingness_mcar,Uniformity_of_Cell_Size,2,LinearRegression,0.913751640637218,2.220446049250313e-16,0.7508272331769683,0.4444444444444444,0.4318978818908683,0.6,0.5302910052910053
real_data2_testing,missingness_mcar,Uniformity_of_Cell_Size,2,RandomForestRegressor,0.9397084576451357,0.12500000000000022,0.9398175976030446,0.3333333333333333,0.47671482676392213,0.38333333333333336,0.5785714285714286
real_data2_testing,missingness_mcar,Uniformity_of_Cell_Size,3,LinearRegression,0.9578534084917646,0.5000000000000001,0.8034696296257038,0.5,0.5924919343526441,0.5499999999999999,0.625925925925926
real_data2_testing,missingness_mcar,Uniformity_of_Cell_Size,3,RandomForestRegressor,0.9851857667091718,0.3750000000000001,0.7646928523787744,0.7222222222222222,0.7810702763360919,0.8833333333333333,0.7544973544973544
real_data2_testing,missingness_mcar,Uniformity_of_Cell_Size,4,LinearRegression,0.9013309436039886,0.3750000000000001,0.7743756438257299,0.3888888888888889,0.3263255716089213,0.5333333333333333,0.734126984126984
real_data2_testing,missingness_mcar,Uniformity_of_Cell_Size,4,RandomForestRegressor,0.9949676877714814,0.3750000000000001,0.6749048091350843,0.8333333333333334,0.8971629962126526,0.9333333333333332,0.6074074074074074
real_data2_testing,missingness_mcar,Uniformity_of_Cell_Shape,0,LinearRegression,0.9383162288800854,0.3750000000000001,0.673525543541647,0.5555555555555556,0.6261572450554076,0.6,0.7119047619047618
real_data2_testing,missingness_mcar,Uniformity_of_Cell_Shape,0,RandomForestRegressor,0.9261497862204301,0.12500000000000022,0.9774448503586631,0.3333333333333333,0.4715598260625614,0.45,0.5693121693121692
real_data2_testing,missingness_mcar,Uniformity_of_Cell_Shape,1,LinearRegression,0.9468068843464191,0.3750000000000001,0.741076859726538,0.6666666666666666,0.5964370879506242,0.7999999999999999,0.6294973544973544
real_data2_testing,missingness_mcar,Uniformity_of_Cell_Shape,1,RandomForestRegressor,0.9709808997008303,2.220446049250313e-16,0.9645935902237915,0.6666666666666666,0.6891218964791697,0.8166666666666667,0.45251322751322753
real_data2_testing,missingness_mcar,Uniformity_of_Cell_Shape,2,LinearRegression,0.9417480850412584,0.2500000000000001,0.8686490235758176,0.611111111111111,0.6845981203534859,0.6333333333333333,0.6129629629629629
real_data2_testing,missingness_mcar,Uniformity_of_Cell_Shape,2,RandomForestRegressor,0.9032991860330417,0.12500000000000022,0.9891818186320147,0.5,0.45988217141254045,0.6166666666666666,0.6072751322751322
real_data2_testing,missingness_mcar,Uniformity_of_Cell_Shape,3,LinearRegression,0.9364134478832117,0.2500000000000001,0.7052329051523902,0.5,0.5815507083742462,0.5833333333333334,0.5507936507936508
real_data2_testing,missingness_mcar,Uniformity_of_Cell_Shape,3,RandomForestRegressor,0.9254690084142134,0.2500000000000001,0.9854718556972947,0.2777777777777778,0.46787768270444663,0.38333333333333336,0.6074074074074074
real_data2_testing,missingness_mcar,Uniformity_of_Cell_Shape,4,LinearRegression,0.9579346154725531,0.12500000000000022,0.814365049049903,0.611111111111111,0.6489339318277458,0.7166666666666667,0.5951058201058201
real_data2_testing,missingness_mcar,Uniformity_of_Cell_Shape,4,RandomForestRegressor,0.9602868386192144,0.2500000000000001,0.9731787426226203,0.5,0.5828657595735727,0.6333333333333333,0.6933862433862434
real_data2_testing,missingness_mcar,Marginal_Adhesion,0,LinearRegression,0.969645454099725,2.220446049250313e-16,0.6450939465011606,0.5555555555555556,0.6578412119511854,0.7333333333333334,0.48584656084656086
real_data2_testing,missingness_mcar,Marginal_Adhesion,0,RandomForestRegressor,0.8456252584204164,2.220446049250313e-16,0.8146210067937604,0.2777777777777778,0.21659769953710184,0.35,0.4802910052910053
real_data2_testing,missingness_mcar,Marginal_Adhesion,1,LinearRegression,0.882233567238255,2.220446049250313e-16,0.26461145783051354,0.16666666666666666,0.024179408051620166,0.26666666666666666,0.45621693121693124
real_data2_testing,missingness_mcar,Marginal_Adhesion,1,RandomForestRegressor,0.7714214725098698,-0.12499999999999978,-1.7635069177162896,0.05555555555555555,-0.12117758451395705,0.03333333333333333,0.5369047619047619
real_data2_testing,missingness_mcar,Marginal_Adhesion,2,LinearRegression,0.8576139638205166,0.12500000000000022,0.486181819467868,0.2777777777777778,0.07062701641183904,0.38333333333333336,0.646957671957672
real_data2_testing,missingness_mcar,Marginal_Adhesion,2,RandomForestRegressor,0.8181929912017338,2.220446049250313e-16,0.41842184348646005,0.16666666666666666,0.11518095104502742,0.21666666666666667,0.4802910052910053
real_data2_testing,missingness_mcar,Marginal_Adhesion,3,LinearRegression,0.9251346948693584,2.220446049250313e-16,0.42720043029066357,0.5,0.3794010380137467,0.6833333333333333,0.6768518518518518
real_data2_testing,missingness_mcar,Marginal_Adhesion,3,RandomForestRegressor,0.8317809230650826,0.12500000000000022,0.42953042840824895,0.3888888888888889,0.32180179548323756,0.39999999999999997,0.6517195767195768
real_data2_testing,missingness_mcar,Marginal_Adhesion,4,LinearRegression,0.8787334093073708,2.220446049250313e-16,0.7709516632455413,0.3333333333333333,0.13518726329078423,0.5333333333333333,0.4906084656084656
real_data2_testing,missingness_mcar,Marginal_Adhesion,4,RandomForestRegressor,0.8395546262883234,2.220446049250313e-16,0.7927239754230979,0.2222222222222222,0.19092790012624486,0.3,0.4932539682539682
real_data2_testing,missingness_mcar,Single_Epithelial_Cell_Size,0,LinearRegression,0.9304024392525954,0.12500000000000022,0.4152800532454025,0.4444444444444444,0.4035979800813579,0.6333333333333333,0.5728835978835979
real_data2_testing,missingness_mcar,Single_Epithelial_Cell_Size,0,RandomForestRegressor,0.8394835289183997,0.2500000000000001,0.7735212809407903,0.3888888888888889,0.17667274512554348,0.4666666666666666,0.6636243386243386
real_data2_testing,missingness_mcar,Single_Epithelial_Cell_Size,1,LinearRegression,0.9842426393834423,0.2500000000000001,0.34023348017904276,0.7777777777777778,0.8062140552672185,0.9,0.6294973544973544
real_data2_testing,missingness_mcar,Single_Epithelial_Cell_Size,1,RandomForestRegressor,0.9659328153670421,0.12500000000000022,0.5650531841549808,0.611111111111111,0.6482501052040959,0.75,0.5369047619047619
real_data2_testing,missingness_mcar,Single_Epithelial_Cell_Size,2,LinearRegression,0.9185994581611644,0.12500000000000022,0.7689514294907398,0.7222222222222222,0.6154790293168748,0.8166666666666667,0.6294973544973544
real_data2_testing,missingness_mcar,Single_Epithelial_Cell_Size,2,RandomForestRegressor,0.9148783431532057,0.12500000000000022,0.6319786945845969,0.1111111111111111,0.30907209987375517,0.21666666666666667,0.733994708994709
real_data2_testing,missingness_mcar,Single_Epithelial_Cell_Size,3,LinearRegression,0.9667904109185,0.2500000000000001,0.3956697714059315,0.611111111111111,0.6155842334128209,0.8166666666666667,0.5285714285714286
real_data2_testing,missingness_mcar,Single_Epithelial_Cell_Size,3,RandomForestRegressor,0.9818317388062789,0.12500000000000022,0.6787520841633763,0.7222222222222222,0.7730747650441858,0.8666666666666667,0.7247354497354498
real_data2_testing,missingness_mcar,Single_Epithelial_Cell_Size,4,LinearRegression,0.91096081516744,0.12500000000000022,0.5053666200293851,0.5555555555555556,0.44217281526160757,0.7666666666666667,0.9083333333333334
real_data2_testing,missingness_mcar,Single_Epithelial_Cell_Size,4,RandomForestRegressor,0.839787083452025,0.2500000000000001,0.4242971996951669,0.3888888888888889,0.2024477486323468,0.48333333333333334,0.6414021164021164
real_data2_testing,missingness_mcar,Bare_Nuclei,0,LinearRegression,0.9692633942053344,0.12500000000000022,0.028830595556794014,0.5555555555555556,0.6561404124000562,0.75,0.7972222222222222
real_data2_testing,missingness_mcar,Bare_Nuclei,0,RandomForestRegressor,0.9659683844434103,0.12500000000000022,0.9647549839987165,0.5555555555555556,0.6084829569364567,0.7833333333333333,0.6674603174603173
real_data2_testing,missingness_mcar,Bare_Nuclei,1,LinearRegression,0.9217959087242797,2.220446049250313e-16,-0.09541134375584592,0.2777777777777778,0.3775950343666712,0.39999999999999997,0.5369047619047619
real_data2_testing,missingness_mcar,Bare_Nuclei,1,RandomForestRegressor,0.9689857213878434,0.12500000000000022,0.7210597885882539,0.6666666666666666,0.7141604713143499,0.7999999999999999,0.7082010582010582
real_data2_testing,missingness_mcar,Bare_Nuclei,2,LinearRegression,0.9525304734973586,0.12500000000000022,-0.03204376148230326,0.4444444444444444,0.5641920325431338,0.5499999999999999,0.5507936507936508
real_data2_testing,missingness_mcar,Bare_Nuclei,2,RandomForestRegressor,0.9826400341976855,0.12500000000000022,0.8795501562256351,0.7222222222222222,0.7785979800813578,0.8666666666666667,0.7174603174603174
real_data2_testing,missingness_mcar,Bare_Nuclei,3,LinearRegression,0.9376273950086714,2.220446049250313e-16,-0.056228191001297834,0.3888888888888889,0.472085846542292,0.5666666666666667,0.5369047619047619
real_data2_testing,missingness_mcar,Bare_Nuclei,3,RandomForestRegressor,0.9652944721790351,2.220446049250313e-16,0.8835932919933064,0.6666666666666666,0.6532999018095105,0.8166666666666667,0.6691798941798942
real_data2_testing,missingness_mcar,Bare_Nuclei,4,LinearRegression,0.9534412758157431,0.12500000000000022,-0.02891318930666187,0.4444444444444444,0.5789206059755927,0.6166666666666666,0.5137566137566137
real_data2_testing,missingness_mcar,Bare_Nuclei,4,RandomForestRegressor,0.9456770051008816,0.5000000000000001,0.7124505981305824,0.5,0.5777107588722121,0.6333333333333333,0.8785714285714286
real_data2_testing,missingness_mcar,Bland_Chromatin,0,LinearRegression,0.9699662527545461,0.12500000000000022,0.33684954860588934,0.611111111111111,0.6841773039697012,0.7666666666666667,0.5285714285714286
real_data2_testing,missingness_mcar,Bland_Chromatin,0,RandomForestRegressor,0.9641874588758026,2.220446049250313e-16,0.3512794690477312,0.5555555555555556,0.6578412119511854,0.7333333333333334,0.5878306878306878
real_data2_testing,missingness_mcar,Bland_Chromatin,1,LinearRegression,0.9697327414230452,0.12500000000000022,0.3740592271026889,0.5555555555555556,0.6863865899845701,0.7166666666666667,0.5728835978835979
real_data2_testing,missingness_mcar,Bland_Chromatin,1,RandomForestRegressor,0.9819667990357955,0.12500000000000022,0.5877766149154307,0.7222222222222222,0.7758802076027493,0.8666666666666667,0.6563492063492065
real_data2_testing,missingness_mcar,Bland_Chromatin,2,LinearRegression,0.9603504873250011,2.220446049250313e-16,-1.038525311094535,0.4444444444444444,0.5901774442418292,0.6166666666666666,0.5007936507936508
real_data2_testing,missingness_mcar,Bland_Chromatin,2,RandomForestRegressor,0.9767299217606128,2.220446049250313e-16,0.02414021469316019,0.6666666666666666,0.7348506101837565,0.7833333333333333,0.5878306878306878
real_data2_testing,missingness_mcar,Bland_Chromatin,3,LinearRegression,0.9264139300312519,2.220446049250313e-16,-0.3420003289496867,0.4444444444444444,0.44636344508346193,0.6166666666666666,0.47103174603174597
real_data2_testing,missingness_mcar,Bland_Chromatin,3,RandomForestRegressor,0.9588336708899778,0.12500000000000022,-0.05341425359670371,0.5,0.6079569364567261,0.6666666666666667,0.523015873015873
real_data2_testing,missingness_mcar,Bland_Chromatin,4,LinearRegression,0.97826419649539,0.2500000000000001,-0.12957418974669754,0.5,0.7251893673727031,0.6666666666666667,0.7119047619047618
real_data2_testing,missingness_mcar,Bland_Chromatin,4,RandomForestRegressor,0.957775808528678,2.220446049250313e-16,-0.3345544299355885,0.3888888888888889,0.5720122036751297,0.5499999999999999,0.5507936507936508
real_data2_testing,missingness_mcar,Normal_Nucleoli,0,LinearRegression,0.7895644637910204,0.12500000000000022,-8.597974132304943,0.1111111111111111,-0.10380137466685373,0.15,0.7277777777777777
real_data2_testing,missingness_mcar,Normal_Nucleoli,0,RandomForestRegressor,0.943616457211297,0.12500000000000022,-1.9675528371018727,0.3888888888888889,0.577605554776266,0.5166666666666667,0.6211640211640211
real_data2_testing,missingness_mcar,Normal_Nucleoli,1,LinearRegression,0.7562554488552933,2.220446049250313e-16,-2.3265385582842377,-0.1111111111111111,-0.2889255155000702,-0.06666666666666667,0.6424603174603175
real_data2_testing,missingness_mcar,Normal_Nucleoli,1,RandomForestRegressor,0.9876871437792307,0.12500000000000022,-0.6280476388412655,0.6666666666666666,0.8148232571188105,0.7999999999999999,0.5044973544973544
real_data2_testing,missingness_mcar,Normal_Nucleoli,2,LinearRegression,0.766009761333688,2.220446049250313e-16,-0.40633826368167725,0.0,-0.18014448029176613,0.0,0.6414021164021164
real_data2_testing,missingness_mcar,Normal_Nucleoli,2,RandomForestRegressor,0.9374829571702233,0.12500000000000022,-0.01181355639019821,0.5,0.6193014448029177,0.5499999999999999,0.4637566137566138
real_data2_testing,missingness_mcar,Normal_Nucleoli,3,LinearRegression,0.8263418440402053,-0.12499999999999978,-1.7996144100520803,0.0,0.008153317435825532,-0.09999999999999999,0.39325396825396824
real_data2_testing,missingness_mcar,Normal_Nucleoli,3,RandomForestRegressor,0.9545035017127863,-0.12499999999999978,-0.30539833819234374,0.4444444444444444,0.5203745265815682,0.6333333333333333,0.433994708994709
real_data2_testing,missingness_mcar,Normal_Nucleoli,4,LinearRegression,0.8921417483868679,0.12500000000000022,-0.9145087538883965,0.05555555555555555,0.15177444241829144,0.11666666666666665,0.5507936507936508
real_data2_testing,missingness_mcar,Normal_Nucleoli,4,RandomForestRegressor,0.9685050208385354,0.2500000000000001,-1.2509500213246474,0.5555555555555556,0.7356571749193436,0.6333333333333333,0.661904761904762
real_data2_testing,missingness_mcar,Mitoses,0,LinearRegression,0.9149074281555506,2.220446049250313e-16,0.742720623671201,0.4444444444444444,0.4477837003787347,0.5833333333333334,0.660978835978836
real_data2_testing,missingness_mcar,Mitoses,0,RandomForestRegressor,0.9438775118277913,0.3750000000000001,0.5434123748495959,0.4444444444444444,0.5521987656052744,0.6,0.809126984126984
real_data2_testing,missingness_mcar,Mitoses,1,LinearRegression,0.9274440898284474,0.12500000000000022,0.6062493631562957,0.3888888888888889,0.4375263010239865,0.5333333333333333,0.4998677248677248
real_data2_testing,missingness_mcar,Mitoses,1,RandomForestRegressor,0.9449398070793988,0.12500000000000022,0.4134082868544795,0.3888888888888889,0.47476855098891857,0.4666666666666666,0.7035714285714285
real_data2_testing,missingness_mcar,Mitoses,2,LinearRegression,0.9699786461373073,0.12500000000000022,0.7589284245590976,0.5555555555555556,0.6400441857202974,0.75,0.619179894179894
real_data2_testing,missingness_mcar,Mitoses,2,RandomForestRegressor,0.9909541820085612,0.3750000000000001,0.8165543000031782,0.7222222222222222,0.833777528405106,0.8666666666666667,0.7961640211640212
real_data2_testing,missingness_mcar,Mitoses,3,LinearRegression,0.8479110740639236,2.220446049250313e-16,0.5568764072210847,0.2222222222222222,0.10160962266797602,0.3666666666666667,0.4998677248677248
real_data2_testing,missingness_mcar,Mitoses,3,RandomForestRegressor,0.9172326888616177,0.12500000000000022,0.6727107529211371,0.2777777777777778,0.41753752279422085,0.38333333333333336,0.6757936507936507
real_data2_testing,missingness_mcar,Mitoses,4,LinearRegression,0.9860138041722292,0.2500000000000001,-1.6568045366815567,0.611111111111111,0.8028650582129331,0.7333333333333334,0.7747354497354498
real_data2_testing,missingness_mcar,Mitoses,4,RandomForestRegressor,0.9212906153648864,0.12500000000000022,-0.003331267596566434,0.3333333333333333,0.5317365689437508,0.3666666666666667,0.6376984126984127
real_data2_testing,missingness_mcar,Class,0,DecisionTreeClassifier,0.940251438925486,2.220446049250313e-16,-0.875669808894344,0.2222222222222222,0.42018515920886523,0.35,0.5488095238095237
real_data2_testing,missingness_mcar,Class,0,RandomForestClassifier,0.9977083875470836,0.5000000000000001,0.773662970202565,0.8888888888888888,0.9393673727030439,0.9666666666666667,0.9037037037037037
real_data2_testing,missingness_mcar,Class,1,DecisionTreeClassifier,0.9640911710088647,0.3750000000000001,0.9395831326178593,0.8333333333333334,0.7393042502454763,0.9333333333333332,0.7961640211640212
real_data2_testing,missingness_mcar,Class,1,RandomForestClassifier,0.9987945497114182,0.75,0.9709391305500531,0.9444444444444445,0.9675971384485903,0.9833333333333333,0.9592592592592593
real_data2_testing,missingness_mcar,Class,2,DecisionTreeClassifier,0.9217769518519385,0.2500000000000001,0.9259225191706345,0.611111111111111,0.4520970683125264,0.7333333333333334,0.7802910052910054
real_data2_testing,missingness_mcar,Class,2,RandomForestClassifier,1.0,1.0,0.885950653291986,1.0,1.0,1.0,1.0
real_data2_testing,missingness_mcar,Class,3,DecisionTreeClassifier,0.9593882950301059,0.3750000000000001,0.9855569232325214,0.6666666666666666,0.6752349558142797,0.7833333333333333,0.8785714285714286
real_data2_testing,missingness_mcar,Class,3,RandomForestClassifier,0.9964377306781766,0.3750000000000001,0.765676780003276,0.8333333333333334,0.9155211109552532,0.9333333333333332,0.8007936507936507
real_data2_testing,missingness_mcar,Class,4,DecisionTreeClassifier,0.8633716375918727,0.12500000000000022,0.9435552917844686,0.2777777777777778,0.17651493898162446,0.3666666666666667,0.49880952380952376
real_data2_testing,missingness_mcar,Class,4,RandomForestClassifier,0.99084897346156,0.2500000000000001,0.8854542065279737,0.7777777777777778,0.862498246598401,0.9,0.5693121693121692
real_data_testing,mean_variance_drift,Age,0,LinearRegression,0.9999999999999997,1.0,1.0,0.9999999999999998,1.0,1.0,1.0
real_data_testing,mean_variance_drift,Age,0,RandomForestRegressor,0.9997762464706393,0.8333333333333333,0.9999662631727774,0.9743589743589742,0.989994703283528,0.9945054945054945,0.9631562881562881
real_data_testing,mean_variance_drift,Age,1,LinearRegression,0.9999999999999997,1.0,1.0,0.9999999999999998,1.0,1.0,1.0
real_data_testing,mean_variance_drift,Age,1,RandomForestRegressor,0.9999999999999997,1.0,0.9999329750330589,0.9999999999999998,1.0,1.0,1.0
real_data_testing,mean_variance_drift,Age,2,LinearRegression,0.9999999999999997,1.0,1.0,0.9999999999999998,1.0,1.0,1.0
real_data_testing,mean_variance_drift,Age,2,RandomForestRegressor,0.9999999999999997,1.0,0.9999339114737956,0.9999999999999998,1.0,1.0,1.0
real_data_testing,mean_variance_drift,Age,3,LinearRegression,0.9999999999999997,1.0,1.0,0.9999999999999998,1.0,1.0,1.0
real_data_testing,mean_variance_drift,Age,3,RandomForestRegressor,0.9999999999999997,1.0,0.9999351203721761,0.9999999999999998,1.0,1.0,1.0
real_data_testing,mean_variance_drift,Age,4,LinearRegression,0.9999999999999997,1.0,1.0,0.9999999999999998,1.0,1.0,1.0
real_data_testing,mean_variance_drift,Age,4,RandomForestRegressor,0.9971056767586534,0.8333333333333333,0.9998792185723824,0.9743589743589742,0.9563260857614315,0.9945054945054945,0.9653846153846154
real_data_testing,mean_variance_drift,trestbps,0,LinearRegression,0.9999999999999997,1.0,1.0,0.9999999999999998,1.0,1.0,1.0
real_data_testing,mean_variance_drift,trestbps,0,RandomForestRegressor,0.9999999999999997,1.0,0.9995332194608172,0.9999999999999998,1.0,1.0,1.0
real_data_testing,mean_variance_drift,trestbps,1,LinearRegression,0.9999999999999997,1.0,1.0,0.9999999999999998,1.0,1.0,1.0
real_data_testing,mean_variance_drift,trestbps,1,RandomForestRegressor,0.9999999999999997,1.0,0.9997062358144628,0.9999999999999998,1.0,1.0,1.0
real_data_testing,mean_variance_drift,trestbps,2,LinearRegression,0.9999999999999997,1.0,1.0,0.9999999999999998,1.0,1.0,1.0
real_data_testing,mean_variance_drift,trestbps,2,RandomForestRegressor,0.9971056767586534,0.8333333333333333,0.9996929752283058,0.9743589743589742,0.9563260857614315,0.9945054945054945,0.8397435897435896
real_data_testing,mean_variance_drift,trestbps,3,LinearRegression,0.9999999999999997,1.0,1.0,0.9999999999999998,1.0,1.0,1.0
real_data_testing,mean_variance_drift,trestbps,3,RandomForestRegressor,0.9969379233116986,0.6666666666666666,0.9996921438278842,0.9487179487179485,0.9479272561001681,0.989010989010989,0.9506993006993008
real_data_testing,mean_variance_drift,trestbps,4,LinearRegression,0.9999999999999997,1.0,1.0,0.9999999999999998,1.0,1.0,1.0
real_data_testing,mean_variance_drift,trestbps,4,RandomForestRegressor,0.9985255877910915,0.6666666666666666,0.9993218810162587,0.9487179487179485,0.9601943467368474,0.989010989010989,0.8684981684981685
real_data_testing,mean_variance_drift,chol,0,LinearRegression,0.9999999999999997,1.0,1.0,0.9999999999999998,1.0,1.0,1.0
real_data_testing,mean_variance_drift,chol,0,RandomForestRegressor,0.998890906107274,0.75,0.9997644324822395,0.9487179487179485,0.9734836949265835,0.9835164835164836,0.7909340659340659
real_data_testing,mean_variance_drift,chol,1,LinearRegression,0.9999999999999997,1.0,1.0,0.9999999999999998,1.0,1.0,1.0
real_data_testing,mean_variance_drift,chol,1,RandomForestRegressor,0.9999999999999997,1.0,0.9986806215113528,0.9999999999999998,1.0,1.0,1.0
real_data_testing,mean_variance_drift,chol,2,LinearRegression,0.9999999999999997,1.0,1.0,0.9999999999999998,1.0,1.0,1.0
real_data_testing,mean_variance_drift,chol,2,RandomForestRegressor,0.9984675412298182,0.8333333333333333,0.999187916850997,0.9743589743589742,0.9694282600330022,0.9945054945054945,0.9665750915750915
real_data_testing,mean_variance_drift,chol,3,LinearRegression,0.9999999999999997,1.0,1.0,0.9999999999999998,1.0,1.0,1.0
real_data_testing,mean_variance_drift,chol,3,RandomForestRegressor,0.9999999999999997,1.0,0.9991981935222359,0.9999999999999998,1.0,1.0,1.0
real_data_testing,mean_variance_drift,chol,4,LinearRegression,0.9999999999999997,1.0,1.0,0.9999999999999998,1.0,1.0,1.0
real_data_testing,mean_variance_drift,chol,4,RandomForestRegressor,0.9996809036084072,0.8333333333333333,0.9991218211754187,0.9743589743589742,0.9876257242990725,0.9945054945054945,0.8005494505494505
real_data_testing,mean_variance_drift,thalach,0,LinearRegression,0.9999999999999997,1.0,1.0,0.9999999999999998,1.0,1.0,1.0
real_data_testing,mean_variance_drift,thalach,0,RandomForestRegressor,0.9984675412298182,0.8333333333333333,0.9998819679285751,0.9743589743589742,0.9694282600330022,0.9945054945054945,0.9525641025641025
real_data_testing,mean_variance_drift,thalach,1,LinearRegression,0.9999999999999997,1.0,1.0,0.9999999999999998,1.0,1.0,1.0
real_data_testing,mean_variance_drift,thalach,1,RandomForestRegressor,0.9999999999999997,1.0,0.9995946774150833,0.9999999999999998,1.0,1.0,1.0
real_data_testing,mean_variance_drift,thalach,2,LinearRegression,0.9999999999999997,1.0,1.0,0.9999999999999998,1.0,1.0,1.0
real_data_testing,mean_variance_drift,thalach,2,RandomForestRegressor,0.9988388080174381,0.6666666666666666,0.9997423204122174,0.9487179487179485,0.9672842678794724,0.989010989010989,0.8538461538461538
real_data_testing,mean_variance_drift,thalach,3,LinearRegression,0.9999999999999997,1.0,1.0,0.9999999999999998,1.0,1.0,1.0
real_data_testing,mean_variance_drift,thalach,3,RandomForestRegressor,0.9915222646223149,0.6666666666666666,0.9998067479282831,0.9487179487179485,0.9090126786696489,0.989010989010989,0.7541486291486291
real_data_testing,mean_variance_drift,thalach,4,LinearRegression,0.9999999999999997,1.0,1.0,0.9999999999999998,1.0,1.0,1.0
real_data_testing,mean_variance_drift,thalach,4,RandomForestRegressor,0.9981484448382254,0.6666666666666666,0.9997256198621621,0.9487179487179485,0.9570539843320743,0.989010989010989,0.8124236874236874
real_data_testing,mean_variance_drift,oldpeak,0,LinearRegression,0.9999999999999997,1.0,1.0,0.9999999999999998,1.0,1.0,1.0
real_data_testing,mean_variance_drift,oldpeak,0,RandomForestRegressor,0.9999999999999997,1.0,0.9999162425851684,0.9999999999999998,1.0,1.0,1.0
real_data_testing,mean_variance_drift,oldpeak,1,LinearRegression,0.9999999999999997,1.0,1.0,0.9999999999999998,1.0,1.0,1.0
real_data_testing,mean_variance_drift,oldpeak,1,RandomForestRegressor,0.9918413610139073,0.8333333333333333,0.9998282915477281,0.9743589743589742,0.9213869543705766,0.9945054945054945,0.9551282051282051
real_data_testing,mean_variance_drift,oldpeak,2,LinearRegression,0.9999999999999997,1.0,1.0,0.9999999999999998,1.0,1.0,1.0
real_data_testing,mean_variance_drift,oldpeak,2,RandomForestRegressor,0.9994571500790469,0.6666666666666666,0.9997963079788389,0.9487179487179485,0.9776204275826003,0.989010989010989,0.9858974358974358
real_data_testing,mean_variance_drift,oldpeak,3,LinearRegression,0.9999999999999997,1.0,1.0,0.9999999999999998,1.0,1.0,1.0
real_data_testing,mean_variance_drift,oldpeak,3,RandomForestRegressor,0.9968411756289991,0.6666666666666666,0.9998781968953051,0.9487179487179485,0.9452620274876606,0.989010989010989,0.8327505827505827
real_data_testing,mean_variance_drift,oldpeak,4,LinearRegression,0.9999999999999997,1.0,1.0,0.9999999999999998,1.0,1.0,1.0
real_data_testing,mean_variance_drift,oldpeak,4,RandomForestRegressor,0.9999999999999997,1.0,0.9998167397344151,0.9999999999999998,1.0,1.0,1.0
real_data_testing,mean_variance_drift,sex,0,DecisionTreeClassifier,0.9999999999999997,1.0,1.0,0.9999999999999998,1.0,1.0,1.0
real_data_testing,mean_variance_drift,sex,0,RandomForestClassifier,0.9999999999999997,1.0,1.0,0.9999999999999998,1.0,1.0,1.0
real_data_testing,mean_variance_drift,sex,1,DecisionTreeClassifier,0.9999999999999997,1.0,1.0,0.9999999999999998,1.0,1.0,1.0
real_data_testing,mean_variance_drift,sex,1,RandomForestClassifier,0.9999999999999997,1.0,1.0,0.9999999999999998,1.0,1.0,1.0
real_data_testing,mean_variance_drift,sex,2,DecisionTreeClassifier,0.9999999999999997,1.0,1.0,0.9999999999999998,1.0,1.0,1.0
real_data_testing,mean_variance_drift,sex,2,RandomForestClassifier,0.9999999999999997,1.0,1.0,0.9999999999999998,1.0,1.0,1.0
real_data_testing,mean_variance_drift,sex,3,DecisionTreeClassifier,0.9999999999999997,1.0,1.0,0.9999999999999998,1.0,1.0,1.0
real_data_testing,mean_variance_drift,sex,3,RandomForestClassifier,0.9999999999999997,1.0,1.0,0.9999999999999998,1.0,1.0,1.0
real_data_testing,mean_variance_drift,sex,4,DecisionTreeClassifier,0.9999999999999997,1.0,1.0,0.9999999999999998,1.0,1.0,1.0
real_data_testing,mean_variance_drift,sex,4,RandomForestClassifier,0.9999999999999997,1.0,1.0,0.9999999999999998,1.0,1.0,1.0
real_data_testing,mean_variance_drift,cp,0,DecisionTreeClassifier,0.9999999999999997,1.0,1.0,0.9999999999999998,1.0,1.0,1.0
real_data_testing,mean_variance_drift,cp,0,RandomForestClassifier,0.9999999999999997,1.0,1.0,0.9999999999999998,1.0,1.0,1.0
real_data_testing,mean_variance_drift,cp,1,DecisionTreeClassifier,0.9999999999999997,1.0,1.0,0.9999999999999998,1.0,1.0,1.0
real_data_testing,mean_variance_drift,cp,1,RandomForestClassifier,0.9999999999999997,1.0,1.0,0.9999999999999998,1.0,1.0,1.0
real_data_testing,mean_variance_drift,cp,2,DecisionTreeClassifier,0.9999999999999997,1.0,1.0,0.9999999999999998,1.0,1.0,1.0
real_data_testing,mean_variance_drift,cp,2,RandomForestClassifier,0.9999999999999997,1.0,1.0,0.9999999999999998,1.0,1.0,1.0
real_data_testing,mean_variance_drift,cp,3,DecisionTreeClassifier,0.9999999999999997,1.0,1.0,0.9999999999999998,1.0,1.0,1.0
real_data_testing,mean_variance_drift,cp,3,RandomForestClassifier,0.9999999999999997,1.0,1.0,0.9999999999999998,1.0,1.0,1.0
real_data_testing,mean_variance_drift,cp,4,DecisionTreeClassifier,0.9999999999999997,1.0,1.0,0.9999999999999998,1.0,1.0,1.0
real_data_testing,mean_variance_drift,cp,4,RandomForestClassifier,0.9999999999999997,1.0,1.0,0.9999999999999998,1.0,1.0,1.0
real_data_testing,mean_variance_drift,fbs,0,DecisionTreeClassifier,0.9999999999999997,1.0,1.0,0.9999999999999998,1.0,1.0,1.0
real_data_testing,mean_variance_drift,fbs,0,RandomForestClassifier,0.9999999999999997,1.0,1.0,0.9999999999999998,1.0,1.0,1.0
real_data_testing,mean_variance_drift,fbs,1,DecisionTreeClassifier,0.9999999999999997,1.0,1.0,0.9999999999999998,1.0,1.0,1.0
real_data_testing,mean_variance_drift,fbs,1,RandomForestClassifier,0.9999999999999997,1.0,1.0,0.9999999999999998,1.0,1.0,1.0
real_data_testing,mean_variance_drift,fbs,2,DecisionTreeClassifier,0.9999999999999997,1.0,1.0,0.9999999999999998,1.0,1.0,1.0
real_data_testing,mean_variance_drift,fbs,2,RandomForestClassifier,0.9999999999999997,1.0,1.0,0.9999999999999998,1.0,1.0,1.0
real_data_testing,mean_variance_drift,fbs,3,DecisionTreeClassifier,0.9999999999999997,1.0,1.0,0.9999999999999998,1.0,1.0,1.0
real_data_testing,mean_variance_drift,fbs,3,RandomForestClassifier,0.9999999999999997,1.0,1.0,0.9999999999999998,1.0,1.0,1.0
real_data_testing,mean_variance_drift,fbs,4,DecisionTreeClassifier,0.9999999999999997,1.0,1.0,0.9999999999999998,1.0,1.0,1.0
real_data_testing,mean_variance_drift,fbs,4,RandomForestClassifier,0.9999999999999997,1.0,1.0,0.9999999999999998,1.0,1.0,1.0
real_data_testing,mean_variance_drift,restecg,0,DecisionTreeClassifier,0.9999999999999997,1.0,1.0,0.9999999999999998,1.0,1.0,1.0
real_data_testing,mean_variance_drift,restecg,0,RandomForestClassifier,0.9999999999999997,1.0,1.0,0.9999999999999998,1.0,1.0,1.0
real_data_testing,mean_variance_drift,restecg,1,DecisionTreeClassifier,0.9999999999999997,1.0,1.0,0.9999999999999998,1.0,1.0,1.0
real_data_testing,mean_variance_drift,restecg,1,RandomForestClassifier,0.9999999999999997,1.0,1.0,0.9999999999999998,1.0,1.0,1.0
real_data_testing,mean_variance_drift,restecg,2,DecisionTreeClassifier,0.9999999999999997,1.0,1.0,0.9999999999999998,1.0,1.0,1.0
real_data_testing,mean_variance_drift,restecg,2,RandomForestClassifier,0.9999999999999997,1.0,1.0,0.9999999999999998,1.0,1.0,1.0
real_data_testing,mean_variance_drift,restecg,3,DecisionTreeClassifier,0.9999999999999997,1.0,1.0,0.9999999999999998,1.0,1.0,1.0
real_data_testing,mean_variance_drift,restecg,3,RandomForestClassifier,0.9999999999999997,1.0,1.0,0.9999999999999998,1.0,1.0,1.0
real_data_testing,mean_variance_drift,restecg,4,DecisionTreeClassifier,0.9999999999999997,1.0,1.0,0.9999999999999998,1.0,1.0,1.0
real_data_testing,mean_variance_drift,restecg,4,RandomForestClassifier,0.9999999999999997,1.0,1.0,0.9999999999999998,1.0,1.0,1.0
real_data_testing,mean_variance_drift,exang,0,DecisionTreeClassifier,0.9999999999999997,1.0,1.0,0.9999999999999998,1.0,1.0,1.0
real_data_testing,mean_variance_drift,exang,0,RandomForestClassifier,0.9999999999999997,1.0,1.0,0.9999999999999998,1.0,1.0,1.0
real_data_testing,mean_variance_drift,exang,1,DecisionTreeClassifier,0.9999999999999997,1.0,1.0,0.9999999999999998,1.0,1.0,1.0
real_data_testing,mean_variance_drift,exang,1,RandomForestClassifier,0.9999999999999997,1.0,1.0,0.9999999999999998,1.0,1.0,1.0
real_data_testing,mean_variance_drift,exang,2,DecisionTreeClassifier,0.9999999999999997,1.0,1.0,0.9999999999999998,1.0,1.0,1.0
real_data_testing,mean_variance_drift,exang,2,RandomForestClassifier,0.9999999999999997,1.0,1.0,0.9999999999999998,1.0,1.0,1.0
real_data_testing,mean_variance_drift,exang,3,DecisionTreeClassifier,0.9999999999999997,1.0,1.0,0.9999999999999998,1.0,1.0,1.0
real_data_testing,mean_variance_drift,exang,3,RandomForestClassifier,0.9999999999999997,1.0,1.0,0.9999999999999998,1.0,1.0,1.0
real_data_testing,mean_variance_drift,exang,4,DecisionTreeClassifier,0.9999999999999997,1.0,1.0,0.9999999999999998,1.0,1.0,1.0
real_data_testing,mean_variance_drift,exang,4,RandomForestClassifier,0.9999999999999997,1.0,1.0,0.9999999999999998,1.0,1.0,1.0
real_data_testing,mean_variance_drift,slope,0,DecisionTreeClassifier,0.9999999999999997,1.0,1.0,0.9999999999999998,1.0,1.0,1.0
real_data_testing,mean_variance_drift,slope,0,RandomForestClassifier,0.9999999999999997,1.0,1.0,0.9999999999999998,1.0,1.0,1.0
real_data_testing,mean_variance_drift,slope,1,DecisionTreeClassifier,0.9999999999999997,1.0,1.0,0.9999999999999998,1.0,1.0,1.0
real_data_testing,mean_variance_drift,slope,1,RandomForestClassifier,0.9999999999999997,1.0,1.0,0.9999999999999998,1.0,1.0,1.0
real_data_testing,mean_variance_drift,slope,2,DecisionTreeClassifier,0.9999999999999997,1.0,1.0,0.9999999999999998,1.0,1.0,1.0
real_data_testing,mean_variance_drift,slope,2,RandomForestClassifier,0.9999999999999997,1.0,1.0,0.9999999999999998,1.0,1.0,1.0
real_data_testing,mean_variance_drift,slope,3,DecisionTreeClassifier,0.9999999999999997,1.0,1.0,0.9999999999999998,1.0,1.0,1.0
real_data_testing,mean_variance_drift,slope,3,RandomForestClassifier,0.9999999999999997,1.0,1.0,0.9999999999999998,1.0,1.0,1.0
real_data_testing,mean_variance_drift,slope,4,DecisionTreeClassifier,0.9999999999999997,1.0,1.0,0.9999999999999998,1.0,1.0,1.0
real_data_testing,mean_variance_drift,slope,4,RandomForestClassifier,0.9999999999999997,1.0,1.0,0.9999999999999998,1.0,1.0,1.0
real_data_testing,mean_variance_drift,ca,0,DecisionTreeClassifier,0.9999999999999997,1.0,1.0,0.9999999999999998,1.0,1.0,1.0
real_data_testing,mean_variance_drift,ca,0,RandomForestClassifier,0.9999999999999997,1.0,1.0,0.9999999999999998,1.0,1.0,1.0
real_data_testing,mean_variance_drift,ca,1,DecisionTreeClassifier,0.9999999999999997,1.0,1.0,0.9999999999999998,1.0,1.0,1.0
real_data_testing,mean_variance_drift,ca,1,RandomForestClassifier,0.9999999999999997,1.0,1.0,0.9999999999999998,1.0,1.0,1.0
real_data_testing,mean_variance_drift,ca,2,DecisionTreeClassifier,0.9999999999999997,1.0,1.0,0.9999999999999998,1.0,1.0,1.0
real_data_testing,mean_variance_drift,ca,2,RandomForestClassifier,0.9999999999999997,1.0,1.0,0.9999999999999998,1.0,1.0,1.0
real_data_testing,mean_variance_drift,ca,3,DecisionTreeClassifier,0.9999999999999997,1.0,1.0,0.9999999999999998,1.0,1.0,1.0
real_data_testing,mean_variance_drift,ca,3,RandomForestClassifier,0.9999999999999997,1.0,1.0,0.9999999999999998,1.0,1.0,1.0
real_data_testing,mean_variance_drift,ca,4,DecisionTreeClassifier,0.9999999999999997,1.0,1.0,0.9999999999999998,1.0,1.0,1.0
real_data_testing,mean_variance_drift,ca,4,RandomForestClassifier,0.9999999999999997,1.0,1.0,0.9999999999999998,1.0,1.0,1.0
real_data_testing,mean_variance_drift,thal,0,DecisionTreeClassifier,0.9999999999999997,1.0,1.0,0.9999999999999998,1.0,1.0,1.0
real_data_testing,mean_variance_drift,thal,0,RandomForestClassifier,0.9999999999999997,1.0,1.0,0.9999999999999998,1.0,1.0,1.0
real_data_testing,mean_variance_drift,thal,1,DecisionTreeClassifier,0.9999999999999997,1.0,1.0,0.9999999999999998,1.0,1.0,1.0
real_data_testing,mean_variance_drift,thal,1,RandomForestClassifier,0.9999999999999997,1.0,1.0,0.9999999999999998,1.0,1.0,1.0
real_data_testing,mean_variance_drift,thal,2,DecisionTreeClassifier,0.9999999999999997,1.0,1.0,0.9999999999999998,1.0,1.0,1.0
real_data_testing,mean_variance_drift,thal,2,RandomForestClassifier,0.9999999999999997,1.0,1.0,0.9999999999999998,1.0,1.0,1.0
real_data_testing,mean_variance_drift,thal,3,DecisionTreeClassifier,0.9999999999999997,1.0,1.0,0.9999999999999998,1.0,1.0,1.0
real_data_testing,mean_variance_drift,thal,3,RandomForestClassifier,0.9999999999999997,1.0,1.0,0.9999999999999998,1.0,1.0,1.0
real_data_testing,mean_variance_drift,thal,4,DecisionTreeClassifier,0.9999999999999997,1.0,1.0,0.9999999999999998,1.0,1.0,1.0
real_data_testing,mean_variance_drift,thal,4,RandomForestClassifier,0.9999999999999997,1.0,1.0,0.9999999999999998,1.0,1.0,1.0
real_data_testing,mean_variance_drift,num,0,DecisionTreeClassifier,0.9999999999999997,1.0,1.0,0.9999999999999998,1.0,1.0,1.0
real_data_testing,mean_variance_drift,num,0,RandomForestClassifier,0.9999999999999997,1.0,1.0,0.9999999999999998,1.0,1.0,1.0
real_data_testing,mean_variance_drift,num,1,DecisionTreeClassifier,0.9999999999999997,1.0,1.0,0.9999999999999998,1.0,1.0,1.0
real_data_testing,mean_variance_drift,num,1,RandomForestClassifier,0.9999999999999997,1.0,1.0,0.9999999999999998,1.0,1.0,1.0
real_data_testing,mean_variance_drift,num,2,DecisionTreeClassifier,0.9999999999999997,1.0,1.0,0.9999999999999998,1.0,1.0,1.0
real_data_testing,mean_variance_drift,num,2,RandomForestClassifier,0.9999999999999997,1.0,1.0,0.9999999999999998,1.0,1.0,1.0
real_data_testing,mean_variance_drift,num,3,DecisionTreeClassifier,0.9999999999999997,1.0,1.0,0.9999999999999998,1.0,1.0,1.0
real_data_testing,mean_variance_drift,num,3,RandomForestClassifier,0.9999999999999997,1.0,1.0,0.9999999999999998,1.0,1.0,1.0
real_data_testing,mean_variance_drift,num,4,DecisionTreeClassifier,0.9999999999999997,1.0,1.0,0.9999999999999998,1.0,1.0,1.0
real_data_testing,mean_variance_drift,num,4,RandomForestClassifier,0.9999999999999997,1.0,1.0,0.9999999999999998,1.0,1.0,1.0
real_data_testing,noise_injection,Age,0,LinearRegression,0.9903089022437255,0.6666666666666666,0.9994936233456299,0.9487179487179485,0.8908152144035786,0.989010989010989,0.8785076035076034
real_data_testing,noise_injection,Age,0,RandomForestRegressor,0.9954249040449046,0.41666666666666663,0.9687984173226594,0.8974358974358972,0.9116198790044965,0.9725274725274725,0.7933427683427682
real_data_testing,noise_injection,Age,1,LinearRegression,0.9960332282446971,0.4999999999999999,0.9991333799009253,0.9230769230769229,0.9230715196340642,0.9835164835164836,0.6523171273171274
real_data_testing,noise_injection,Age,1,RandomForestRegressor,0.9670511241650405,0.33333333333333326,0.9393268280635374,0.8205128205128204,0.7068421593034746,0.9395604395604396,0.8818043068043067
real_data_testing,noise_injection,Age,2,LinearRegression,0.9974709950748359,0.4999999999999999,0.9991066189585557,0.9230769230769229,0.937837462067104,0.9835164835164836,0.6438006438006438
real_data_testing,noise_injection,Age,2,RandomForestRegressor,0.9919668865587496,0.4999999999999999,0.9575288779444828,0.8974358974358972,0.9024483570143972,0.967032967032967,0.9151376401376401
real_data_testing,noise_injection,Age,3,LinearRegression,0.9964282269952637,0.6666666666666666,0.999073689880643,0.9487179487179485,0.9371095634964612,0.989010989010989,0.7933427683427682
real_data_testing,noise_injection,Age,3,RandomForestRegressor,0.9900062764672455,0.33333333333333326,0.9190467415329456,0.846153846153846,0.8657622690539996,0.9395604395604396,0.8836358086358085
real_data_testing,noise_injection,Age,4,LinearRegression,0.9926788947471252,0.75,0.9985471631524857,0.9487179487179485,0.923570650082505,0.9835164835164836,0.8766761016761015
real_data_testing,noise_injection,Age,4,RandomForestRegressor,0.9942855452205147,0.5833333333333333,0.9278642982329559,0.8717948717948716,0.8967707481633833,0.9615384615384615,0.8087273837273835
real_data_testing,noise_injection,trestbps,0,LinearRegression,0.9990987967072495,0.6666666666666666,0.9955158448207431,0.9487179487179485,0.9707781810185577,0.989010989010989,0.9593684093684092
real_data_testing,noise_injection,trestbps,0,RandomForestRegressor,0.9866747397664857,0.41666666666666663,0.8443581575211871,0.8717948717948716,0.8768792654056352,0.9505494505494506,0.9127872127872126
real_data_testing,noise_injection,trestbps,1,LinearRegression,0.9994943523164646,0.8333333333333333,0.9984355981786419,0.9743589743589742,0.9837782604256746,0.9945054945054945,0.8884615384615385
real_data_testing,noise_injection,trestbps,1,RandomForestRegressor,0.9899365505268517,0.33333333333333326,0.8670827157201847,0.846153846153846,0.8593870119625514,0.9615384615384615,0.7250582750582749
real_data_testing,noise_injection,trestbps,2,LinearRegression,0.9998075725428109,0.8333333333333333,0.9968968377481435,0.9743589743589742,0.9908681815682993,0.9945054945054945,0.9615384615384616
real_data_testing,noise_injection,trestbps,2,RandomForestRegressor,0.9795897847138184,0.2499999999999999,0.8851119496618642,0.7948717948717947,0.7700426616916509,0.9285714285714285,0.6357725607725608
real_data_testing,noise_injection,trestbps,3,LinearRegression,0.9918413610139073,0.8333333333333333,0.9961929397528098,0.9743589743589742,0.9213869543705766,0.9945054945054945,0.9349511599511598
real_data_testing,noise_injection,trestbps,3,RandomForestRegressor,0.9920702863033869,0.4999999999999999,0.7886907239204017,0.8974358974358972,0.9043938313759334,0.967032967032967,0.8109557109557108
real_data_testing,noise_injection,trestbps,4,LinearRegression,0.9859998773334817,0.4999999999999999,0.996570195465036,0.846153846153846,0.8401326767848205,0.9340659340659341,0.7116272616272615
real_data_testing,noise_injection,trestbps,4,RandomForestRegressor,0.9988857438727262,0.5833333333333333,0.8845893704544182,0.9230769230769229,0.9646014417191031,0.9780219780219779,0.9135198135198135
real_data_testing,noise_injection,chol,0,LinearRegression,0.9983793822584929,0.6666666666666666,0.9639839368096165,0.8974358974358972,0.9511457167132203,0.9725274725274725,0.8746031746031746
real_data_testing,noise_injection,chol,0,RandomForestRegressor,0.995960322675797,0.16666666666666652,0.9410194066220673,0.846153846153846,0.9118423934526652,0.9560439560439561,0.6641275391275392
real_data_testing,noise_injection,chol,1,LinearRegression,0.9990312354746269,0.8333333333333333,0.9925609677516953,0.9743589743589742,0.976416086311173,0.9945054945054945,0.9631562881562881
real_data_testing,noise_injection,chol,1,RandomForestRegressor,0.9957985644873084,0.5833333333333333,0.9443616563315245,0.9230769230769229,0.9365720383981404,0.9780219780219779,0.8865967365967365
real_data_testing,noise_injection,chol,2,LinearRegression,0.9990312354746269,0.8333333333333333,0.9903860568201365,0.9743589743589742,0.976416086311173,0.9945054945054945,0.8766761016761015
real_data_testing,noise_injection,chol,2,RandomForestRegressor,0.9999999999999997,1.0,0.9789553794258952,0.9999999999999998,1.0,1.0,1.0
real_data_testing,noise_injection,chol,3,LinearRegression,0.9975900986880576,0.5833333333333333,0.9972286026536376,0.8717948717948716,0.935277527873207,0.9615384615384615,0.8246614496614496
real_data_testing,noise_injection,chol,3,RandomForestRegressor,0.9998322465530449,0.8333333333333333,0.9510537051185315,0.9743589743589742,0.9916011703387371,0.9945054945054945,0.9853146853146852
real_data_testing,noise_injection,chol,4,LinearRegression,0.9991547967896555,0.6666666666666666,0.9840950630938804,0.9487179487179485,0.9723846480737668,0.989010989010989,0.6836691086691087
real_data_testing,noise_injection,chol,4,RandomForestRegressor,0.9979963022081498,0.41666666666666663,0.92570286710728,0.8974358974358972,0.9432012237422045,0.9725274725274725,0.9115051615051613
real_data_testing,noise_injection,thalach,0,LinearRegression,0.9958178158416878,0.4999999999999999,0.9996701135796777,0.9230769230769229,0.9203678963716766,0.9835164835164836,0.8020118770118769
real_data_testing,noise_injection,thalach,0,RandomForestRegressor,0.9893323929256951,0.4999999999999999,0.9506944716205357,0.8717948717948716,0.8591582438403493,0.967032967032967,0.8620879120879121
real_data_testing,noise_injection,thalach,1,LinearRegression,0.9999999999999997,1.0,0.9992709837573281,0.9999999999999998,1.0,1.0,1.0
real_data_testing,noise_injection,thalach,1,RandomForestRegressor,0.99558631751967,0.4999999999999999,0.9546700906732195,0.8974358974358972,0.9226309992004025,0.9615384615384615,0.9119325119325118
real_data_testing,noise_injection,thalach,2,LinearRegression,0.9984675412298182,0.8333333333333333,0.9988801990130379,0.9743589743589742,0.9694282600330022,0.9945054945054945,0.9525641025641025
real_data_testing,noise_injection,thalach,2,RandomForestRegressor,0.9950386130989324,0.33333333333333326,0.9620358099498272,0.8717948717948716,0.9134197736519043,0.9615384615384615,0.7837856587856588
real_data_testing,noise_injection,thalach,3,LinearRegression,0.9996809036084072,0.8333333333333333,0.9987694765678011,0.9743589743589742,0.9876257242990725,0.9945054945054945,0.9930069930069929
real_data_testing,noise_injection,thalach,3,RandomForestRegressor,0.9813020188867148,0.2499999999999999,0.9481513834130363,0.7948717948717947,0.7757940057225482,0.9285714285714285,0.7140692640692641
real_data_testing,noise_injection,thalach,4,LinearRegression,0.9926788947471252,0.75,0.999316677554829,0.9487179487179485,0.923570650082505,0.9835164835164836,0.9497530247530246
real_data_testing,noise_injection,thalach,4,RandomForestRegressor,0.9953844685343586,0.41666666666666663,0.9080840120781255,0.8717948717948716,0.9135852051452322,0.9560439560439561,0.582106782106782
real_data_testing,noise_injection,oldpeak,0,LinearRegression,0.9915222646223149,0.6666666666666666,0.9994566670570685,0.9487179487179485,0.9090126786696489,0.989010989010989,0.7752442002442002
real_data_testing,noise_injection,oldpeak,0,RandomForestRegressor,0.9916736075669524,0.6666666666666666,0.9914052104508361,0.9487179487179485,0.9129881247093135,0.989010989010989,0.9217032967032966
real_data_testing,noise_injection,oldpeak,1,LinearRegression,0.985733618139622,0.5833333333333333,0.9998447138125224,0.9230769230769229,0.8566039815833664,0.9780219780219779,0.7420607170607171
real_data_testing,noise_injection,oldpeak,1,RandomForestRegressor,0.9993225502366102,0.8333333333333333,0.9921394912977575,0.9743589743589742,0.9807834777350299,0.9945054945054945,0.9230769230769231
real_data_testing,noise_injection,oldpeak,2,LinearRegression,0.9905535000969418,0.4999999999999999,0.999638267067606,0.9230769230769229,0.8854287649808218,0.9835164835164836,0.7878510378510378
real_data_testing,noise_injection,oldpeak,2,RandomForestRegressor,0.9977569378619101,0.33333333333333326,0.991792068338051,0.8974358974358972,0.938649857954339,0.9780219780219779,0.8114468864468865
real_data_testing,noise_injection,oldpeak,3,LinearRegression,0.9990580491069556,0.6666666666666666,0.9993813852807542,0.9487179487179485,0.9697194194612591,0.989010989010989,0.7455433455433457
real_data_testing,noise_injection,oldpeak,3,RandomForestRegressor,0.9996809036084072,0.8333333333333333,0.9926022141186557,0.9743589743589742,0.9876257242990725,0.9945054945054945,0.9853146853146852
real_data_testing,noise_injection,oldpeak,4,LinearRegression,0.9944919057253551,0.6666666666666666,0.999712812326164,0.8974358974358972,0.9016713016571655,0.9725274725274725,0.7631562881562881
real_data_testing,noise_injection,oldpeak,4,RandomForestRegressor,0.9963936685702778,0.5833333333333333,0.9914289160719946,0.9230769230769229,0.9352037926933237,0.9780219780219779,0.9673659673659672
real_data_testing,noise_injection,sex,0,DecisionTreeClassifier,0.9547729192446776,0.16666666666666652,0.7598228475680164,0.6923076923076922,0.6306283429887152,0.8736263736263737,0.7603452103452104
real_data_testing,noise_injection,sex,0,RandomForestClassifier,0.9993600654840896,0.75,0.956247972733828,0.9487179487179485,0.9808231812934285,0.9835164835164836,0.9767676767676767
real_data_testing,noise_injection,sex,1,DecisionTreeClassifier,0.9594806178393461,-2.220446049250313e-16,0.22352627209742826,0.4102564102564102,0.5536701213125502,0.6318681318681317,0.6267649017649018
real_data_testing,noise_injection,sex,1,RandomForestClassifier,0.9976013420123154,0.41666666666666663,0.9503168520756282,0.8717948717948716,0.9380425971188308,0.9560439560439561,0.7818043068043067
real_data_testing,noise_injection,sex,2,DecisionTreeClassifier,0.9824612263990481,0.33333333333333326,0.7671452628107724,0.8205128205128204,0.794084111624882,0.945054945054945,0.7660839160839161
real_data_testing,noise_injection,sex,2,RandomForestClassifier,0.9892364279073896,0.2499999999999999,0.9216606876456597,0.846153846153846,0.8593369098531434,0.945054945054945,0.7107087357087357
real_data_testing,noise_injection,sex,3,DecisionTreeClassifier,0.9712127329329646,-2.220446049250313e-16,0.6976545850240252,0.6666666666666665,0.7073058037876323,0.8681318681318682,0.6595487845487846
real_data_testing,noise_injection,sex,3,RandomForestClassifier,0.9887912073600956,0.16666666666666652,0.9182383328784385,0.8205128205128204,0.8466327892055188,0.9395604395604396,0.7337856587856588
real_data_testing,noise_injection,sex,4,DecisionTreeClassifier,0.9911152675894058,0.16666666666666652,0.32131355619634916,0.6923076923076922,0.8481321439136191,0.8351648351648352,0.7474913974913975
real_data_testing,noise_injection,sex,4,RandomForestClassifier,0.9985197116258454,0.4999999999999999,0.9464201475154577,0.9230769230769229,0.9549099921785446,0.9835164835164836,0.7594266844266844
real_data_testing,noise_injection,cp,0,DecisionTreeClassifier,0.9301657392321373,0.16666666666666652,0.3991850976007444,0.564102564102564,0.5342752239033456,0.7912087912087913,0.8287490287490288
real_data_testing,noise_injection,cp,0,RandomForestClassifier,0.9984462083104023,0.75,0.9371180805946109,0.8974358974358972,0.9590788658104079,0.9615384615384615,0.9703574203574203
real_data_testing,noise_injection,cp,1,DecisionTreeClassifier,0.9648208763143327,0.08333333333333315,0.7689903806648296,0.6923076923076922,0.6890880514395231,0.8736263736263737,0.8184343434343434
real_data_testing,noise_injection,cp,1,RandomForestClassifier,0.9962770473771247,0.41666666666666663,0.9577957611438361,0.846153846153846,0.9102567234994746,0.9505494505494506,0.9126651126651125
real_data_testing,noise_injection,cp,2,DecisionTreeClassifier,0.9843011552689669,0.08333333333333315,0.4818164170613978,0.6923076923076922,0.7857235311792191,0.8571428571428571,0.7258796758796758
real_data_testing,noise_injection,cp,2,RandomForestClassifier,0.9908648516958769,0.6666666666666666,0.9387056999089795,0.8974358974358972,0.8897299838073475,0.9725274725274725,0.9096736596736595
real_data_testing,noise_injection,cp,3,DecisionTreeClassifier,0.9379031763621647,0.08333333333333315,0.6338724601601513,0.7179487179487178,0.6920917783383784,0.8516483516483516,0.7111693861693861
real_data_testing,noise_injection,cp,3,RandomForestClassifier,0.9976966848745472,0.5833333333333333,0.9635423617802445,0.8717948717948716,0.9408284634664726,0.9560439560439561,0.9660839160839159
real_data_testing,noise_injection,cp,4,DecisionTreeClassifier,0.9840106681826017,0.5833333333333333,0.8507113328324333,0.8205128205128204,0.8183959238843519,0.9340659340659341,0.875058275058275
real_data_testing,noise_injection,cp,4,RandomForestClassifier,0.9977342001220265,0.6666666666666666,0.946389718930143,0.846153846153846,0.9394123698835858,0.945054945054945,0.978049728049728
real_data_testing,noise_injection,fbs,0,DecisionTreeClassifier,0.9389035488272996,0.33333333333333326,-0.013873306427510945,0.46153846153846145,0.5279199640253767,0.5824175824175823,0.6151376401376402
real_data_testing,noise_injection,fbs,0,RandomForestClassifier,0.9908648516958769,0.6666666666666666,0.8722839461641865,0.8974358974358972,0.8897299838073475,0.9725274725274725,0.8455710955710954
real_data_testing,noise_injection,fbs,1,DecisionTreeClassifier,0.9227522810501382,0.08333333333333315,0.13562794127639677,0.5384615384615383,0.56745569126513,0.6703296703296703,0.6913281163281163
real_data_testing,noise_injection,fbs,1,RandomForestClassifier,0.9955926326693499,0.5833333333333333,0.9468388219654276,0.8717948717948716,0.9163710714928743,0.9560439560439561,0.8549728049728049
real_data_testing,noise_injection,fbs,2,DecisionTreeClassifier,0.9589875541994968,-2.220446049250313e-16,0.48014048074620896,0.6153846153846153,0.6057916584132713,0.7967032967032966,0.7419053169053169
real_data_testing,noise_injection,fbs,2,RandomForestClassifier,0.9756501088253207,0.33333333333333326,0.8837087783492125,0.7948717948717947,0.785733129841689,0.9230769230769231,0.7562548562548563
real_data_testing,noise_injection,fbs,3,DecisionTreeClassifier,0.8450609570409712,-0.08333333333333348,-0.3841933159019282,0.30769230769230765,0.30177627612036023,0.38461538461538464,0.6382450882450884
real_data_testing,noise_injection,fbs,3,RandomForestClassifier,0.9910886052252376,0.5833333333333333,0.8882821248871664,0.9230769230769229,0.9002646613024687,0.9780219780219779,0.8293317793317793
real_data_testing,noise_injection,fbs,4,DecisionTreeClassifier,0.9594655761293692,0.41666666666666663,0.8575159961333202,0.769230769230769,0.6897930441110898,0.9120879120879121,0.7904428904428904
real_data_testing,noise_injection,fbs,4,RandomForestClassifier,0.988741083442936,0.2499999999999999,0.9551879335286411,0.8205128205128204,0.8416262868388668,0.945054945054945,0.6785991785991785
real_data_testing,noise_injection,restecg,0,DecisionTreeClassifier,0.927650324542607,-0.08333333333333348,0.5389734349780856,0.4871794871794871,0.42300062042263786,0.6978021978021978,0.5844266844266846
real_data_testing,noise_injection,restecg,0,RandomForestClassifier,0.9951043780103347,0.4999999999999999,0.8943598137403601,0.846153846153846,0.9058363939977527,0.945054945054945,0.8293317793317793
real_data_testing,noise_injection,restecg,1,DecisionTreeClassifier,0.9354488314953537,0.33333333333333326,0.7036411711191359,0.6410256410256409,0.5246578004112301,0.8351648351648352,0.7742035742035741
real_data_testing,noise_injection,restecg,1,RandomForestClassifier,0.9978472681950483,0.6666666666666666,0.9400381821244861,0.8717948717948716,0.9522254208068172,0.9395604395604396,0.9703574203574203
real_data_testing,noise_injection,restecg,2,DecisionTreeClassifier,0.9625847366362426,0.08333333333333315,0.4203410905434266,0.6923076923076922,0.7136513195688514,0.8571428571428571,0.6247530247530247
real_data_testing,noise_injection,restecg,2,RandomForestClassifier,0.9993812477200728,0.6666666666666666,0.9591269272031899,0.9487179487179485,0.9759566594211309,0.989010989010989,0.868925518925519
real_data_testing,noise_injection,restecg,3,DecisionTreeClassifier,0.9697937675494918,0.33333333333333326,0.8465997508794137,0.7435897435897434,0.7021836084513606,0.8846153846153846,0.7818958818958818
real_data_testing,noise_injection,restecg,3,RandomForestClassifier,0.9908819348472891,0.6666666666666666,0.9592854101567166,0.8974358974358972,0.8753837647059509,0.9725274725274725,0.8378787878787878
real_data_testing,noise_injection,restecg,4,DecisionTreeClassifier,0.889028500213,-2.220446049250313e-16,0.22507671984819022,0.4358974358974358,0.28466484233906025,0.576923076923077,0.5098845598845598
real_data_testing,noise_injection,restecg,4,RandomForestClassifier,0.9901411487967706,0.4999999999999999,0.9580741488888992,0.9230769230769229,0.8824163847423152,0.9835164835164836,0.7789044289044289
real_data_testing,noise_injection,exang,0,DecisionTreeClassifier,0.9747659692155489,0.16666666666666652,0.8297482287095066,0.7435897435897434,0.768858172199423,0.8791208791208791,0.655858030858031
real_data_testing,noise_injection,exang,0,RandomForestClassifier,0.9859597362848771,0.16666666666666652,0.9678781933463667,0.7948717948717947,0.8177616122727918,0.9175824175824175,0.8248445998445997
real_data_testing,noise_injection,exang,1,DecisionTreeClassifier,0.9878438554770247,0.41666666666666663,0.7634120322617081,0.8205128205128204,0.8462309542902968,0.9230769230769231,0.7899239649239647
real_data_testing,noise_injection,exang,1,RandomForestClassifier,0.9974871774028995,0.6666666666666666,0.9599900511423872,0.8717948717948716,0.9473067607451937,0.9395604395604396,0.8382145632145631
real_data_testing,noise_injection,exang,2,DecisionTreeClassifier,0.9429170052183071,0.2499999999999999,0.9065199968878866,0.6923076923076922,0.5055800951663755,0.8241758241758241,0.6612914862914863
real_data_testing,noise_injection,exang,2,RandomForestClassifier,0.9943176419053421,0.41666666666666663,0.950993982716138,0.7948717948717947,0.8837082774502114,0.9175824175824175,0.8104367854367853
real_data_testing,noise_injection,exang,3,DecisionTreeClassifier,0.9852984977947198,0.08333333333333315,0.8487987363027089,0.8205128205128204,0.8127514013320036,0.9395604395604396,0.6973387723387723
real_data_testing,noise_injection,exang,3,RandomForestClassifier,0.9963755970470024,0.75,0.9264786948148837,0.846153846153846,0.929376822836905,0.9285714285714285,0.9607420357420356
real_data_testing,noise_injection,exang,4,DecisionTreeClassifier,0.9914295255449983,0.2499999999999999,0.40829332596677215,0.7179487179487178,0.854074152285398,0.8406593406593407,0.7559163059163059
real_data_testing,noise_injection,exang,4,RandomForestClassifier,0.9912422533395449,0.5833333333333333,0.9712169661063732,0.6666666666666665,0.8517393503567068,0.8241758241758241,0.8123598623598622
real_data_testing,noise_injection,slope,0,DecisionTreeClassifier,0.9310385682838912,0.16666666666666652,0.6875744759432894,0.564102564102564,0.4709387404635107,0.7032967032967032,0.5961843711843712
real_data_testing,noise_injection,slope,0,RandomForestClassifier,0.9994571500790469,0.6666666666666666,0.9787118573213369,0.9487179487179485,0.9776204275826003,0.989010989010989,0.9655982905982907
real_data_testing,noise_injection,slope,1,DecisionTreeClassifier,0.9200277599953574,0.33333333333333326,0.8257388473936157,0.6153846153846153,0.5426925237181495,0.7472527472527472,0.6537545787545788
real_data_testing,noise_injection,slope,1,RandomForestClassifier,0.9990234906819694,0.8333333333333333,0.9391403221787149,0.9230769230769229,0.9683430294367709,0.9780219780219779,0.9923076923076923
real_data_testing,noise_injection,slope,2,DecisionTreeClassifier,0.9645224546559178,0.4999999999999999,0.9077862638387661,0.769230769230769,0.6324528160294174,0.8626373626373626,0.7620879120879122
real_data_testing,noise_injection,slope,2,RandomForestClassifier,0.9990234906819694,0.8333333333333333,0.9834454808780045,0.9230769230769229,0.9683430294367709,0.9780219780219779,0.9923076923076923
real_data_testing,noise_injection,slope,3,DecisionTreeClassifier,0.8886698760560159,0.4999999999999999,0.634143067476198,0.6666666666666665,0.5281969436113485,0.7527472527472527,0.9105921855921856
real_data_testing,noise_injection,slope,3,RandomForestClassifier,0.9961369122332803,0.6666666666666666,0.9756348361740355,0.9487179487179485,0.9327421720726045,0.989010989010989,0.8269230769230769
real_data_testing,noise_injection,slope,4,DecisionTreeClassifier,0.9640318082415833,0.16666666666666652,0.9374844963347623,0.8205128205128204,0.7580238273706734,0.9340659340659341,0.6397102897102896
real_data_testing,noise_injection,slope,4,RandomForestClassifier,0.9966322653971944,0.4999999999999999,0.9816504015587102,0.8974358974358972,0.9356405318357094,0.967032967032967,0.9555555555555556
real_data_testing,noise_injection,ca,0,DecisionTreeClassifier,0.9348036863829472,0.16666666666666652,0.9024494407458203,0.6666666666666665,0.49679142891797773,0.8351648351648352,0.6575369075369076
real_data_testing,noise_injection,ca,0,RandomForestClassifier,0.9980547261565965,0.6666666666666666,0.9853587111300204,0.8974358974358972,0.9447591157479439,0.9725274725274725,0.9192307692307693
real_data_testing,noise_injection,ca,1,DecisionTreeClassifier,0.9673574659168718,-0.08333333333333348,0.6942196628524022,0.6923076923076922,0.7087366589499239,0.8626373626373626,0.579026529026529
real_data_testing,noise_injection,ca,1,RandomForestClassifier,0.9982784796859572,0.5833333333333333,0.9790225476709096,0.9230769230769229,0.9552937932430654,0.9780219780219779,0.9004856254856255
real_data_testing,noise_injection,ca,2,DecisionTreeClassifier,0.9751159261829353,-2.220446049250313e-16,0.5167622064868984,0.5897435897435896,0.6820275807385676,0.8131868131868131,0.6913558663558663
real_data_testing,noise_injection,ca,2,RandomForestClassifier,0.9958656619468806,0.41666666666666663,0.9620644340665595,0.8717948717948716,0.9230677383427882,0.9505494505494506,0.8986208236208236
real_data_testing,noise_injection,ca,3,DecisionTreeClassifier,0.9670537561410583,0.41666666666666663,0.9057126954605572,0.769230769230769,0.6760416512142745,0.9120879120879121,0.8568376068376069
real_data_testing,noise_injection,ca,3,RandomForestClassifier,0.9904344277885677,0.5833333333333333,0.9705037742490347,0.8717948717948716,0.8653255299116138,0.9615384615384615,0.8517676767676767
real_data_testing,noise_injection,ca,4,DecisionTreeClassifier,0.9781926323567304,0.08333333333333315,0.7613212500234963,0.6923076923076922,0.75469134628222,0.8516483516483516,0.7123598623598623
real_data_testing,noise_injection,ca,4,RandomForestClassifier,0.9934781941699067,0.4999999999999999,0.9724043321899845,0.846153846153846,0.884197954670462,0.945054945054945,0.93510101010101
real_data_testing,noise_injection,thal,0,DecisionTreeClassifier,0.9895459201765955,0.16666666666666652,0.5603266044047082,0.7179487179487178,0.8366538888108392,0.8681318681318682,0.603016428016428
real_data_testing,noise_injection,thal,0,RandomForestClassifier,0.9974871774028995,0.6666666666666666,0.9272336357007819,0.8717948717948716,0.9473067607451937,0.9395604395604396,0.9703574203574203
real_data_testing,noise_injection,thal,1,DecisionTreeClassifier,0.9726567647186665,0.4999999999999999,0.8382642868586413,0.846153846153846,0.7449840444051579,0.945054945054945,0.9357420357420356
real_data_testing,noise_injection,thal,1,RandomForestClassifier,0.9985033011235281,0.5833333333333333,0.9527314499181112,0.9230769230769229,0.9588548970194408,0.9780219780219779,0.9479215229215228
real_data_testing,noise_injection,thal,2,DecisionTreeClassifier,0.969588961570609,0.41666666666666663,0.8002518028230255,0.7435897435897434,0.6726120200268821,0.8846153846153846,0.6497530247530249
real_data_testing,noise_injection,thal,2,RandomForestClassifier,0.997175386819531,0.33333333333333326,0.9695630037626032,0.8717948717948716,0.9266249881107478,0.9615384615384615,0.8575369075369075
real_data_testing,noise_injection,thal,3,DecisionTreeClassifier,0.9899393908414972,0.08333333333333315,0.6400536027857022,0.7948717948717947,0.8470874167643259,0.9120879120879121,0.6684010434010434
real_data_testing,noise_injection,thal,3,RandomForestClassifier,0.9964960241377869,0.33333333333333326,0.935766296793472,0.8205128205128204,0.9120683256064102,0.9395604395604396,0.9246891996891997
real_data_testing,noise_injection,thal,4,DecisionTreeClassifier,0.9757843956576957,0.16666666666666652,0.8506414431744715,0.8205128205128204,0.7896146253365715,0.9340659340659341,0.8383061383061382
real_data_testing,noise_injection,thal,4,RandomForestClassifier,0.9834445490718825,0.41666666666666663,0.9378875728287089,0.8205128205128204,0.8141344086162249,0.9230769230769231,0.9340326340326339
real_data_testing,noise_injection,num,0,DecisionTreeClassifier,0.9857329793230827,0.33333333333333326,0.6890182498095455,0.7179487179487178,0.7940737130738729,0.8681318681318682,0.8636419136419136
real_data_testing,noise_injection,num,0,RandomForestClassifier,0.9968672919252762,0.2499999999999999,0.958771225196649,0.846153846153846,0.9235622148942737,0.945054945054945,0.9439837939837938
real_data_testing,noise_injection,num,1,DecisionTreeClassifier,0.9871353842010665,0.16666666666666652,0.6695749955076494,0.7435897435897434,0.8204180421113684,0.901098901098901,0.6214563214563215
real_data_testing,noise_injection,num,1,RandomForestClassifier,0.997990245559593,0.33333333333333326,0.9551418373071743,0.8717948717948716,0.9418100721383116,0.9615384615384615,0.8256715506715506
real_data_testing,noise_injection,num,2,DecisionTreeClassifier,0.9977419449146839,0.4999999999999999,0.9234376289086591,0.8974358974358972,0.9460296296167022,0.9615384615384615,0.7805222555222554
real_data_testing,noise_injection,num,2,RandomForestClassifier,0.9954932166289198,0.4999999999999999,0.9531311092715669,0.846153846153846,0.9145844113649328,0.9340659340659341,0.9511266511266511
real_data_testing,noise_injection,num,3,DecisionTreeClassifier,0.9889602771085113,0.4999999999999999,0.4642870743988974,0.7179487179487178,0.8609771903784171,0.7857142857142857,0.7503024753024754
real_data_testing,noise_injection,num,3,RandomForestClassifier,0.9961851675230289,0.41666666666666663,0.9604229870837037,0.8974358974358972,0.9268049630320605,0.9725274725274725,0.8363247863247862
real_data_testing,noise_injection,num,4,DecisionTreeClassifier,0.9959213933462244,0.33333333333333326,0.5748877780660717,0.7948717948717947,0.9104717480822311,0.9120879120879121,0.7943778443778443
real_data_testing,noise_injection,num,4,RandomForestClassifier,0.997189234481175,0.33333333333333326,0.9789453545810064,0.8717948717948716,0.9266249881107478,0.9615384615384615,0.8252442002442002
real_data_testing,category_flip,Age,0,LinearRegression,0.9453362070691309,0.41666666666666663,0.9877164324650172,0.6666666666666665,0.5643007127152319,0.8131868131868131,0.6770118770118768
real_data_testing,category_flip,Age,0,RandomForestRegressor,0.9982437877004575,0.6666666666666666,0.9967813067163296,0.9487179487179485,0.95942296331653,0.989010989010989,0.9285409035409036
real_data_testing,category_flip,Age,1,LinearRegression,0.9222945745339811,0.33333333333333326,0.9427771668390668,0.5128205128205127,0.3501217575790895,0.6318681318681317,0.6291486291486291
real_data_testing,category_flip,Age,1,RandomForestRegressor,0.9801109490230785,0.5833333333333333,0.995889018517437,0.9230769230769229,0.8497617350193241,0.9780219780219779,0.7402930402930402
real_data_testing,category_flip,Age,2,LinearRegression,0.9630520291051625,0.4999999999999999,0.9873095299658167,0.846153846153846,0.7273291954372032,0.945054945054945,0.6291486291486291
real_data_testing,category_flip,Age,2,RandomForestRegressor,0.9947820127065008,0.5833333333333333,0.9990386828869405,0.9230769230769229,0.9130889106652486,0.9780219780219779,0.7851648351648352
real_data_testing,category_flip,Age,3,LinearRegression,0.9772752077018232,0.16666666666666652,0.952890891937817,0.769230769230769,0.7529408265728209,0.9065934065934067,0.6463342213342214
real_data_testing,category_flip,Age,3,RandomForestRegressor,0.9964282269952637,0.6666666666666666,0.9969856388628249,0.9487179487179485,0.9371095634964612,0.989010989010989,0.7851648351648352
real_data_testing,category_flip,Age,4,LinearRegression,0.9678387917699521,0.33333333333333326,0.9918639480238247,0.7948717948717947,0.6710730344775231,0.8956043956043955,0.593892218892219
real_data_testing,category_flip,Age,4,RandomForestRegressor,0.9911464359769434,0.8333333333333333,0.9963966408190333,0.9230769230769229,0.8864478229797216,0.9780219780219779,0.9846153846153847
real_data_testing,category_flip,trestbps,0,LinearRegression,0.9474207099889413,0.2499999999999999,0.9499298157090911,0.7435897435897434,0.6246822624571007,0.8846153846153846,0.6359862359862359
real_data_testing,category_flip,trestbps,0,RandomForestRegressor,0.9777234812461049,0.6666666666666666,0.9923863084090766,0.9230769230769229,0.8362228216053676,0.9725274725274725,0.8005494505494505
real_data_testing,category_flip,trestbps,1,LinearRegression,0.9686947038475311,0.16666666666666652,0.841431067972848,0.7179487179487178,0.6551144582325839,0.8846153846153846,0.6943195693195694
real_data_testing,category_flip,trestbps,1,RandomForestRegressor,0.9613738597865592,0.4999999999999999,0.9931809863950243,0.8205128205128204,0.687771216752633,0.9395604395604396,0.7807359307359307
real_data_testing,category_flip,trestbps,2,LinearRegression,0.9653120387952249,0.16666666666666652,0.893063912697934,0.6923076923076922,0.7219919028010352,0.8021978021978022,0.5326895326895327
real_data_testing,category_flip,trestbps,2,RandomForestRegressor,0.9971056767586534,0.8333333333333333,0.9975804985263419,0.9743589743589742,0.9563260857614315,0.9945054945054945,0.8397435897435896
real_data_testing,category_flip,trestbps,3,LinearRegression,0.9463067480484764,0.33333333333333326,0.9207151326296172,0.7179487179487178,0.6147403023695026,0.8901098901098902,0.7234709734709734
real_data_testing,category_flip,trestbps,3,RandomForestRegressor,0.987859849344198,0.2499999999999999,0.9961387432037131,0.8717948717948716,0.8448517282973513,0.967032967032967,0.6421828171828172
real_data_testing,category_flip,trestbps,4,LinearRegression,0.9687705596636441,0.08333333333333315,0.8553968390836924,0.6923076923076922,0.6957658118330566,0.8516483516483516,0.4233766233766234
real_data_testing,category_flip,trestbps,4,RandomForestRegressor,0.9962109157874796,0.5833333333333333,0.994212572290304,0.9230769230769229,0.9325965923584758,0.9780219780219779,0.8094322344322346
real_data_testing,category_flip,chol,0,LinearRegression,0.9509144032262012,0.16666666666666652,0.756116053111923,0.769230769230769,0.6992862667282145,0.9065934065934067,0.5293345543345543
real_data_testing,category_flip,chol,0,RandomForestRegressor,0.9905457158292387,0.5833333333333333,0.9948451550760617,0.9230769230769229,0.8909711926687163,0.9780219780219779,0.7666666666666667
real_data_testing,category_flip,chol,1,LinearRegression,0.955927430211262,0.16666666666666652,0.8326866736272613,0.6666666666666665,0.6039683488468081,0.8351648351648352,0.7263375513375513
real_data_testing,category_flip,chol,1,RandomForestRegressor,0.9833227323159116,0.33333333333333326,0.9791093668895432,0.846153846153846,0.811805133190168,0.945054945054945,0.7845820845820844
real_data_testing,category_flip,chol,2,LinearRegression,0.9318194945121433,-2.220446049250313e-16,0.9104157209845234,0.564102564102564,0.41834985030449584,0.7472527472527472,0.47026307026307035
real_data_testing,category_flip,chol,2,RandomForestRegressor,0.9917544533415671,0.41666666666666663,0.9848495177891888,0.8717948717948716,0.897491084151474,0.9505494505494506,0.6684065934065934
real_data_testing,category_flip,chol,3,LinearRegression,0.9478614694379337,0.16666666666666652,0.8618135555985492,0.6153846153846153,0.5055886030717465,0.7802197802197801,0.7153180153180152
real_data_testing,category_flip,chol,3,RandomForestRegressor,0.9987043548153314,0.75,0.9864076630708053,0.9487179487179485,0.9695842382981399,0.9835164835164836,0.9415750915750916
real_data_testing,category_flip,chol,4,LinearRegression,0.956726765474529,0.41666666666666663,0.9181023257559954,0.7948717948717947,0.6998594232250983,0.9065934065934067,0.6518620268620268
real_data_testing,category_flip,chol,4,RandomForestRegressor,0.9961350134285054,0.5833333333333333,0.996289783477009,0.9230769230769229,0.9309328241970065,0.9780219780219779,0.8902930402930402
real_data_testing,category_flip,thalach,0,LinearRegression,0.9752568247736233,0.33333333333333326,0.9751802177027463,0.769230769230769,0.774370349557109,0.8901098901098902,0.8709068709068707
real_data_testing,category_flip,thalach,0,RandomForestRegressor,0.9812656663571483,0.4999999999999999,0.8489666087558199,0.7179487179487178,0.7619941832105432,0.8956043956043955,0.6886724386724388
real_data_testing,category_flip,thalach,1,LinearRegression,0.9840009911626965,0.4999999999999999,0.9574029276197447,0.846153846153846,0.8252419517396704,0.945054945054945,0.7935564435564435
real_data_testing,category_flip,thalach,1,RandomForestRegressor,0.9897868134772608,0.4999999999999999,0.9678727804994164,0.8205128205128204,0.8420857137289087,0.9505494505494506,0.7889138639138639
real_data_testing,category_flip,thalach,2,LinearRegression,0.9358979771137172,0.16666666666666652,0.9355165418705428,0.6153846153846153,0.4362302678404959,0.7582417582417583,0.6618409368409369
real_data_testing,category_flip,thalach,2,RandomForestRegressor,0.9764174224000348,0.2499999999999999,0.7485150808773089,0.7179487179487178,0.780273890561868,0.8571428571428571,0.5539016539016539
real_data_testing,category_flip,thalach,3,LinearRegression,0.9703430972334344,-2.220446049250313e-16,0.8748571709355915,0.7435897435897434,0.7078716158533838,0.8791208791208791,0.5589382839382839
real_data_testing,category_flip,thalach,3,RandomForestRegressor,0.984328335806649,0.2499999999999999,0.5745524059219258,0.7179487179487178,0.8006871915157132,0.8736263736263737,0.6387640137640138
real_data_testing,category_flip,thalach,4,LinearRegression,0.9642419328796468,0.08333333333333315,0.8532946522819448,0.6666666666666665,0.6892251232482804,0.8296703296703297,0.5544844044844045
real_data_testing,category_flip,thalach,4,RandomForestRegressor,0.989683118999293,0.2499999999999999,0.4401284323795963,0.7179487179487178,0.8440347512303015,0.8626373626373626,0.7463647463647464
real_data_testing,category_flip,oldpeak,0,LinearRegression,0.9249637193492589,0.16666666666666652,0.6702908787610521,0.3589743589743589,0.32892136630270286,0.5274725274725275,0.738855588855589
real_data_testing,category_flip,oldpeak,0,RandomForestRegressor,0.9896002621853178,0.2499999999999999,0.8799205360148328,0.8205128205128204,0.8375831411419326,0.9505494505494506,0.6504523254523256
real_data_testing,category_flip,oldpeak,1,LinearRegression,0.8764007084323654,0.16666666666666652,0.9161646661330689,0.4102564102564102,0.24331540419531353,0.576923076923077,0.46779054279054283
real_data_testing,category_flip,oldpeak,1,RandomForestRegressor,0.987639925501216,0.41666666666666663,0.9511749092159129,0.8974358974358972,0.8579589927687169,0.9725274725274725,0.7222527472527472
real_data_testing,category_flip,oldpeak,2,LinearRegression,0.9680581853810822,0.16666666666666652,0.7236967052787587,0.7435897435897434,0.6747229258817462,0.8516483516483516,0.4522560772560773
real_data_testing,category_flip,oldpeak,2,RandomForestRegressor,0.9968623866310973,0.2499999999999999,0.8608701815898545,0.8717948717948716,0.9186606433605327,0.967032967032967,0.6656870906870908
real_data_testing,category_flip,oldpeak,3,LinearRegression,0.9064141045049534,-0.08333333333333348,0.6023800072278482,0.46153846153846145,0.35195037549676716,0.6648351648351648,0.45158175158175157
real_data_testing,category_flip,oldpeak,3,RandomForestRegressor,0.9908574548334529,0.16666666666666652,0.752425339537747,0.7948717948717947,0.8415384445338381,0.9395604395604396,0.7586940836940836
real_data_testing,category_flip,oldpeak,4,LinearRegression,0.931744737965293,0.2499999999999999,0.7068995451816777,0.4871794871794871,0.444138838544389,0.6593406593406593,0.6818931068931067
real_data_testing,category_flip,oldpeak,4,RandomForestRegressor,0.9921509603960266,0.4999999999999999,0.7222675050848579,0.8974358974358972,0.9060094607907728,0.967032967032967,0.7766761016761016
real_data_testing,category_flip,sex,0,DecisionTreeClassifier,0.9891323679428817,0.2499999999999999,0.8577607888904075,0.7435897435897434,0.8168257426819654,0.9065934065934067,0.7637640137640138
real_data_testing,category_flip,sex,0,RandomForestClassifier,0.9968734973370829,0.41666666666666663,0.9224333366839762,0.8974358974358972,0.9352567307711888,0.9725274725274725,0.7508796758796759
real_data_testing,category_flip,sex,1,DecisionTreeClassifier,0.988809535434854,0.2499999999999999,0.4351893698565612,0.7179487179487178,0.844637867188834,0.8241758241758241,0.7627539127539128
real_data_testing,category_flip,sex,1,RandomForestClassifier,0.9903857466499869,0.33333333333333326,0.9110722574312791,0.8974358974358972,0.8770299353195584,0.9780219780219779,0.8632728382728382
real_data_testing,category_flip,sex,2,DecisionTreeClassifier,0.9685702364545395,0.08333333333333315,-0.23388641957834522,0.6666666666666665,0.7136823697875991,0.8516483516483516,0.6760933510933511
real_data_testing,category_flip,sex,2,RandomForestClassifier,0.9909386671010678,0.5833333333333333,0.9250553986347386,0.9230769230769229,0.8978758305388138,0.9780219780219779,0.8856504606504605
real_data_testing,category_flip,sex,3,DecisionTreeClassifier,0.9251877984550684,-2.220446049250313e-16,0.5680658438343729,0.564102564102564,0.49319963850855403,0.7692307692307693,0.6859862359862361
real_data_testing,category_flip,sex,3,RandomForestClassifier,0.9770091203703953,0.2499999999999999,0.9349314890430064,0.8205128205128204,0.7835677588490215,0.9505494505494506,0.8632728382728382
real_data_testing,category_flip,sex,4,DecisionTreeClassifier,0.9621963551682886,0.08333333333333315,0.7268744383023749,0.5897435897435896,0.6565509853317895,0.7912087912087913,0.6437368187368188
real_data_testing,category_flip,sex,4,RandomForestClassifier,0.9882298360447891,0.4999999999999999,0.9673546845172836,0.8717948717948716,0.844375285596567,0.967032967032967,0.7253940503940505
real_data_testing,category_flip,cp,0,DecisionTreeClassifier,0.9297758554014013,-2.220446049250313e-16,0.6971208128259709,0.564102564102564,0.5049273134012745,0.7637362637362637,0.6614413364413365
real_data_testing,category_flip,cp,0,RandomForestClassifier,0.9983331603339027,0.4999999999999999,0.9756258938172168,0.9230769230769229,0.9510625283051468,0.9835164835164836,0.9209401709401709
real_data_testing,category_flip,cp,1,DecisionTreeClassifier,0.9538173187294893,0.33333333333333326,0.7627197015463217,0.7179487179487178,0.6377508414100261,0.8736263736263737,0.7254273504273504
real_data_testing,category_flip,cp,1,RandomForestClassifier,0.9988857438727262,0.5833333333333333,0.9753008146343891,0.9230769230769229,0.9646014417191031,0.9780219780219779,0.9491452991452991
real_data_testing,category_flip,cp,2,DecisionTreeClassifier,0.942928910611604,0.08333333333333315,0.7249724544641505,0.564102564102564,0.5777093170144437,0.7967032967032966,0.6451104451104451
real_data_testing,category_flip,cp,2,RandomForestClassifier,0.9988544178005545,0.5833333333333333,0.962732801412972,0.9230769230769229,0.9646014417191031,0.9780219780219779,0.9491452991452991
real_data_testing,category_flip,cp,3,DecisionTreeClassifier,0.9887812858255064,0.33333333333333326,0.4977250652358214,0.5897435897435896,0.8067913591095235,0.7912087912087913,0.8549728049728049
real_data_testing,category_flip,cp,3,RandomForestClassifier,0.9948051259517017,0.6666666666666666,0.9662235815298061,0.8974358974358972,0.9087612227997903,0.9725274725274725,0.9106837606837607
real_data_testing,category_flip,cp,4,DecisionTreeClassifier,0.9110821377883422,-2.220446049250313e-16,0.6523479886258585,0.4358974358974358,0.3833065152521292,0.6978021978021978,0.6054584304584304
real_data_testing,category_flip,cp,4,RandomForestClassifier,0.9988074819452663,0.6666666666666666,0.9661432683128918,0.9487179487179485,0.966410789594701,0.989010989010989,0.9632478632478633
real_data_testing,category_flip,fbs,0,DecisionTreeClassifier,0.8995604135564279,0.08333333333333315,0.5129812450877802,0.5128205128205127,0.37509129636917504,0.7032967032967032,0.5618992118992119
real_data_testing,category_flip,fbs,0,RandomForestClassifier,0.9913357133303722,0.6666666666666666,0.964904976526328,0.9487179487179485,0.905165214796251,0.989010989010989,0.7364468864468865
real_data_testing,category_flip,fbs,1,DecisionTreeClassifier,0.8240436898530639,0.08333333333333315,-0.009974304258448585,0.33333333333333326,0.19719310385549174,0.3736263736263736,0.6315573315573317
real_data_testing,category_flip,fbs,1,RandomForestClassifier,0.9994943523164646,0.8333333333333333,0.9745652903535875,0.9743589743589742,0.9837782604256746,0.9945054945054945,0.8774725274725275
real_data_testing,category_flip,fbs,2,DecisionTreeClassifier,0.9496035158886301,0.33333333333333326,0.5226336341950252,0.6153846153846153,0.5594445893939434,0.7417582417582418,0.6105588855588857
real_data_testing,category_flip,fbs,2,RandomForestClassifier,0.9802604644353695,0.4999999999999999,0.9553564457633391,0.8974358974358972,0.8514170679925619,0.967032967032967,0.8442890442890442
real_data_testing,category_flip,fbs,3,DecisionTreeClassifier,0.9027008882689316,-0.08333333333333348,-0.1031650862801814,0.3589743589743589,0.36797243380486033,0.45604395604395603,0.6313436563436563
real_data_testing,category_flip,fbs,3,RandomForestClassifier,0.990152615883447,0.5833333333333333,0.9623124085442747,0.9230769230769229,0.8856991273070605,0.9780219780219779,0.7364468864468865
real_data_testing,category_flip,fbs,4,DecisionTreeClassifier,0.9026338710369785,-2.220446049250313e-16,0.45907251577401964,0.4102564102564102,0.3126398532393595,0.6098901098901099,0.5424547674547675
real_data_testing,category_flip,fbs,4,RandomForestClassifier,0.9840906331604412,0.33333333333333326,0.9443292632119922,0.8205128205128204,0.8034289912765611,0.9395604395604396,0.687878787878788
real_data_testing,category_flip,restecg,0,DecisionTreeClassifier,0.9553949951564592,-2.220446049250313e-16,0.6461608590815249,0.5897435897435896,0.560577449716825,0.8076923076923077,0.5950188700188701
real_data_testing,category_flip,restecg,0,RandomForestClassifier,0.9967106780080868,0.6666666666666666,0.9847054565674478,0.9487179487179485,0.9422880418990345,0.989010989010989,0.7364468864468865
real_data_testing,category_flip,restecg,1,DecisionTreeClassifier,0.9287340917871083,0.16666666666666652,0.47436183301391055,0.5128205128205127,0.4294570298422417,0.7197802197802198,0.76513764013764
real_data_testing,category_flip,restecg,1,RandomForestClassifier,0.998703797956683,0.4999999999999999,0.9581643481024403,0.9230769230769229,0.9567401371561607,0.9835164835164836,0.8535409035409034
real_data_testing,category_flip,restecg,2,DecisionTreeClassifier,0.9386710002461119,0.08333333333333315,0.3353417312873124,0.564102564102564,0.5463970256944561,0.7692307692307693,0.6203241203241204
real_data_testing,category_flip,restecg,2,RandomForestClassifier,0.9801288989062473,0.41666666666666663,0.9691652861546199,0.8974358974358972,0.8438761551481264,0.9725274725274725,0.7153513153513154
real_data_testing,category_flip,restecg,3,DecisionTreeClassifier,0.9288652790803947,0.16666666666666652,0.8046945955409628,0.6410256410256409,0.5210597563277728,0.8461538461538461,0.6935564435564435
real_data_testing,category_flip,restecg,3,RandomForestClassifier,0.9993812477200728,0.6666666666666666,0.9484695186350731,0.9487179487179485,0.9759566594211309,0.989010989010989,0.868925518925519
real_data_testing,category_flip,restecg,4,DecisionTreeClassifier,0.8953944450626953,-2.220446049250313e-16,0.7501444818463462,0.5384615384615383,0.4531613631147835,0.7087912087912087,0.6085719835719836
real_data_testing,category_flip,restecg,4,RandomForestClassifier,0.9907141814003341,0.4999999999999999,0.9634861599364414,0.8717948717948716,0.8669849350446877,0.967032967032967,0.8308857808857808
real_data_testing,category_flip,exang,0,DecisionTreeClassifier,0.954652747258521,-2.220446049250313e-16,0.35394931669414675,0.6410256410256409,0.6227519859778085,0.8186813186813187,0.5449272949272951
real_data_testing,category_flip,exang,0,RandomForestClassifier,0.982379350957734,0.16666666666666652,0.8479061850938334,0.6410256410256409,0.7600770685335776,0.8186813186813187,0.6815906315906315
real_data_testing,category_flip,exang,1,DecisionTreeClassifier,0.9321010842004357,0.2499999999999999,0.7056210773311734,0.6923076923076922,0.6012108421837365,0.8296703296703297,0.8476162726162725
real_data_testing,category_flip,exang,1,RandomForestClassifier,0.9906760804624867,0.2499999999999999,0.9510074431920565,0.7435897435897434,0.8263101665251592,0.901098901098901,0.6527444777444777
real_data_testing,category_flip,exang,2,DecisionTreeClassifier,0.9480593693657353,-2.220446049250313e-16,0.24139835280050526,0.564102564102564,0.5616696611584888,0.7637362637362637,0.6899822399822397
real_data_testing,category_flip,exang,2,RandomForestClassifier,0.954725269263238,0.08333333333333315,0.7453473368311136,0.6410256410256409,0.6284125063009403,0.8076923076923077,0.7392829392829392
real_data_testing,category_flip,exang,3,DecisionTreeClassifier,0.965492492698235,-0.08333333333333348,0.5924986943767185,0.6410256410256409,0.6535499489671113,0.8296703296703297,0.5404095904095905
real_data_testing,category_flip,exang,3,RandomForestClassifier,0.9895106495750976,0.33333333333333326,0.8893020327567674,0.7179487179487178,0.8109713584637952,0.8791208791208791,0.668983793983794
real_data_testing,category_flip,exang,4,DecisionTreeClassifier,0.9811021556015563,0.2499999999999999,0.30571534446512305,0.5897435897435896,0.7350231051440397,0.7802197802197801,0.6671189921189922
real_data_testing,category_flip,exang,4,RandomForestClassifier,0.9868714704105526,0.16666666666666652,0.8166730232850931,0.5897435897435896,0.7731575003803108,0.8021978021978022,0.6345820845820845
real_data_testing,category_flip,slope,0,DecisionTreeClassifier,0.9014858367187021,0.2499999999999999,0.7482140341178036,0.4102564102564102,0.23842052263844554,0.576923076923077,0.6496031746031746
real_data_testing,category_flip,slope,0,RandomForestClassifier,0.9930442130633079,0.41666666666666663,0.9612896710146434,0.8974358974358972,0.8919798521166071,0.9725274725274725,0.8087606837606837
real_data_testing,category_flip,slope,1,DecisionTreeClassifier,0.9188742097469101,-2.220446049250313e-16,0.7369113301881685,0.564102564102564,0.4999100488979135,0.7032967032967032,0.6903513153513153
real_data_testing,category_flip,slope,1,RandomForestClassifier,0.9867251589042166,0.4999999999999999,0.9394814872703144,0.8974358974358972,0.8467045610226243,0.967032967032967,0.8371794871794871
real_data_testing,category_flip,slope,2,DecisionTreeClassifier,0.8795355200413545,0.16666666666666652,0.8563915441164337,0.5384615384615383,0.31292614061924173,0.7032967032967032,0.7535409035409036
real_data_testing,category_flip,slope,2,RandomForestClassifier,0.9918413610139073,0.8333333333333333,0.942958796496815,0.9743589743589742,0.9213869543705766,0.9945054945054945,0.8846153846153846
real_data_testing,category_flip,slope,3,DecisionTreeClassifier,0.9838750202794747,0.33333333333333326,0.8718295172243227,0.7179487179487178,0.7704812914796746,0.8901098901098902,0.6476162726162726
real_data_testing,category_flip,slope,3,RandomForestClassifier,0.9885489324363815,0.6666666666666666,0.9867318504459855,0.8974358974358972,0.8567495612974949,0.9725274725274725,0.9205128205128206
real_data_testing,category_flip,slope,4,DecisionTreeClassifier,0.905590740977961,0.33333333333333326,0.9362823465872383,0.6666666666666665,0.5172576679496879,0.7857142857142857,0.700976800976801
real_data_testing,category_flip,slope,4,RandomForestClassifier,0.9971056767586534,0.8333333333333333,0.9616595864827014,0.9743589743589742,0.9563260857614315,0.9945054945054945,0.8589743589743589
real_data_testing,category_flip,ca,0,DecisionTreeClassifier,0.967245328729233,0.16666666666666652,0.4533572272377685,0.6153846153846153,0.6738581736537658,0.7912087912087913,0.743925518925519
real_data_testing,category_flip,ca,0,RandomForestClassifier,0.9943958532874096,0.41666666666666663,0.8535219773648375,0.8717948717948716,0.9132014040807115,0.9395604395604396,0.8050310800310799
real_data_testing,category_flip,ca,1,DecisionTreeClassifier,0.9590731131514225,0.2499999999999999,0.4820540054253075,0.5384615384615383,0.6799501247680688,0.7087912087912087,0.8232572982572983
real_data_testing,category_flip,ca,1,RandomForestClassifier,0.9715079574162908,0.16666666666666652,0.949202852889885,0.7435897435897434,0.7375263926859357,0.901098901098901,0.7594599844599845
real_data_testing,category_flip,ca,2,DecisionTreeClassifier,0.9129861773419461,-0.08333333333333348,0.6102718854487497,0.5128205128205127,0.4200539764786231,0.6978021978021978,0.692973692973693
real_data_testing,category_flip,ca,2,RandomForestClassifier,0.9960800465029812,0.33333333333333326,0.9622936338219554,0.8717948717948716,0.9165166512070028,0.9560439560439561,0.9075951825951825
real_data_testing,category_flip,ca,3,DecisionTreeClassifier,0.9002879377241387,-2.220446049250313e-16,0.7041255585426984,0.3846153846153845,0.29549198817095734,0.6098901098901099,0.5720335220335221
real_data_testing,category_flip,ca,3,RandomForestClassifier,0.9990580491069556,0.6666666666666666,0.9748250881338772,0.9487179487179485,0.9697194194612591,0.989010989010989,0.9690170940170939
real_data_testing,category_flip,ca,4,DecisionTreeClassifier,0.971545424070183,0.16666666666666652,0.3930798998615693,0.5897435897435896,0.6670058194072739,0.7967032967032966,0.76513764013764
real_data_testing,category_flip,ca,4,RandomForestClassifier,0.9982274288665817,0.41666666666666663,0.9488408128492078,0.8974358974358972,0.9481405354715664,0.9725274725274725,0.8934926184926185
real_data_testing,category_flip,thal,0,DecisionTreeClassifier,0.9528424118901057,-2.220446049250313e-16,0.5738731312857382,0.564102564102564,0.5117178580788307,0.7692307692307693,0.6124514374514375
real_data_testing,category_flip,thal,0,RandomForestClassifier,0.9911174336643942,0.16666666666666652,0.807921953260971,0.7435897435897434,0.853290770536993,0.8736263736263737,0.8144327894327894
real_data_testing,category_flip,thal,1,DecisionTreeClassifier,0.9800924900421535,0.16666666666666652,0.7140733441128668,0.6410256410256409,0.7288052079433877,0.8516483516483516,0.690073815073815
real_data_testing,category_flip,thal,1,RandomForestClassifier,0.990805572936081,0.2499999999999999,0.8896537080796727,0.7179487179487178,0.825102989285275,0.8956043956043955,0.8470668220668218
real_data_testing,category_flip,thal,2,DecisionTreeClassifier,0.92302261492812,-2.220446049250313e-16,0.5752281270469746,0.46153846153846145,0.4195254683056528,0.6373626373626374,0.5662642912642913
real_data_testing,category_flip,thal,2,RandomForestClassifier,0.9971534370642247,0.33333333333333326,0.8527746348596182,0.8717948717948716,0.9343221700888809,0.9560439560439561,0.9093045843045844
real_data_testing,category_flip,thal,3,DecisionTreeClassifier,0.9620076274018949,0.08333333333333315,0.010318648989494195,0.5128205128205127,0.5886505560388822,0.7527472527472527,0.6553668553668555
real_data_testing,category_flip,thal,3,RandomForestClassifier,0.9922703709403748,0.33333333333333326,0.7355040805017701,0.7179487179487178,0.8549553385870015,0.8791208791208791,0.7645881895881895
real_data_testing,category_flip,thal,4,DecisionTreeClassifier,0.9365377872856037,-2.220446049250313e-16,0.41420815034002856,0.5128205128205127,0.488803596531567,0.7032967032967032,0.6315906315906317
real_data_testing,category_flip,thal,4,RandomForestClassifier,0.9902395849474179,0.16666666666666652,0.8026850511299826,0.7179487179487178,0.8367466758813827,0.8681318681318682,0.7511849261849262
real_data_testing,category_flip,num,0,DecisionTreeClassifier,0.9130097203720202,-0.08333333333333348,-0.4184283858802502,0.30769230769230765,0.35464061880540865,0.48901098901098894,0.6849761349761351
real_data_testing,category_flip,num,0,RandomForestClassifier,0.9964076016179295,0.4999999999999999,0.8822749189747157,0.9230769230769229,0.9309725277554053,0.9835164835164836,0.7230436230436231
real_data_testing,category_flip,num,1,DecisionTreeClassifier,0.9873041070485755,0.2499999999999999,0.6926536155909542,0.7179487179487178,0.8238190227456306,0.8626373626373626,0.6398323898323899
real_data_testing,category_flip,num,1,RandomForestClassifier,0.9954675806066188,0.4999999999999999,0.9238026269290393,0.8974358974358972,0.9186729325571799,0.967032967032967,0.7182844932844932
real_data_testing,category_flip,num,2,DecisionTreeClassifier,0.9743045257288327,0.08333333333333315,0.5393676716083268,0.6666666666666665,0.7203988884167123,0.8296703296703297,0.6478882228882228
real_data_testing,category_flip,num,2,RandomForestClassifier,0.9986473215737734,0.41666666666666663,0.9106054362556079,0.8974358974358972,0.9538427954330146,0.9725274725274725,0.8349178599178598
real_data_testing,category_flip,num,3,DecisionTreeClassifier,0.9282063063370475,0.08333333333333315,0.6040994048940056,0.6153846153846153,0.5869555195072454,0.7857142857142857,0.6064074814074814
real_data_testing,category_flip,num,3,RandomForestClassifier,0.9985989808980175,0.4999999999999999,0.9099659982772953,0.9230769230769229,0.9569531983761391,0.9835164835164836,0.9696581196581195
real_data_testing,category_flip,num,4,DecisionTreeClassifier,0.9849213138167385,0.08333333333333315,0.7638708964287877,0.6153846153846153,0.7674897810603265,0.8186813186813187,0.7103119103119102
real_data_testing,category_flip,num,4,RandomForestClassifier,0.9965628268377004,0.4999999999999999,0.9621432447729501,0.9230769230769229,0.9339465133440317,0.9835164835164836,0.8135836385836386
real_data_testing,correlation_mix,Age,0,LinearRegression,0.9329923242198646,0.16666666666666652,0.8277327058413528,0.6923076923076922,0.5324480603284663,0.8131868131868131,0.6961510711510712
real_data_testing,correlation_mix,Age,0,RandomForestRegressor,0.988078627660535,0.16666666666666652,0.9132178932711789,0.846153846153846,0.8429894423438887,0.9560439560439561,0.5732878232878235
real_data_testing,correlation_mix,Age,1,LinearRegression,0.9538658918561355,0.08333333333333315,0.8327887306264307,0.564102564102564,0.6207629540494577,0.6978021978021978,0.5388861138861138
real_data_testing,correlation_mix,Age,1,RandomForestRegressor,0.9781485160389518,0.2499999999999999,0.9383485792742438,0.769230769230769,0.7788417264910579,0.9175824175824175,0.7514929514929515
real_data_testing,correlation_mix,Age,2,LinearRegression,0.8748467272206818,0.08333333333333315,0.7074600234460586,0.33333333333333326,0.11752507796004566,0.5439560439560439,0.5637945387945388
real_data_testing,correlation_mix,Age,2,RandomForestRegressor,0.9839695060090051,0.16666666666666652,0.9393369502205663,0.846153846153846,0.8202922414592992,0.9505494505494506,0.5732878232878235
real_data_testing,correlation_mix,Age,3,LinearRegression,0.9323587563029405,0.08333333333333315,0.7954041007866849,0.6923076923076922,0.6403434255997492,0.8241758241758241,0.4650765900765901
real_data_testing,correlation_mix,Age,3,RandomForestRegressor,0.9968244086104373,0.2499999999999999,0.9059115026779809,0.8717948717948716,0.9225289043359487,0.967032967032967,0.6104673104673104
real_data_testing,correlation_mix,Age,4,LinearRegression,0.9081917699446154,-2.220446049250313e-16,0.9077840168523056,0.5384615384615383,0.39912823783973084,0.7307692307692307,0.5253330003330003
real_data_testing,correlation_mix,Age,4,RandomForestRegressor,0.9874757507511823,0.4999999999999999,0.885329626475131,0.846153846153846,0.8456855030237242,0.945054945054945,0.8759435009435008
real_data_testing,correlation_mix,trestbps,0,LinearRegression,0.8109852124715808,0.16666666666666652,0.6180105858611008,0.282051282051282,0.09814879613866181,0.35714285714285715,0.7396769896769897
real_data_testing,correlation_mix,trestbps,0,RandomForestRegressor,0.9738424612919853,0.41666666666666663,0.9148324416574931,0.6923076923076922,0.7228748343139968,0.8736263736263737,0.8011904761904761
real_data_testing,correlation_mix,trestbps,1,LinearRegression,0.8878080423528955,0.16666666666666652,0.5470562471723276,0.4102564102564102,0.33391041655577314,0.48901098901098894,0.6532023532023532
real_data_testing,correlation_mix,trestbps,1,RandomForestRegressor,0.9511357167445802,0.33333333333333326,0.94640428358357,0.8205128205128204,0.7008109997181484,0.9285714285714285,0.7402930402930402
real_data_testing,correlation_mix,trestbps,2,LinearRegression,0.9162711121481432,0.16666666666666652,-1.2087220423410558,0.4102564102564102,0.37813167270655235,0.6153846153846153,0.5915723165723167
real_data_testing,correlation_mix,trestbps,2,RandomForestRegressor,0.9733411760100419,0.33333333333333326,0.8842779718124465,0.769230769230769,0.7206514350436697,0.9230769230769231,0.7468531468531469
real_data_testing,correlation_mix,trestbps,3,LinearRegression,0.8662099022525395,0.08333333333333315,0.02268194015976044,0.3846153846153845,0.26578383695770114,0.510989010989011,0.4744144744144745
real_data_testing,correlation_mix,trestbps,3,RandomForestRegressor,0.9634677760846468,0.16666666666666652,0.8543270469938784,0.769230769230769,0.7400740376831855,0.9175824175824175,0.6427655677655678
real_data_testing,correlation_mix,trestbps,4,LinearRegression,0.8048613815825886,-2.220446049250313e-16,0.3453430075614643,0.282051282051282,0.1560375296067835,0.39010989010989006,0.6257881007881008
real_data_testing,correlation_mix,trestbps,4,RandomForestRegressor,0.9691546201524566,0.16666666666666652,0.8867916832232179,0.6923076923076922,0.7286167251167038,0.8571428571428571,0.7832084582084582
real_data_testing,correlation_mix,chol,0,LinearRegression,0.9255054320887033,-0.08333333333333348,-0.9511158155795794,0.282051282051282,0.4261562534267952,0.4175824175824176,0.5034743034743034
real_data_testing,correlation_mix,chol,0,RandomForestRegressor,0.977880014191536,0.08333333333333315,0.9276056378925825,0.7435897435897434,0.7591676679816834,0.8901098901098902,0.6024392274392275
real_data_testing,correlation_mix,chol,1,LinearRegression,0.8812311872890196,-2.220446049250313e-16,0.1737864071009787,0.4871794871794871,0.40667954923517563,0.6593406593406593,0.6038433788433788
real_data_testing,correlation_mix,chol,1,RandomForestRegressor,0.9726944797162121,-0.08333333333333348,0.8780246406248785,0.6410256410256409,0.6796251518697468,0.8296703296703297,0.5608308358308359
real_data_testing,correlation_mix,chol,2,LinearRegression,0.8726820528596467,0.08333333333333315,0.21242435696640527,0.25641025641025633,0.12199929086245156,0.3516483516483516,0.6976745476745475
real_data_testing,correlation_mix,chol,2,RandomForestRegressor,0.9758670161886034,0.2499999999999999,0.9272929714064961,0.6666666666666665,0.7637364858831309,0.7967032967032966,0.8641608391608391
real_data_testing,correlation_mix,chol,3,LinearRegression,0.9500913913373996,-2.220446049250313e-16,0.03755313047368358,0.3589743589743589,0.5392555480996248,0.4725274725274725,0.44279054279054275
real_data_testing,correlation_mix,chol,3,RandomForestRegressor,0.9739202565410086,0.2499999999999999,0.8335413386312296,0.6666666666666665,0.7029115070220034,0.8296703296703297,0.6158424908424909
real_data_testing,correlation_mix,chol,4,LinearRegression,0.9009345511271799,0.08333333333333315,-0.1922297496436145,0.3589743589743589,0.35701497885821876,0.5274725274725275,0.45381007881007884
real_data_testing,correlation_mix,chol,4,RandomForestRegressor,0.9797447064355593,0.16666666666666652,0.925598796645269,0.6410256410256409,0.7599514133157881,0.8131868131868131,0.7652597402597403
real_data_testing,correlation_mix,thalach,0,LinearRegression,0.9128534969401274,0.16666666666666652,0.6392314225458685,0.3589743589743589,0.35244725171387015,0.4450549450549451,0.6385503385503385
real_data_testing,correlation_mix,thalach,0,RandomForestRegressor,0.947681370679666,0.2499999999999999,0.22879229252094035,0.6666666666666665,0.6749999054677182,0.8296703296703297,0.654057054057054
real_data_testing,correlation_mix,thalach,1,LinearRegression,0.8234355058680408,-2.220446049250313e-16,0.4490293858760914,0.23076923076923073,-0.001205577462805878,0.2692307692307692,0.5042374292374292
real_data_testing,correlation_mix,thalach,1,RandomForestRegressor,0.9499952041194156,0.33333333333333326,0.13288318558812806,0.564102564102564,0.5247096477319961,0.8076923076923077,0.7425185925185923
real_data_testing,correlation_mix,thalach,2,LinearRegression,0.901598130501973,0.08333333333333315,0.7686318830143659,0.282051282051282,0.13113489058542838,0.34065934065934067,0.501032301032301
real_data_testing,correlation_mix,thalach,2,RandomForestRegressor,0.9116041496250001,-2.220446049250313e-16,0.3004466817285999,0.5128205128205127,0.5312796413241617,0.6208791208791209,0.5615023865023865
real_data_testing,correlation_mix,thalach,3,LinearRegression,0.8369050216755552,0.08333333333333315,0.26512993510165006,0.07692307692307691,-0.09754531659442914,0.14285714285714285,0.5250555000555001
real_data_testing,correlation_mix,thalach,3,RandomForestRegressor,0.9305451733460582,0.33333333333333326,-0.4875964421690342,0.6153846153846153,0.577773453531857,0.7912087912087913,0.7330863580863581
real_data_testing,correlation_mix,thalach,4,LinearRegression,0.9009864177834652,-2.220446049250313e-16,0.5424185027718245,0.30769230769230765,0.34833415212832886,0.41208791208791207,0.5268870018870019
real_data_testing,correlation_mix,thalach,4,RandomForestRegressor,0.9960317750901836,0.41666666666666663,-0.06534877587780596,0.8205128205128204,0.909871977112135,0.9340659340659341,0.8189837939837938
real_data_testing,correlation_mix,oldpeak,0,LinearRegression,0.8135667783754102,-2.220446049250313e-16,0.16429312340644409,0.2051282051282051,0.00590237753052025,0.32417582417582413,0.5738650238650239
real_data_testing,correlation_mix,oldpeak,0,RandomForestRegressor,0.9947682492375618,0.33333333333333326,0.358959639786009,0.769230769230769,0.8862607217786962,0.9065934065934067,0.6259435009435012
real_data_testing,correlation_mix,oldpeak,1,LinearRegression,0.804445740902612,-0.08333333333333348,0.4117706101975167,0.10256410256410255,-0.05950138148022428,0.1758241758241758,0.4510323010323011
real_data_testing,correlation_mix,oldpeak,1,RandomForestRegressor,0.9860030898506705,0.2499999999999999,0.3640540558562907,0.6923076923076922,0.7977357482404634,0.8681318681318682,0.6644050394050395
real_data_testing,correlation_mix,oldpeak,2,LinearRegression,0.8795525590965608,-0.08333333333333348,0.20153322402795626,0.05128205128205127,0.0652802853071526,0.19230769230769232,0.6151681651681652
real_data_testing,correlation_mix,oldpeak,2,RandomForestRegressor,0.9885008233260502,0.16666666666666652,0.5172732878658861,0.7179487179487178,0.8208584898278903,0.8791208791208791,0.6067127317127317
real_data_testing,correlation_mix,oldpeak,3,LinearRegression,0.8961690561801625,-0.08333333333333348,0.22532230008504162,0.12820512820512817,0.09730847686969582,0.20329670329670327,0.4778332778332779
real_data_testing,correlation_mix,oldpeak,3,RandomForestRegressor,0.9752146287528859,0.08333333333333315,0.186442357670204,0.6923076923076922,0.7221070867506755,0.8626373626373626,0.7586940836940836
real_data_testing,correlation_mix,oldpeak,4,LinearRegression,0.9045757998609024,-2.220446049250313e-16,0.33791009767886493,0.17948717948717946,0.2934566354244746,0.32967032967032966,0.5496003996003996
real_data_testing,correlation_mix,oldpeak,4,RandomForestRegressor,0.9823519615911332,0.16666666666666652,0.24958069278291328,0.7179487179487178,0.7788831752608145,0.8681318681318682,0.7035991785991786
real_data_testing,correlation_mix,sex,0,DecisionTreeClassifier,0.9448869377652778,0.33333333333333326,0.376441877861448,0.564102564102564,0.500625803706189,0.7417582417582418,0.8380591630591631
real_data_testing,correlation_mix,sex,0,RandomForestClassifier,0.9994884761512185,0.6666666666666666,0.9501504129127848,0.9487179487179485,0.9784939058673716,0.989010989010989,0.9265207015207015
real_data_testing,correlation_mix,sex,1,DecisionTreeClassifier,0.9247850532313603,-2.220446049250313e-16,0.658321111158225,0.564102564102564,0.44566975249121654,0.7472527472527472,0.6526529026529027
real_data_testing,correlation_mix,sex,1,RandomForestClassifier,0.9959933987894943,0.4999999999999999,0.9487257774826254,0.846153846153846,0.9203210665335653,0.945054945054945,0.8011266511266512
real_data_testing,correlation_mix,sex,2,DecisionTreeClassifier,0.9107029783103463,0.08333333333333315,-0.8270236349799542,0.33333333333333326,0.46482475605581075,0.45604395604395603,0.7103119103119102
real_data_testing,correlation_mix,sex,2,RandomForestClassifier,0.9973870100110771,0.41666666666666663,0.9182864736614775,0.8717948717948716,0.9379168691839016,0.9505494505494506,0.7662642912642911
real_data_testing,correlation_mix,sex,3,DecisionTreeClassifier,0.9443416906027867,0.08333333333333315,0.1288767279560511,0.4871794871794871,0.5423820942478124,0.6978021978021978,0.7105588855588856
real_data_testing,correlation_mix,sex,3,RandomForestClassifier,0.9784002302351165,0.16666666666666652,0.8920868596568996,0.7948717948717947,0.8009457009481443,0.9340659340659341,0.7021617271617272
real_data_testing,correlation_mix,sex,4,DecisionTreeClassifier,0.9817874282435056,0.41666666666666663,0.9004400140870223,0.7948717948717947,0.7695057183304495,0.9230769230769231,0.784032634032634
real_data_testing,correlation_mix,sex,4,RandomForestClassifier,0.9979829645738789,0.5833333333333333,0.920014024359078,0.8974358974358972,0.9571664777475373,0.9560439560439561,0.9265207015207015
real_data_testing,correlation_mix,cp,0,DecisionTreeClassifier,0.9463894047796296,0.08333333333333315,0.6630795383814868,0.564102564102564,0.49208510290493346,0.7802197802197801,0.6812548562548563
real_data_testing,correlation_mix,cp,0,RandomForestClassifier,0.9972547581638792,0.4999999999999999,0.9475249803296829,0.846153846153846,0.9304057703668348,0.945054945054945,0.9485625485625485
real_data_testing,correlation_mix,cp,1,DecisionTreeClassifier,0.9558756701536026,0.33333333333333326,0.654967247235584,0.6153846153846153,0.6143664635531516,0.8021978021978022,0.7765540015540016
real_data_testing,correlation_mix,cp,1,RandomForestClassifier,0.9888926058371218,0.41666666666666663,0.9690814973233187,0.846153846153846,0.8535702225057222,0.9505494505494506,0.8549728049728049
real_data_testing,correlation_mix,cp,2,DecisionTreeClassifier,0.9937642197449917,0.33333333333333326,0.5729596062811805,0.7435897435897434,0.881346715614028,0.8736263736263737,0.8476162726162725
real_data_testing,correlation_mix,cp,2,RandomForestClassifier,0.9905370647721152,0.5833333333333333,0.9438831450748774,0.8717948717948716,0.8849451960003247,0.9560439560439561,0.9083916083916084
real_data_testing,correlation_mix,cp,3,DecisionTreeClassifier,0.9125764861048341,0.08333333333333315,0.36151620235973114,0.4871794871794871,0.4065819628333972,0.7252747252747254,0.7037490287490288
real_data_testing,correlation_mix,cp,3,RandomForestClassifier,0.997769826455223,0.4999999999999999,0.9322258334265356,0.8717948717948716,0.9439752249795594,0.9505494505494506,0.9562548562548562
real_data_testing,correlation_mix,cp,4,DecisionTreeClassifier,0.9229948291017852,0.16666666666666652,0.5626751912994918,0.46153846153846145,0.44979870441326153,0.7197802197802198,0.7677933177933178
real_data_testing,correlation_mix,cp,4,RandomForestClassifier,0.9901208837855653,0.4999999999999999,0.963707167906561,0.846153846153846,0.8753766384262383,0.945054945054945,0.8921522921522922
real_data_testing,correlation_mix,fbs,0,DecisionTreeClassifier,0.9096565947150704,-0.08333333333333348,-0.5311776179526584,0.4358974358974358,0.3882792041487164,0.5989010989010989,0.577802752802753
real_data_testing,correlation_mix,fbs,0,RandomForestClassifier,0.9979618935462827,0.6666666666666666,0.9777027898294107,0.9487179487179485,0.9532065204586766,0.989010989010989,0.8043956043956043
real_data_testing,correlation_mix,fbs,1,DecisionTreeClassifier,0.8464809486929292,-0.08333333333333348,-0.43548180236154943,0.12820512820512817,0.07624864782478305,0.24175824175824176,0.6347624597624599
real_data_testing,correlation_mix,fbs,1,RandomForestClassifier,0.9993225502366102,0.8333333333333333,0.9797294164931022,0.9743589743589742,0.9807834777350299,0.9945054945054945,0.9608058608058608
real_data_testing,correlation_mix,fbs,2,DecisionTreeClassifier,0.9461479811784931,-2.220446049250313e-16,-0.08139812914848132,0.46153846153846145,0.49348985261399214,0.6703296703296703,0.7745393495393494
real_data_testing,correlation_mix,fbs,2,RandomForestClassifier,0.9617074359344183,0.6666666666666666,0.9764624863443901,0.846153846153846,0.7239808620122463,0.9285714285714285,0.814102564102564
real_data_testing,correlation_mix,fbs,3,DecisionTreeClassifier,0.9021187387666908,-0.08333333333333348,-0.462256681587478,0.23076923076923073,0.32528107356094965,0.33516483516483514,0.6016428016428017
real_data_testing,correlation_mix,fbs,3,RandomForestClassifier,0.9913357133303722,0.6666666666666666,0.9679979399879689,0.9487179487179485,0.905165214796251,0.989010989010989,0.7364468864468865
real_data_testing,correlation_mix,fbs,4,DecisionTreeClassifier,0.9588168303112752,0.2499999999999999,0.8897420392983301,0.769230769230769,0.694480172799194,0.8956043956043955,0.6978299478299479
real_data_testing,correlation_mix,fbs,4,RandomForestClassifier,0.9990312354746269,0.8333333333333333,0.9947872120676572,0.9743589743589742,0.976416086311173,0.9945054945054945,0.9717948717948718
real_data_testing,correlation_mix,restecg,0,DecisionTreeClassifier,0.904806216304908,0.2499999999999999,0.844357073902441,0.5384615384615383,0.4162909372046775,0.7032967032967032,0.7461205461205461
real_data_testing,correlation_mix,restecg,0,RandomForestClassifier,0.9969379233116986,0.6666666666666666,0.9755323661505452,0.9487179487179485,0.9479272561001681,0.989010989010989,0.8519813519813518
real_data_testing,correlation_mix,restecg,1,DecisionTreeClassifier,0.9847173866231951,0.08333333333333315,0.686697806617524,0.769230769230769,0.7970852934238402,0.9230769230769231,0.7628787878787878
real_data_testing,correlation_mix,restecg,1,RandomForestClassifier,0.9916736075669524,0.6666666666666666,0.9828112333506778,0.9487179487179485,0.9129881247093135,0.989010989010989,0.9673659673659672
real_data_testing,correlation_mix,restecg,2,DecisionTreeClassifier,0.9705171465759852,-2.220446049250313e-16,0.7096835914733546,0.6410256410256409,0.6929431506126129,0.8241758241758241,0.6600677100677103
real_data_testing,correlation_mix,restecg,2,RandomForestClassifier,0.9984675412298182,0.8333333333333333,0.9675750079804916,0.9743589743589742,0.9694282600330022,0.9945054945054945,0.8115384615384615
real_data_testing,correlation_mix,restecg,3,DecisionTreeClassifier,0.9121437736048341,-0.08333333333333348,0.33376887111741416,0.4871794871794871,0.40708989205576884,0.7087912087912087,0.6362914862914864
real_data_testing,correlation_mix,restecg,3,RandomForestClassifier,0.9922873877708099,0.41666666666666663,0.9189783841850239,0.8974358974358972,0.9051665237047696,0.9725274725274725,0.7959984459984459
real_data_testing,correlation_mix,restecg,4,DecisionTreeClassifier,0.9107732094410416,0.16666666666666652,0.4634077022527838,0.4102564102564102,0.30489002405192117,0.5934065934065934,0.6823537573537574
real_data_testing,correlation_mix,restecg,4,RandomForestClassifier,0.9895223965168435,0.16666666666666652,0.9642495538812155,0.8717948717948716,0.8583730441634461,0.9725274725274725,0.6478299478299478
real_data_testing,correlation_mix,exang,0,DecisionTreeClassifier,0.9652809167413676,0.08333333333333315,0.4732392142773447,0.5897435897435896,0.6300119925107164,0.7967032967032966,0.7060078810078809
real_data_testing,correlation_mix,exang,0,RandomForestClassifier,0.9968597494844933,0.4999999999999999,0.9676827227049554,0.846153846153846,0.9248345466915302,0.945054945054945,0.9373931623931624
real_data_testing,correlation_mix,exang,1,DecisionTreeClassifier,0.9791983799931687,-2.220446049250313e-16,0.7128534611743129,0.6923076923076922,0.7301456757007534,0.8901098901098902,0.6271617271617272
real_data_testing,correlation_mix,exang,1,RandomForestClassifier,0.9906704121918931,0.41666666666666663,0.9625418965778821,0.7435897435897434,0.8527281580253981,0.8681318681318682,0.7009768009768008
real_data_testing,correlation_mix,exang,2,DecisionTreeClassifier,0.9583576840239992,0.08333333333333315,0.8722246066272201,0.6923076923076922,0.6112794755290827,0.8571428571428571,0.6273754023754023
real_data_testing,correlation_mix,exang,2,RandomForestClassifier,0.9898220524051782,0.33333333333333326,0.9503610117895714,0.8974358974358972,0.8700421090413875,0.9780219780219779,0.823989898989899
real_data_testing,correlation_mix,exang,3,DecisionTreeClassifier,0.9304982923489502,-2.220446049250313e-16,-0.14865192664104065,0.5897435897435896,0.48091364141549453,0.7582417582417583,0.616905316905317
real_data_testing,correlation_mix,exang,3,RandomForestClassifier,0.9979361141045983,0.41666666666666663,0.9747510986980414,0.8974358974358972,0.9437731440477095,0.9725274725274725,0.8447802197802197
real_data_testing,correlation_mix,exang,4,DecisionTreeClassifier,0.9563326852178812,0.16666666666666652,0.6906204444258208,0.6923076923076922,0.6027299759538962,0.8846153846153846,0.7327172827172826
real_data_testing,correlation_mix,exang,4,RandomForestClassifier,0.994449232370423,0.5833333333333333,0.9479909679805463,0.8205128205128204,0.8938307941962416,0.9340659340659341,0.942152292152292
real_data_testing,correlation_mix,slope,0,DecisionTreeClassifier,0.9660831066578571,-2.220446049250313e-16,0.024302955985541996,0.3589743589743589,0.5947934091511322,0.5274725274725275,0.5585719835719837
real_data_testing,correlation_mix,slope,0,RandomForestClassifier,0.9971440598270456,0.5833333333333333,0.7806164445147232,0.8717948717948716,0.9290818821173719,0.9615384615384615,0.8799145299145299
real_data_testing,correlation_mix,slope,1,DecisionTreeClassifier,0.9861578207070484,-2.220446049250313e-16,0.2568639862899409,0.6923076923076922,0.807067611524096,0.8516483516483516,0.7785991785991784
real_data_testing,correlation_mix,slope,1,RandomForestClassifier,0.9982141259836396,0.41666666666666663,0.8125417175440232,0.8974358974358972,0.9477908387456702,0.9725274725274725,0.9626651126651125
real_data_testing,correlation_mix,slope,2,DecisionTreeClassifier,0.9502550043267646,-0.08333333333333348,0.286049987853521,0.5897435897435896,0.6177011988729426,0.8021978021978022,0.6256660006660008
real_data_testing,correlation_mix,slope,2,RandomForestClassifier,0.9951990099731357,0.16666666666666652,0.7431751717389771,0.8717948717948716,0.8970575445632452,0.9725274725274725,0.717094017094017
real_data_testing,correlation_mix,slope,3,DecisionTreeClassifier,0.9542180018799074,-0.08333333333333348,0.4686342665123373,0.6410256410256409,0.6605772606522612,0.7912087912087913,0.6753940503940503
real_data_testing,correlation_mix,slope,3,RandomForestClassifier,0.9959959724186543,0.33333333333333326,0.7951766287601026,0.8974358974358972,0.9176466755614273,0.9780219780219779,0.7773504273504274
real_data_testing,correlation_mix,slope,4,DecisionTreeClassifier,0.8965564200811286,-2.220446049250313e-16,0.30093399650489494,0.282051282051282,0.27512944378077936,0.4505494505494505,0.7040265290265292
real_data_testing,correlation_mix,slope,4,RandomForestClassifier,0.9940584433679082,0.2499999999999999,0.8171510380843267,0.8717948717948716,0.8936260227302146,0.967032967032967,0.8158119658119658
real_data_testing,correlation_mix,ca,0,DecisionTreeClassifier,0.9594513341987514,0.08333333333333315,0.5737709746370134,0.4871794871794871,0.5669801211700247,0.7252747252747254,0.692973692973693
real_data_testing,correlation_mix,ca,0,RandomForestClassifier,0.9936909091718592,0.2499999999999999,0.975372640901625,0.846153846153846,0.8957964839226767,0.9505494505494506,0.9026223776223775
real_data_testing,correlation_mix,ca,1,DecisionTreeClassifier,0.9171606421283317,-2.220446049250313e-16,0.8122428864277287,0.5384615384615383,0.38905240549753217,0.7747252747252747,0.5991119991119991
real_data_testing,correlation_mix,ca,1,RandomForestClassifier,0.9855479554120279,0.2499999999999999,0.9617340417629695,0.7948717948717947,0.8464368165134226,0.9230769230769231,0.7543900543900542
real_data_testing,correlation_mix,ca,2,DecisionTreeClassifier,0.8886547872954664,-0.08333333333333348,0.6123509433150558,0.33333333333333326,0.3025779098708863,0.6208791208791209,0.7422105672105671
real_data_testing,correlation_mix,ca,2,RandomForestClassifier,0.9787766898470015,0.5833333333333333,0.9791103286659292,0.8205128205128204,0.8030703503424541,0.9285714285714285,0.7915112665112665
real_data_testing,correlation_mix,ca,3,DecisionTreeClassifier,0.979532362146798,0.16666666666666652,0.64815020708557,0.7179487179487178,0.7541432771986101,0.8791208791208791,0.707109557109557
real_data_testing,correlation_mix,ca,3,RandomForestClassifier,0.9569258996661433,0.08333333333333315,0.9503688557525035,0.7435897435897434,0.7031298765931961,0.8681318681318682,0.7460567210567212
real_data_testing,correlation_mix,ca,4,DecisionTreeClassifier,0.8955421890236718,-0.08333333333333348,0.2678926858741333,0.4102564102564102,0.3666899216080144,0.5934065934065934,0.5566489066489068
real_data_testing,correlation_mix,ca,4,RandomForestClassifier,0.9859230767085356,0.41666666666666663,0.9821966046271343,0.846153846153846,0.8505741309065589,0.9505494505494506,0.8098873348873348
real_data_testing,correlation_mix,thal,0,DecisionTreeClassifier,0.9502805838087657,0.2499999999999999,0.7395773408894264,0.6153846153846153,0.586984679080355,0.8076923076923077,0.7561632811632811
real_data_testing,correlation_mix,thal,0,RandomForestClassifier,0.9971648120990662,0.41666666666666663,0.9867448679013667,0.8974358974358972,0.9352567307711888,0.9725274725274725,0.8441336441336441
real_data_testing,correlation_mix,thal,1,DecisionTreeClassifier,0.9593997155344073,0.33333333333333326,0.8338651694308621,0.769230769230769,0.6791593258713914,0.9230769230769231,0.8564102564102564
real_data_testing,correlation_mix,thal,1,RandomForestClassifier,0.9951411246110075,0.2499999999999999,0.93880418591539,0.7948717948717947,0.8924150641990543,0.9285714285714285,0.825971250971251
real_data_testing,correlation_mix,thal,2,DecisionTreeClassifier,0.9248620158726294,0.2499999999999999,0.5146356259241166,0.5897435897435896,0.49894392897687867,0.7747252747252747,0.6694111444111445
real_data_testing,correlation_mix,thal,2,RandomForestClassifier,0.9969853842282524,0.4999999999999999,0.9785528745467217,0.8717948717948716,0.9215495498954475,0.967032967032967,0.8865967365967365
real_data_testing,correlation_mix,thal,3,DecisionTreeClassifier,0.9840085182203093,0.16666666666666652,0.7483865868910683,0.7435897435897434,0.7993344345617004,0.8846153846153846,0.5919053169053169
real_data_testing,correlation_mix,thal,3,RandomForestClassifier,0.9995131501614525,0.6666666666666666,0.982529344549294,0.9487179487179485,0.9792268946378091,0.989010989010989,0.9375097125097126
real_data_testing,correlation_mix,thal,4,DecisionTreeClassifier,0.9430778815638253,0.08333333333333315,0.745777410861638,0.6410256410256409,0.5826087797511271,0.8296703296703297,0.7558275058275059
real_data_testing,correlation_mix,thal,4,RandomForestClassifier,0.9998075725428109,0.8333333333333333,0.9737694748824356,0.9743589743589742,0.9908681815682993,0.9945054945054945,0.9853146853146852
real_data_testing,correlation_mix,num,0,DecisionTreeClassifier,0.964643628797686,0.16666666666666652,0.6586476966957572,0.6666666666666665,0.6204571057589356,0.8461538461538461,0.7431873681873682
real_data_testing,correlation_mix,num,0,RandomForestClassifier,0.9977123357527282,0.4999999999999999,0.9690017989845793,0.8717948717948716,0.9487371068875059,0.945054945054945,0.9497530247530246
real_data_testing,correlation_mix,num,1,DecisionTreeClassifier,0.9817959912937558,0.16666666666666652,0.36409286785089234,0.6153846153846153,0.7498485301975376,0.7857142857142857,0.6110445110445109
real_data_testing,correlation_mix,num,1,RandomForestClassifier,0.9966870219519984,0.5833333333333333,0.9095855894021087,0.846153846153846,0.9378832738652565,0.9230769230769231,0.9497530247530246
real_data_testing,correlation_mix,num,2,DecisionTreeClassifier,0.9586349282067427,0.08333333333333315,0.5189407006902085,0.6666666666666665,0.6591573130609583,0.8406593406593407,0.6082667332667333
real_data_testing,correlation_mix,num,2,RandomForestClassifier,0.9963745776223434,0.6666666666666666,0.9478997524837809,0.8205128205128204,0.9249602746264594,0.9175824175824175,0.9631562881562881
real_data_testing,correlation_mix,num,3,DecisionTreeClassifier,0.9162381003238116,-2.220446049250313e-16,0.6273744016859478,0.4871794871794871,0.45576645465257365,0.6868131868131868,0.5949605949605951
real_data_testing,correlation_mix,num,3,RandomForestClassifier,0.998712114260525,0.4999999999999999,0.9343925453795477,0.8974358974358972,0.9600195347324694,0.967032967032967,0.9583000333000332
real_data_testing,correlation_mix,num,4,DecisionTreeClassifier,0.9808547724662001,0.41666666666666663,0.8570911347814396,0.7179487179487178,0.7657357709282111,0.8846153846153846,0.9447163947163946
real_data_testing,correlation_mix,num,4,RandomForestClassifier,0.993921219586298,0.16666666666666652,0.9414898030003154,0.846153846153846,0.8828253459372499,0.9505494505494506,0.6756715506715506
real_data_testing,missingness_mcar,Age,0,LinearRegression,0.8781009057698554,-2.220446049250313e-16,0.8452241247020975,0.46153846153846145,0.2913888508335858,0.6483516483516483,0.6172133422133422
real_data_testing,missingness_mcar,Age,0,RandomForestRegressor,0.9758233917202478,0.16666666666666652,0.9587360451840863,0.8205128205128204,0.7843841541789522,0.9340659340659341,0.6297313797313797
real_data_testing,missingness_mcar,Age,1,LinearRegression,0.9379785574856303,0.41666666666666663,0.7423339638308828,0.4358974358974358,0.4848935959178342,0.6373626373626374,0.7340631590631591
real_data_testing,missingness_mcar,Age,1,RandomForestRegressor,0.9940956991939509,0.41666666666666663,0.9614530186236795,0.8974358974358972,0.8990508668028514,0.9725274725274725,0.653021978021978
real_data_testing,missingness_mcar,Age,2,LinearRegression,0.8899972502571274,0.08333333333333315,0.8838187550961193,0.564102564102564,0.4572353408790456,0.6813186813186813,0.6310717060717062
real_data_testing,missingness_mcar,Age,2,RandomForestRegressor,0.9696561642436248,0.16666666666666652,0.889423903793784,0.7435897435897434,0.7252060003856918,0.8901098901098902,0.6746031746031748
real_data_testing,missingness_mcar,Age,3,LinearRegression,0.9640210382062183,0.33333333333333326,0.6290389907452426,0.5384615384615383,0.6621264993183497,0.7197802197802198,0.6564074814074814
real_data_testing,missingness_mcar,Age,3,RandomForestRegressor,0.9955713191836967,0.5833333333333333,0.9444030304484408,0.9230769230769229,0.9309328241970065,0.9780219780219779,0.8094322344322346
real_data_testing,missingness_mcar,Age,4,LinearRegression,0.8772340408883414,0.08333333333333315,0.9033649719905386,0.5128205128205127,0.4088820786863446,0.6593406593406593,0.649997224997225
real_data_testing,missingness_mcar,Age,4,RandomForestRegressor,0.9801315308822651,0.4999999999999999,0.9275845104046766,0.7948717948717947,0.7647223848662252,0.901098901098901,0.7306776556776556
real_data_testing,missingness_mcar,trestbps,0,LinearRegression,0.7860222207692674,-2.220446049250313e-16,0.5583089831037384,0.025641025641025637,-0.14980181670685025,0.0879120879120879,0.5192279942279943
real_data_testing,missingness_mcar,trestbps,0,RandomForestRegressor,0.9726814168559025,0.2499999999999999,0.9510623084174631,0.7948717948717947,0.7055319418763175,0.901098901098901,0.731926406926407
real_data_testing,missingness_mcar,trestbps,1,LinearRegression,0.7670803644001291,0.16666666666666652,0.19729634874672286,-0.025641025641025637,-0.06610671560239328,-0.06593406593406594,0.6305222555222555
real_data_testing,missingness_mcar,trestbps,1,RandomForestRegressor,0.9785816061361912,0.16666666666666652,0.9673626687038451,0.769230769230769,0.8063666910123652,0.8736263736263737,0.5691058941058941
real_data_testing,missingness_mcar,trestbps,2,LinearRegression,0.8636113452726573,0.08333333333333315,0.5473702063162882,0.3846153846153845,0.2616007834835524,0.48901098901098894,0.4613802863802864
real_data_testing,missingness_mcar,trestbps,2,RandomForestRegressor,0.9856359619758155,0.2499999999999999,0.9104155124965572,0.7435897435897434,0.8250879368373107,0.8846153846153846,0.7191974691974691
real_data_testing,missingness_mcar,trestbps,3,LinearRegression,0.9355098108294302,0.16666666666666652,0.27107177406196636,0.30769230769230765,0.46503992607284694,0.41208791208791207,0.495995670995671
real_data_testing,missingness_mcar,trestbps,3,RandomForestRegressor,0.989120713834681,0.08333333333333315,0.9466732376227251,0.7948717948717947,0.8460826113248511,0.9285714285714285,0.6985930735930737
real_data_testing,missingness_mcar,trestbps,4,LinearRegression,0.9074334912084295,-2.220446049250313e-16,0.3084939257121062,0.25641025641025633,0.2737765413924867,0.4010989010989011,0.5887057387057386
real_data_testing,missingness_mcar,trestbps,4,RandomForestRegressor,0.9154906876725313,0.16666666666666652,0.8674932070129419,0.6666666666666665,0.5242689091469146,0.8241758241758241,0.764069264069264
real_data_testing,missingness_mcar,chol,0,LinearRegression,0.945445841350622,-0.08333333333333348,-0.2537656213422179,0.46153846153846145,0.4330937594441386,0.5934065934065934,0.43106893106893107
real_data_testing,missingness_mcar,chol,0,RandomForestRegressor,0.9526504712049109,0.16666666666666652,0.8745286180486295,0.6410256410256409,0.6025062980314889,0.8351648351648352,0.6249333999334
real_data_testing,missingness_mcar,chol,1,LinearRegression,0.8817588261916575,-2.220446049250313e-16,0.10821162128696815,0.33333333333333326,0.21082124120013523,0.48901098901098894,0.3964535464535465
real_data_testing,missingness_mcar,chol,1,RandomForestRegressor,0.9172671252908532,-0.08333333333333348,0.8686882994217058,0.5384615384615383,0.4486909315036538,0.7252747252747254,0.7044205794205793
real_data_testing,missingness_mcar,chol,2,LinearRegression,0.9042934055482234,0.16666666666666652,0.6918206639790212,0.5384615384615383,0.46094231523810947,0.6868131868131868,0.5835775335775335
real_data_testing,missingness_mcar,chol,2,RandomForestRegressor,0.9411413524155071,0.2499999999999999,0.9108681752969043,0.6410256410256409,0.5527791181970572,0.7802197802197801,0.6914835164835165
real_data_testing,missingness_mcar,chol,3,LinearRegression,0.979006403606914,0.41666666666666663,0.693917694006699,0.6666666666666665,0.7328158490787757,0.8516483516483516,0.9202658452658452
real_data_testing,missingness_mcar,chol,3,RandomForestRegressor,0.9712227611499975,0.2499999999999999,0.8344630370667934,0.6923076923076922,0.7243168151986967,0.8296703296703297,0.7344905094905094
real_data_testing,missingness_mcar,chol,4,LinearRegression,0.8582605303692424,0.33333333333333326,0.5376206806121502,0.4358974358974358,0.1969614997648329,0.5439560439560439,0.7403180153180154
real_data_testing,missingness_mcar,chol,4,RandomForestRegressor,0.9572207728927468,0.16666666666666652,0.8457910710197742,0.6153846153846153,0.6211373018857882,0.8076923076923077,0.6307359307359308
real_data_testing,missingness_mcar,thalach,0,LinearRegression,0.9526074349294734,0.08333333333333315,0.8624735584302599,0.564102564102564,0.5954405916964589,0.7417582417582418,0.48500666000666
real_data_testing,missingness_mcar,thalach,0,RandomForestRegressor,0.9736734537299228,0.5833333333333333,0.9440595149630542,0.769230769230769,0.7458178191315306,0.8791208791208791,0.7531135531135532
real_data_testing,missingness_mcar,thalach,1,LinearRegression,0.8135492197385242,-2.220446049250313e-16,0.516020980838154,0.2051282051282051,-0.05747875423322824,0.2857142857142857,0.5633033633033633
real_data_testing,missingness_mcar,thalach,1,RandomForestRegressor,0.9897026225687248,0.2499999999999999,0.8118771459620255,0.8205128205128204,0.84981372777437,0.9285714285714285,0.6105588855588857
real_data_testing,missingness_mcar,thalach,2,LinearRegression,0.9525965072927967,0.16666666666666652,0.7308934297371353,0.564102564102564,0.49064399462591246,0.6868131868131868,0.6231657231657232
real_data_testing,missingness_mcar,thalach,2,RandomForestRegressor,0.972888193316813,0.33333333333333326,0.7906788767971282,0.6923076923076922,0.7310282436280153,0.8571428571428571,0.625943500943501
real_data_testing,missingness_mcar,thalach,3,LinearRegression,0.83503744901088,0.16666666666666652,0.5266881663743288,0.25641025641025633,0.056168900391771026,0.26373626373626374,0.8228299478299477
real_data_testing,missingness_mcar,thalach,3,RandomForestRegressor,0.9769528893649728,0.4999999999999999,0.8175511177577878,0.7435897435897434,0.7775806658504896,0.8901098901098902,0.6387640137640138
real_data_testing,missingness_mcar,thalach,4,LinearRegression,0.9215859963949262,-2.220446049250313e-16,0.6240752173426327,0.4871794871794871,0.4806264087127932,0.6648351648351648,0.45902985902985904
real_data_testing,missingness_mcar,thalach,4,RandomForestRegressor,0.9774862792030715,0.33333333333333326,0.7145391815588056,0.7948717948717947,0.7966043422603803,0.9120879120879121,0.6047313797313797
real_data_testing,missingness_mcar,oldpeak,0,LinearRegression,0.8847186626978027,-2.220446049250313e-16,0.6411651496168971,0.3589743589743589,0.28579915700474023,0.4505494505494505,0.6155316905316905
real_data_testing,missingness_mcar,oldpeak,0,RandomForestRegressor,0.9857327641349246,0.2499999999999999,0.6264262657973627,0.7179487179487178,0.8069567178857115,0.8681318681318682,0.7682511932511932
real_data_testing,missingness_mcar,oldpeak,1,LinearRegression,0.8592024844393777,-2.220446049250313e-16,0.439495590601649,0.33333333333333326,0.303793376864722,0.40659340659340654,0.5833305583305584
real_data_testing,missingness_mcar,oldpeak,1,RandomForestRegressor,0.971743891342242,0.2499999999999999,0.8479984145578965,0.7948717948717947,0.7389131812614331,0.8626373626373626,0.7490537240537241
real_data_testing,missingness_mcar,oldpeak,2,LinearRegression,0.8264674821642275,0.08333333333333315,0.44564350780260364,0.2051282051282051,0.02341062874438732,0.3186813186813187,0.3802142302142303
real_data_testing,missingness_mcar,oldpeak,2,RandomForestRegressor,0.9964392405725487,0.41666666666666663,0.8935798387138303,0.8974358974358972,0.9253416033082227,0.9725274725274725,0.703021978021978
real_data_testing,missingness_mcar,oldpeak,3,LinearRegression,0.9183551832987519,0.16666666666666652,0.7813965500228744,0.4102564102564102,0.29162329089270184,0.5384615384615384,0.5218503718503719
real_data_testing,missingness_mcar,oldpeak,3,RandomForestRegressor,0.9937762580886353,0.5833333333333333,0.8878593828547435,0.9230769230769229,0.9125065918087343,0.9780219780219779,0.8327505827505827
real_data_testing,missingness_mcar,oldpeak,4,LinearRegression,0.8675438358971145,0.16666666666666652,0.5492681722934456,0.23076923076923073,0.17242942728853183,0.26373626373626374,0.495995670995671
real_data_testing,missingness_mcar,oldpeak,4,RandomForestRegressor,0.9768753825952031,0.41666666666666663,0.9743939323884085,0.8717948717948716,0.8127116977736049,0.9560439560439561,0.7994172494172493
real_data_testing,missingness_mcar,sex,0,DecisionTreeClassifier,0.9332088787590341,0.2499999999999999,0.5507521449682242,0.564102564102564,0.4993362379467705,0.7692307692307693,0.6988067488067489
real_data_testing,missingness_mcar,sex,0,RandomForestClassifier,0.994033769357674,0.2499999999999999,0.8984862401496077,0.8717948717948716,0.8928930339597771,0.967032967032967,0.7463342213342213
real_data_testing,missingness_mcar,sex,1,DecisionTreeClassifier,0.9099226357520037,0.16666666666666652,0.5602380851127874,0.46153846153846145,0.4220927469306823,0.6428571428571429,0.5879093129093129
real_data_testing,missingness_mcar,sex,1,RandomForestClassifier,0.9766423778590325,0.08333333333333315,0.9341330695122753,0.8205128205128204,0.7503131927216542,0.9285714285714285,0.6656870906870906
real_data_testing,missingness_mcar,sex,2,DecisionTreeClassifier,0.9630996128710289,-2.220446049250313e-16,0.5489872110690512,0.6923076923076922,0.7296032058369177,0.8571428571428571,0.6027111777111778
real_data_testing,missingness_mcar,sex,2,RandomForestClassifier,0.9879505857030465,0.33333333333333326,0.9385433035057485,0.8717948717948716,0.8506144162020769,0.9615384615384615,0.6919108669108669
real_data_testing,missingness_mcar,sex,3,DecisionTreeClassifier,0.9164054934990227,-2.220446049250313e-16,0.2995085149608896,0.46153846153846145,0.3727314797443499,0.6758241758241759,0.659029859029859
real_data_testing,missingness_mcar,sex,3,RandomForestClassifier,0.9708645360775803,0.2499999999999999,0.931200900745421,0.8205128205128204,0.7659318163374471,0.9285714285714285,0.6691974691974691
real_data_testing,missingness_mcar,sex,4,DecisionTreeClassifier,0.9322419382580507,0.08333333333333315,0.3715249804877655,0.4102564102564102,0.3878509729117019,0.5989010989010989,0.6486513486513488
real_data_testing,missingness_mcar,sex,4,RandomForestClassifier,0.9897931294196403,0.2499999999999999,0.8935086216537079,0.846153846153846,0.8610558703238154,0.9505494505494506,0.7831779331779332
real_data_testing,missingness_mcar,cp,0,DecisionTreeClassifier,0.9674751722214683,0.08333333333333315,0.6136724067958224,0.5897435897435896,0.6851975390192901,0.7802197802197801,0.7644327894327893
real_data_testing,missingness_mcar,cp,0,RandomForestClassifier,0.9977900914664284,0.6666666666666666,0.9254655293289521,0.9487179487179485,0.9502117377680319,0.989010989010989,0.9423076923076923
real_data_testing,missingness_mcar,cp,1,DecisionTreeClassifier,0.9505533831653848,-2.220446049250313e-16,0.7618988554674551,0.6153846153846153,0.5909441273492364,0.8296703296703297,0.6045121545121546
real_data_testing,missingness_mcar,cp,1,RandomForestClassifier,0.9935894946517674,0.4999999999999999,0.9121473171765516,0.8717948717948716,0.8816833959718777,0.967032967032967,0.7717948717948719
real_data_testing,missingness_mcar,cp,2,DecisionTreeClassifier,0.9525017695182946,0.08333333333333315,0.11111358304048169,0.4102564102564102,0.5842818557065067,0.5659340659340659,0.6885503385503385
real_data_testing,missingness_mcar,cp,2,RandomForestClassifier,0.987283348210224,0.6666666666666666,0.9592664012358963,0.9230769230769229,0.8960560841122068,0.967032967032967,0.8115384615384615
real_data_testing,missingness_mcar,cp,3,DecisionTreeClassifier,0.9896168427818369,0.08333333333333315,0.6390696928935131,0.7435897435897434,0.8269811275752412,0.901098901098901,0.7626651126651127
real_data_testing,missingness_mcar,cp,3,RandomForestClassifier,0.9908183475368106,0.4999999999999999,0.9126487151456669,0.8974358974358972,0.8878828230189888,0.967032967032967,0.7923076923076924
real_data_testing,missingness_mcar,cp,4,DecisionTreeClassifier,0.9111518440377562,0.08333333333333315,0.2495420907625362,0.46153846153846145,0.45869302866596917,0.5934065934065934,0.6753024753024754
real_data_testing,missingness_mcar,cp,4,RandomForestClassifier,0.9962357995380748,0.4999999999999999,0.9184902467909921,0.9230769230769229,0.9279777450647606,0.9835164835164836,0.8555555555555555
real_data_testing,missingness_mcar,fbs,0,DecisionTreeClassifier,0.8996264391180023,0.08333333333333315,0.20273813103408345,0.4102564102564102,0.3314440693209586,0.5384615384615384,0.6651376401376401
real_data_testing,missingness_mcar,fbs,0,RandomForestClassifier,0.9785791377586865,0.4999999999999999,0.9189575163114619,0.7435897435897434,0.7485715445033261,0.8571428571428571,0.7891608391608391
real_data_testing,missingness_mcar,fbs,1,DecisionTreeClassifier,0.8608167954080239,0.08333333333333315,0.09793653169241079,0.4102564102564102,0.3483745828581269,0.5439560439560439,0.6129093129093128
real_data_testing,missingness_mcar,fbs,1,RandomForestClassifier,0.9595850517749094,0.16666666666666652,0.8952972652500191,0.769230769230769,0.6981905648638342,0.9120879120879121,0.6209068709068709
real_data_testing,missingness_mcar,fbs,2,DecisionTreeClassifier,0.8636075104606986,-2.220446049250313e-16,-0.27195068319253557,0.23076923076923073,0.11357653726215311,0.37912087912087916,0.6443778443778444
real_data_testing,missingness_mcar,fbs,2,RandomForestClassifier,0.9642717284127091,0.2499999999999999,0.9366007271593337,0.7948717948717947,0.7461694792202047,0.9285714285714285,0.7807359307359307
real_data_testing,missingness_mcar,fbs,3,DecisionTreeClassifier,0.9501098847372438,-2.220446049250313e-16,0.21784106387378632,0.4102564102564102,0.5383564006644602,0.5604395604395606,0.5411727161727161
real_data_testing,missingness_mcar,fbs,3,RandomForestClassifier,0.9641745431482138,0.2499999999999999,0.7216791361489725,0.7179487179487178,0.602263931804121,0.7857142857142857,0.6171189921189921
real_data_testing,missingness_mcar,fbs,4,DecisionTreeClassifier,0.9017415831985469,0.16666666666666652,-0.03732870137701716,0.25641025641025633,0.21606458329152098,0.38461538461538464,0.6403818403818403
real_data_testing,missingness_mcar,fbs,4,RandomForestClassifier,0.9819091067608894,0.33333333333333326,0.8811425148842538,0.769230769230769,0.7792056757763792,0.9175824175824175,0.6657786657786657
real_data_testing,missingness_mcar,restecg,0,DecisionTreeClassifier,0.9815664259528287,0.4999999999999999,0.9264806522085434,0.7948717948717947,0.8005037988888242,0.8901098901098902,0.8326007326007326
real_data_testing,missingness_mcar,restecg,0,RandomForestClassifier,0.9794514491428575,0.2499999999999999,0.9709262119954359,0.8717948717948716,0.8246596328831561,0.967032967032967,0.6999666999667
real_data_testing,missingness_mcar,restecg,1,DecisionTreeClassifier,0.9504496019957657,0.08333333333333315,0.6872071340372219,0.6410256410256409,0.6128288596294509,0.8076923076923077,0.6472471972471973
real_data_testing,missingness_mcar,restecg,1,RandomForestClassifier,0.9787394409544816,0.2499999999999999,0.94837429652405,0.8205128205128204,0.8040667205936978,0.9505494505494506,0.6999666999667
real_data_testing,missingness_mcar,restecg,2,DecisionTreeClassifier,0.9146326685951605,0.08333333333333315,0.45840231950698473,0.3589743589743589,0.320783663890908,0.46153846153846156,0.5584804084804086
real_data_testing,missingness_mcar,restecg,2,RandomForestClassifier,0.9770639813658837,0.33333333333333326,0.9606239269897733,0.8717948717948716,0.8111207194691998,0.9615384615384615,0.667915417915418
real_data_testing,missingness_mcar,restecg,3,DecisionTreeClassifier,0.8899940231588919,0.08333333333333315,0.6919555703586359,0.4871794871794871,0.36199123089466234,0.7087912087912087,0.6540265290265291
real_data_testing,missingness_mcar,restecg,3,RandomForestClassifier,0.991531140207889,0.33333333333333326,0.9351505053215526,0.8717948717948716,0.888410313152,0.9615384615384615,0.6593684093684093
real_data_testing,missingness_mcar,restecg,4,DecisionTreeClassifier,0.9562173355468391,0.08333333333333315,0.3358558101073109,0.5384615384615383,0.5835193437772598,0.6703296703296703,0.5785076035076036
real_data_testing,missingness_mcar,restecg,4,RandomForestClassifier,0.992414393617471,0.5833333333333333,0.9541914423144384,0.9230769230769229,0.9125065918087343,0.9780219780219779,0.7904428904428904
real_data_testing,missingness_mcar,exang,0,DecisionTreeClassifier,0.9206393715639899,-2.220446049250313e-16,0.6280288373953304,0.46153846153846145,0.38608852759135537,0.6373626373626374,0.6973692973692973
real_data_testing,missingness_mcar,exang,0,RandomForestClassifier,0.9888899828040971,0.33333333333333326,0.9188208724403343,0.846153846153846,0.8643272690147323,0.9395604395604396,0.7151376401376403
real_data_testing,missingness_mcar,exang,1,DecisionTreeClassifier,0.9561333934601081,0.16666666666666652,0.7834414739395593,0.6153846153846153,0.5794892144483722,0.7582417582417583,0.7303085803085805
real_data_testing,missingness_mcar,exang,1,RandomForestClassifier,0.9962650750087196,0.41666666666666663,0.8674341188386916,0.846153846153846,0.9234515394073088,0.9340659340659341,0.8142829392829392
real_data_testing,missingness_mcar,exang,2,DecisionTreeClassifier,0.9011139526720847,0.08333333333333315,-0.13279121474764066,0.282051282051282,0.32281349013475646,0.47802197802197804,0.5913281163281163
real_data_testing,missingness_mcar,exang,2,RandomForestClassifier,0.9853445402839264,0.33333333333333326,0.7664460216978249,0.7435897435897434,0.8187910688227009,0.8736263736263737,0.6625735375735377
real_data_testing,missingness_mcar,exang,3,DecisionTreeClassifier,0.9712927494915347,0.08333333333333315,0.5508971190058458,0.6923076923076922,0.7252230161964341,0.8516483516483516,0.6805222555222555
real_data_testing,missingness_mcar,exang,3,RandomForestClassifier,0.9963896569893398,0.33333333333333326,0.9234042407536478,0.846153846153846,0.9194405346862213,0.9395604395604396,0.7969752469752469
real_data_testing,missingness_mcar,exang,4,DecisionTreeClassifier,0.986763040014337,0.2499999999999999,0.5912926947773202,0.6923076923076922,0.8086817865961371,0.8296703296703297,0.8010933510933509
real_data_testing,missingness_mcar,exang,4,RandomForestClassifier,0.9908851434953494,0.41666666666666663,0.9012683534923452,0.7179487179487178,0.8455049463652922,0.8681318681318682,0.929118104118104
real_data_testing,missingness_mcar,slope,0,DecisionTreeClassifier,0.8847407442594581,0.08333333333333315,0.7844727735638617,0.30769230769230765,0.249985602006295,0.33516483516483514,0.6631562881562882
real_data_testing,missingness_mcar,slope,0,RandomForestClassifier,0.990298337326042,0.5833333333333333,0.9774753137397065,0.8717948717948716,0.8629366991479589,0.9615384615384615,0.9626068376068376
real_data_testing,missingness_mcar,slope,1,DecisionTreeClassifier,0.9066545172527941,0.16666666666666652,0.834766004238376,0.5128205128205127,0.398222618579113,0.6868131868131868,0.7510683760683761
real_data_testing,missingness_mcar,slope,1,RandomForestClassifier,0.9917763495082483,0.5833333333333333,0.964594340040542,0.8974358974358972,0.9075360844263448,0.9560439560439561,0.8538461538461538
real_data_testing,missingness_mcar,slope,2,DecisionTreeClassifier,0.943428679816036,0.2499999999999999,0.8794653031586303,0.5128205128205127,0.5438779585331963,0.6648351648351648,0.5815628815628815
real_data_testing,missingness_mcar,slope,2,RandomForestClassifier,0.9961637258656093,0.4999999999999999,0.9750215315500106,0.9230769230769229,0.9260455052226905,0.9835164835164836,0.8376068376068376
real_data_testing,missingness_mcar,slope,3,DecisionTreeClassifier,0.9156571526682638,0.08333333333333315,0.7303184019516844,0.6666666666666665,0.5606489306653706,0.8131868131868131,0.6795177045177045
real_data_testing,missingness_mcar,slope,3,RandomForestClassifier,0.9966730129974883,0.4999999999999999,0.9671519437715571,0.8974358974358972,0.9356405318357094,0.967032967032967,0.9363247863247863
real_data_testing,missingness_mcar,slope,4,DecisionTreeClassifier,0.986106763681784,0.33333333333333326,0.5160448986543538,0.7435897435897434,0.8455988969100743,0.8406593406593407,0.8323870573870574
real_data_testing,missingness_mcar,slope,4,RandomForestClassifier,0.9909961578035628,0.4999999999999999,0.9555985421448911,0.9230769230769229,0.8937716024443433,0.9835164835164836,0.8653846153846152
real_data_testing,missingness_mcar,ca,0,DecisionTreeClassifier,0.9450086334798438,-2.220446049250313e-16,0.5460526598437181,0.564102564102564,0.5565154702806503,0.7307692307692307,0.5720335220335221
real_data_testing,missingness_mcar,ca,0,RandomForestClassifier,0.9400806939585867,0.08333333333333315,0.8983850986824707,0.6923076923076922,0.5972934244217316,0.8516483516483516,0.7876651126651125
real_data_testing,missingness_mcar,ca,1,DecisionTreeClassifier,0.9627766050114712,0.2499999999999999,0.7863999608277299,0.7179487179487178,0.6094544207512611,0.8406593406593407,0.6163614163614164
real_data_testing,missingness_mcar,ca,1,RandomForestClassifier,0.985195656036215,0.16666666666666652,0.9168593374795602,0.7948717948717947,0.7927644409695349,0.9395604395604396,0.7075951825951825
real_data_testing,missingness_mcar,ca,2,DecisionTreeClassifier,0.91074674544604,0.16666666666666652,0.7718462987724393,0.564102564102564,0.4778737740980967,0.7692307692307693,0.7408702408702409
real_data_testing,missingness_mcar,ca,2,RandomForestClassifier,0.9861995802836842,0.4999999999999999,0.9459990984691229,0.846153846153846,0.8380094817333091,0.9395604395604396,0.7786907536907536
real_data_testing,missingness_mcar,ca,3,DecisionTreeClassifier,0.9525310690025962,-2.220446049250313e-16,0.7013764281724169,0.5897435897435896,0.5561430130899578,0.7637362637362637,0.6426379176379177
real_data_testing,missingness_mcar,ca,3,RandomForestClassifier,0.9561610123435559,0.16666666666666652,0.9229701641189697,0.7179487179487178,0.6682635350594056,0.8901098901098902,0.7204156954156955
real_data_testing,missingness_mcar,ca,4,DecisionTreeClassifier,0.9174488723053146,0.08333333333333315,0.5249605263026044,0.5128205128205127,0.39542897149749906,0.7582417582417583,0.729972804972805
real_data_testing,missingness_mcar,ca,4,RandomForestClassifier,0.9782383274496603,0.2499999999999999,0.9136146431951745,0.7435897435897434,0.7513895518268146,0.8956043956043955,0.7575951825951825
real_data_testing,missingness_mcar,thal,0,DecisionTreeClassifier,0.9740737851580672,0.2499999999999999,0.7338112124541001,0.769230769230769,0.7344484215872173,0.9120879120879121,0.6735292485292486
real_data_testing,missingness_mcar,thal,0,RandomForestClassifier,0.9954249040449046,0.41666666666666663,0.8680532650164489,0.8974358974358972,0.9116198790044965,0.9725274725274725,0.9517094017094017
real_data_testing,missingness_mcar,thal,1,DecisionTreeClassifier,0.9741607273184408,0.16666666666666652,0.1866003146918812,0.564102564102564,0.689489959071885,0.7197802197802198,0.651948051948052
real_data_testing,missingness_mcar,thal,1,RandomForestClassifier,0.9944483635157477,0.2499999999999999,0.9219164796820696,0.846153846153846,0.9030026797720405,0.9505494505494506,0.9016122766122765
real_data_testing,missingness_mcar,thal,2,DecisionTreeClassifier,0.9204025123044932,0.41666666666666663,0.16260935945279031,0.5128205128205127,0.499253994861516,0.6538461538461539,0.8934343434343434
real_data_testing,missingness_mcar,thal,2,RandomForestClassifier,0.9855444348716612,0.41666666666666663,0.8533678958258856,0.846153846153846,0.8416924594361979,0.9505494505494506,0.862237762237762
real_data_testing,missingness_mcar,thal,3,DecisionTreeClassifier,0.9907264368195977,0.08333333333333315,0.8560914944411052,0.7179487179487178,0.825621026190096,0.8901098901098902,0.6004523254523254
real_data_testing,missingness_mcar,thal,3,RandomForestClassifier,0.9989295526402056,0.5833333333333333,0.9805870536702582,0.9230769230769229,0.9680900465069742,0.9780219780219779,0.9375097125097126
real_data_testing,missingness_mcar,thal,4,DecisionTreeClassifier,0.9928319596294832,0.4999999999999999,0.8120976052881608,0.769230769230769,0.8852708960700459,0.8791208791208791,0.7380591630591631
real_data_testing,missingness_mcar,thal,4,RandomForestClassifier,0.996881923229293,0.6666666666666666,0.9308856284277053,0.9487179487179485,0.9463207890449593,0.989010989010989,0.9730769230769231
real_data_testing,missingness_mcar,num,0,DecisionTreeClassifier,0.9354934791186729,-0.08333333333333348,0.2625592290182944,0.46153846153846145,0.5293781608322796,0.6648351648351648,0.5557026307026307
real_data_testing,missingness_mcar,num,0,RandomForestClassifier,0.9949112932423397,0.2499999999999999,0.9122287551715631,0.8717948717948716,0.8970940485674872,0.967032967032967,0.8010350760350758
real_data_testing,missingness_mcar,num,1,DecisionTreeClassifier,0.9361291748137489,-0.08333333333333348,0.3858249479604773,0.4102564102564102,0.5543620976160704,0.6208791208791209,0.5808580308580308
real_data_testing,missingness_mcar,num,1,RandomForestClassifier,0.9936850855834028,0.33333333333333326,0.8937645315492917,0.8205128205128204,0.882000442701948,0.9395604395604396,0.7118742368742368
real_data_testing,missingness_mcar,num,2,DecisionTreeClassifier,0.9385446931951492,-0.08333333333333348,-0.11041119425106016,0.25641025641025633,0.4624910448842183,0.43956043956043955,0.5416638916638917
real_data_testing,missingness_mcar,num,2,RandomForestClassifier,0.9951033301986465,0.2499999999999999,0.9211838666482891,0.8717948717948716,0.8989592432065467,0.967032967032967,0.7076590076590075
real_data_testing,missingness_mcar,num,3,DecisionTreeClassifier,0.9037907582363258,-2.220446049250313e-16,0.3255577935217657,0.4102564102564102,0.39537065235127966,0.5549450549450549,0.7641913641913641
real_data_testing,missingness_mcar,num,3,RandomForestClassifier,0.9946735136016569,0.2499999999999999,0.8921616944569202,0.8717948717948716,0.8939275807094809,0.967032967032967,0.7146520146520147
real_data_testing,missingness_mcar,num,4,DecisionTreeClassifier,0.9294626340878517,0.08333333333333315,0.3107342828360221,0.282051282051282,0.4272402478316476,0.5659340659340659,0.6709068709068708
real_data_testing,missingness_mcar,num,4,RandomForestClassifier,0.9917749664986796,0.08333333333333315,0.8594495772567328,0.769230769230769,0.8462785840169472,0.9120879120879121,0.6887973137973138
real_data3_testing,mean_variance_drift,mcv,0,LinearRegression,1.0,1.0,1.0,0.9999999999999999,1.0,1.0,1.0
real_data3_testing,mean_variance_drift,mcv,0,RandomForestRegressor,0.9977427603456174,0.6000000000000001,0.9984378830802394,0.8666666666666666,0.9401360544217686,0.942857142857143,0.8194444444444443
real_data3_testing,mean_variance_drift,mcv,1,LinearRegression,1.0,1.0,1.0,0.9999999999999999,1.0,1.0,1.0
real_data3_testing,mean_variance_drift,mcv,1,RandomForestRegressor,1.0,1.0,0.9997313836895513,0.9999999999999999,1.0,1.0,1.0
real_data3_testing,mean_variance_drift,mcv,2,LinearRegression,1.0,1.0,1.0,0.9999999999999999,1.0,1.0,1.0
real_data3_testing,mean_variance_drift,mcv,2,RandomForestRegressor,1.0,1.0,0.9992219881036881,0.9999999999999999,1.0,1.0,1.0
real_data3_testing,mean_variance_drift,mcv,3,LinearRegression,1.0,1.0,1.0,0.9999999999999999,1.0,1.0,1.0
real_data3_testing,mean_variance_drift,mcv,3,RandomForestRegressor,1.0,1.0,0.9993585995388556,0.9999999999999999,1.0,1.0,1.0
real_data3_testing,mean_variance_drift,mcv,4,LinearRegression,1.0,1.0,1.0,0.9999999999999999,1.0,1.0,1.0
real_data3_testing,mean_variance_drift,mcv,4,RandomForestRegressor,1.0,1.0,0.9985745876555467,0.9999999999999999,1.0,1.0,1.0
real_data3_testing,mean_variance_drift,alkphos,0,LinearRegression,1.0,1.0,1.0,0.9999999999999999,1.0,1.0,1.0
real_data3_testing,mean_variance_drift,alkphos,0,RandomForestRegressor,1.0,1.0,0.9984264970833354,0.9999999999999999,1.0,1.0,1.0
real_data3_testing,mean_variance_drift,alkphos,1,LinearRegression,1.0,1.0,1.0,0.9999999999999999,1.0,1.0,1.0
real_data3_testing,mean_variance_drift,alkphos,1,RandomForestRegressor,1.0,1.0,0.9993385565131779,0.9999999999999999,1.0,1.0,1.0
real_data3_testing,mean_variance_drift,alkphos,2,LinearRegression,1.0,1.0,1.0,0.9999999999999999,1.0,1.0,1.0
real_data3_testing,mean_variance_drift,alkphos,2,RandomForestRegressor,0.9948938993092976,0.6000000000000001,0.9997153793976465,0.8666666666666666,0.9047619047619049,0.942857142857143,0.861111111111111
real_data3_testing,mean_variance_drift,alkphos,3,LinearRegression,1.0,1.0,1.0,0.9999999999999999,1.0,1.0,1.0
real_data3_testing,mean_variance_drift,alkphos,3,RandomForestRegressor,1.0,1.0,0.9996538825512682,0.9999999999999999,1.0,1.0,1.0
real_data3_testing,mean_variance_drift,alkphos,4,LinearRegression,1.0,1.0,1.0,0.9999999999999999,1.0,1.0,1.0
real_data3_testing,mean_variance_drift,alkphos,4,RandomForestRegressor,1.0,1.0,0.9992825726793141,0.9999999999999999,1.0,1.0,1.0
real_data3_testing,mean_variance_drift,sgpt,0,LinearRegression,1.0,1.0,1.0,0.9999999999999999,1.0,1.0,1.0
real_data3_testing,mean_variance_drift,sgpt,0,RandomForestRegressor,1.0,1.0,0.9999477914561465,0.9999999999999999,1.0,1.0,1.0
real_data3_testing,mean_variance_drift,sgpt,1,LinearRegression,1.0,1.0,1.0,0.9999999999999999,1.0,1.0,1.0
real_data3_testing,mean_variance_drift,sgpt,1,RandomForestRegressor,1.0,1.0,0.9980793160120603,0.9999999999999999,1.0,1.0,1.0
real_data3_testing,mean_variance_drift,sgpt,2,LinearRegression,1.0,1.0,1.0,0.9999999999999999,1.0,1.0,1.0
real_data3_testing,mean_variance_drift,sgpt,2,RandomForestRegressor,1.0,1.0,0.9998874619901026,0.9999999999999999,1.0,1.0,1.0
real_data3_testing,mean_variance_drift,sgpt,3,LinearRegression,1.0,1.0,1.0,0.9999999999999999,1.0,1.0,1.0
real_data3_testing,mean_variance_drift,sgpt,3,RandomForestRegressor,1.0,1.0,0.9988637326996943,0.9999999999999999,1.0,1.0,1.0
real_data3_testing,mean_variance_drift,sgpt,4,LinearRegression,1.0,1.0,1.0,0.9999999999999999,1.0,1.0,1.0
real_data3_testing,mean_variance_drift,sgpt,4,RandomForestRegressor,0.9884381181706656,0.40000000000000013,0.9991739631774025,0.7333333333333333,0.8285714285714285,0.8285714285714287,0.8694444444444445
real_data3_testing,mean_variance_drift,sgot,0,LinearRegression,1.0,1.0,1.0,0.9999999999999999,1.0,1.0,1.0
real_data3_testing,mean_variance_drift,sgot,0,RandomForestRegressor,1.0,1.0,0.9999644929752254,0.9999999999999999,1.0,1.0,1.0
real_data3_testing,mean_variance_drift,sgot,1,LinearRegression,1.0,1.0,1.0,0.9999999999999999,1.0,1.0,1.0
real_data3_testing,mean_variance_drift,sgot,1,RandomForestRegressor,1.0,1.0,0.9997881908163428,0.9999999999999999,1.0,1.0,1.0
real_data3_testing,mean_variance_drift,sgot,2,LinearRegression,1.0,1.0,1.0,0.9999999999999999,1.0,1.0,1.0
real_data3_testing,mean_variance_drift,sgot,2,RandomForestRegressor,1.0,1.0,0.9999452087029972,0.9999999999999999,1.0,1.0,1.0
real_data3_testing,mean_variance_drift,sgot,3,LinearRegression,1.0,1.0,1.0,0.9999999999999999,1.0,1.0,1.0
real_data3_testing,mean_variance_drift,sgot,3,RandomForestRegressor,1.0,1.0,0.9996289097582107,0.9999999999999999,1.0,1.0,1.0
real_data3_testing,mean_variance_drift,sgot,4,LinearRegression,1.0,1.0,1.0,0.9999999999999999,1.0,1.0,1.0
real_data3_testing,mean_variance_drift,sgot,4,RandomForestRegressor,1.0,1.0,0.999866894825316,0.9999999999999999,1.0,1.0,1.0
real_data3_testing,mean_variance_drift,gammagt,0,LinearRegression,1.0,1.0,1.0,0.9999999999999999,1.0,1.0,1.0
real_data3_testing,mean_variance_drift,gammagt,0,RandomForestRegressor,1.0,1.0,0.9994712292867239,0.9999999999999999,1.0,1.0,1.0
real_data3_testing,mean_variance_drift,gammagt,1,LinearRegression,1.0,1.0,1.0,0.9999999999999999,1.0,1.0,1.0
real_data3_testing,mean_variance_drift,gammagt,1,RandomForestRegressor,1.0,1.0,0.9994807550744109,0.9999999999999999,1.0,1.0,1.0
real_data3_testing,mean_variance_drift,gammagt,2,LinearRegression,1.0,1.0,1.0,0.9999999999999999,1.0,1.0,1.0
real_data3_testing,mean_variance_drift,gammagt,2,RandomForestRegressor,1.0,1.0,0.9957424819444423,0.9999999999999999,1.0,1.0,1.0
real_data3_testing,mean_variance_drift,gammagt,3,LinearRegression,1.0,1.0,1.0,0.9999999999999999,1.0,1.0,1.0
real_data3_testing,mean_variance_drift,gammagt,3,RandomForestRegressor,1.0,1.0,0.9997635528790095,0.9999999999999999,1.0,1.0,1.0
real_data3_testing,mean_variance_drift,gammagt,4,LinearRegression,1.0,1.0,1.0,0.9999999999999999,1.0,1.0,1.0
real_data3_testing,mean_variance_drift,gammagt,4,RandomForestRegressor,1.0,1.0,0.998485198401181,0.9999999999999999,1.0,1.0,1.0
real_data3_testing,mean_variance_drift,drinks,0,LinearRegression,1.0,1.0,1.0,0.9999999999999999,1.0,1.0,1.0
real_data3_testing,mean_variance_drift,drinks,0,RandomForestRegressor,1.0,1.0,0.9983896371955432,0.9999999999999999,1.0,1.0,1.0
real_data3_testing,mean_variance_drift,drinks,1,LinearRegression,1.0,1.0,1.0,0.9999999999999999,1.0,1.0,1.0
real_data3_testing,mean_variance_drift,drinks,1,RandomForestRegressor,1.0,1.0,0.9984965043948535,0.9999999999999999,1.0,1.0,1.0
real_data3_testing,mean_variance_drift,drinks,2,LinearRegression,1.0,1.0,1.0,0.9999999999999999,1.0,1.0,1.0
real_data3_testing,mean_variance_drift,drinks,2,RandomForestRegressor,0.990356213041867,0.6000000000000001,0.9972740380816759,0.8666666666666666,0.8639455782312926,0.942857142857143,0.9166666666666666
real_data3_testing,mean_variance_drift,drinks,3,LinearRegression,1.0,1.0,1.0,0.9999999999999999,1.0,1.0,1.0
real_data3_testing,mean_variance_drift,drinks,3,RandomForestRegressor,1.0,1.0,0.9982250437207271,0.9999999999999999,1.0,1.0,1.0
real_data3_testing,mean_variance_drift,drinks,4,LinearRegression,1.0,1.0,1.0,0.9999999999999999,1.0,1.0,1.0
real_data3_testing,mean_variance_drift,drinks,4,RandomForestRegressor,0.996772109430684,0.6000000000000001,0.9966290865433511,0.8666666666666666,0.926530612244898,0.942857142857143,0.9583333333333334
real_data3_testing,mean_variance_drift,Selector,0,DecisionTreeClassifier,1.0,1.0,1.0,0.9999999999999999,1.0,1.0,1.0
real_data3_testing,mean_variance_drift,Selector,0,RandomForestClassifier,1.0,1.0,1.0,0.9999999999999999,1.0,1.0,1.0
real_data3_testing,mean_variance_drift,Selector,1,DecisionTreeClassifier,1.0,1.0,1.0,0.9999999999999999,1.0,1.0,1.0
real_data3_testing,mean_variance_drift,Selector,1,RandomForestClassifier,1.0,1.0,1.0,0.9999999999999999,1.0,1.0,1.0
real_data3_testing,mean_variance_drift,Selector,2,DecisionTreeClassifier,1.0,1.0,1.0,0.9999999999999999,1.0,1.0,1.0
real_data3_testing,mean_variance_drift,Selector,2,RandomForestClassifier,1.0,1.0,1.0,0.9999999999999999,1.0,1.0,1.0
real_data3_testing,mean_variance_drift,Selector,3,DecisionTreeClassifier,1.0,1.0,1.0,0.9999999999999999,1.0,1.0,1.0
real_data3_testing,mean_variance_drift,Selector,3,RandomForestClassifier,1.0,1.0,1.0,0.9999999999999999,1.0,1.0,1.0
real_data3_testing,mean_variance_drift,Selector,4,DecisionTreeClassifier,1.0,1.0,1.0,0.9999999999999999,1.0,1.0,1.0
real_data3_testing,mean_variance_drift,Selector,4,RandomForestClassifier,1.0,1.0,1.0,0.9999999999999999,1.0,1.0,1.0
real_data3_testing,noise_injection,mcv,0,LinearRegression,1.0,1.0,0.9998956770655288,0.9999999999999999,1.0,1.0,1.0
real_data3_testing,noise_injection,mcv,0,RandomForestRegressor,0.9890297395526028,0.6000000000000001,-0.12331005938954975,0.6,0.7986394557823129,0.7714285714285715,0.9666666666666667
real_data3_testing,noise_injection,mcv,1,LinearRegression,0.972815691376063,0.6000000000000001,0.996158150477027,0.8666666666666666,0.7551020408163265,0.942857142857143,0.861111111111111
real_data3_testing,noise_injection,mcv,1,RandomForestRegressor,0.9793859525944698,0.20000000000000018,-0.017462240196380208,0.4666666666666666,0.6625850340136055,0.7142857142857143,0.7305555555555555
real_data3_testing,noise_injection,mcv,2,LinearRegression,1.0,1.0,0.9910710054767297,0.9999999999999999,1.0,1.0,1.0
real_data3_testing,noise_injection,mcv,2,RandomForestRegressor,0.9922576301219188,0.40000000000000013,-0.44720684314108916,0.7333333333333333,0.8653061224489795,0.8285714285714287,0.7861111111111111
real_data3_testing,noise_injection,mcv,3,LinearRegression,1.0,1.0,0.9955208499841888,0.9999999999999999,1.0,1.0,1.0
real_data3_testing,noise_injection,mcv,3,RandomForestRegressor,0.9765602985168158,0.40000000000000013,-0.40549376482347066,0.4666666666666666,0.6789115646258503,0.6,0.7861111111111111
real_data3_testing,noise_injection,mcv,4,LinearRegression,0.996772109430684,0.6000000000000001,0.9978758229808287,0.8666666666666666,0.926530612244898,0.942857142857143,0.9583333333333334
real_data3_testing,noise_injection,mcv,4,RandomForestRegressor,0.9826138431637859,2.220446049250313e-16,0.10745161872581566,0.6,0.7292517006802721,0.7714285714285715,0.7305555555555555
real_data3_testing,noise_injection,alkphos,0,LinearRegression,1.0,1.0,0.9798853022413265,0.9999999999999999,1.0,1.0,1.0
real_data3_testing,noise_injection,alkphos,0,RandomForestRegressor,0.9447633988149478,2.220446049250313e-16,0.2892345369213014,0.06666666666666665,0.37142857142857144,0.2,0.6888888888888888
real_data3_testing,noise_injection,alkphos,1,LinearRegression,1.0,1.0,0.9789125337141021,0.9999999999999999,1.0,1.0,1.0
real_data3_testing,noise_injection,alkphos,1,RandomForestRegressor,0.9498694995056499,2.220446049250313e-16,0.40299423659440126,0.2,0.4489795918367347,0.2571428571428572,0.6888888888888888
real_data3_testing,noise_injection,alkphos,2,LinearRegression,0.972815691376063,0.6000000000000001,0.9963485929896512,0.8666666666666666,0.7551020408163265,0.942857142857143,0.7861111111111111
real_data3_testing,noise_injection,alkphos,2,RandomForestRegressor,0.9525224464841785,0.40000000000000013,0.7440885508167681,0.4666666666666666,0.5605442176870749,0.6,0.9249999999999999
real_data3_testing,noise_injection,alkphos,3,LinearRegression,0.9977427603456174,0.6000000000000001,0.9811853635687815,0.8666666666666666,0.9401360544217686,0.942857142857143,0.6944444444444443
real_data3_testing,noise_injection,alkphos,3,RandomForestRegressor,0.9649752097288157,2.220446049250313e-16,0.5212637404321242,0.4666666666666666,0.6149659863945578,0.5428571428571429,0.6888888888888888
real_data3_testing,noise_injection,alkphos,4,LinearRegression,1.0,1.0,0.9888307623539754,0.9999999999999999,1.0,1.0,1.0
real_data3_testing,noise_injection,alkphos,4,RandomForestRegressor,0.9826138431637859,2.220446049250313e-16,0.7522343738837896,0.6,0.7292517006802721,0.7714285714285715,0.6888888888888888
real_data3_testing,noise_injection,sgpt,0,LinearRegression,1.0,1.0,0.9999407844372716,0.9999999999999999,1.0,1.0,1.0
real_data3_testing,noise_injection,sgpt,0,RandomForestRegressor,0.9948938993092976,0.6000000000000001,0.9982408090897442,0.8666666666666666,0.9047619047619049,0.942857142857143,0.8694444444444445
real_data3_testing,noise_injection,sgpt,1,LinearRegression,1.0,1.0,0.9999768729353455,0.9999999999999999,1.0,1.0,1.0
real_data3_testing,noise_injection,sgpt,1,RandomForestRegressor,0.9948938993092976,0.6000000000000001,0.9960132206060234,0.8666666666666666,0.9047619047619049,0.942857142857143,0.8694444444444445
real_data3_testing,noise_injection,sgpt,2,LinearRegression,1.0,1.0,0.9996357781821672,0.9999999999999999,1.0,1.0,1.0
real_data3_testing,noise_injection,sgpt,2,RandomForestRegressor,0.9884381181706656,0.40000000000000013,0.9884434926405872,0.7333333333333333,0.8285714285714285,0.8285714285714287,0.8694444444444445
real_data3_testing,noise_injection,sgpt,3,LinearRegression,0.972815691376063,0.6000000000000001,0.9999668549839149,0.8666666666666666,0.7551020408163265,0.942857142857143,0.7861111111111111
real_data3_testing,noise_injection,sgpt,3,RandomForestRegressor,0.9948938993092976,0.6000000000000001,0.9974638037482518,0.8666666666666666,0.9047619047619049,0.942857142857143,0.8694444444444445
real_data3_testing,noise_injection,sgpt,4,LinearRegression,1.0,1.0,0.9999953661118639,0.9999999999999999,1.0,1.0,1.0
real_data3_testing,noise_injection,sgpt,4,RandomForestRegressor,0.996772109430684,0.6000000000000001,0.997418906118509,0.8666666666666666,0.926530612244898,0.942857142857143,0.9666666666666667
real_data3_testing,noise_injection,sgot,0,LinearRegression,1.0,1.0,0.9996550245291805,0.9999999999999999,1.0,1.0,1.0
real_data3_testing,noise_injection,sgot,0,RandomForestRegressor,0.9705002247023294,0.6000000000000001,0.9973975630751275,0.6,0.6462585034013605,0.7714285714285715,0.8694444444444445
real_data3_testing,noise_injection,sgot,1,LinearRegression,0.996772109430684,0.6000000000000001,0.9999527638288622,0.8666666666666666,0.926530612244898,0.942857142857143,0.6527777777777777
real_data3_testing,noise_injection,sgot,1,RandomForestRegressor,0.990356213041867,0.6000000000000001,0.9982093243569023,0.8666666666666666,0.8639455782312926,0.942857142857143,0.8694444444444445
real_data3_testing,noise_injection,sgot,2,LinearRegression,1.0,1.0,0.9998828515263986,0.9999999999999999,1.0,1.0,1.0
real_data3_testing,noise_injection,sgot,2,RandomForestRegressor,0.990356213041867,0.6000000000000001,0.9983064106900612,0.8666666666666666,0.8639455782312926,0.942857142857143,0.8694444444444445
real_data3_testing,noise_injection,sgot,3,LinearRegression,0.972815691376063,0.6000000000000001,0.9999342782119108,0.8666666666666666,0.7551020408163265,0.942857142857143,0.7861111111111111
real_data3_testing,noise_injection,sgot,3,RandomForestRegressor,0.990356213041867,0.6000000000000001,0.9965496724696958,0.8666666666666666,0.8639455782312926,0.942857142857143,0.8694444444444445
real_data3_testing,noise_injection,sgot,4,LinearRegression,0.972815691376063,0.6000000000000001,0.9999750232822823,0.8666666666666666,0.7551020408163265,0.942857142857143,0.9166666666666666
real_data3_testing,noise_injection,sgot,4,RandomForestRegressor,0.990356213041867,0.6000000000000001,0.9969597927553229,0.8666666666666666,0.8639455782312926,0.942857142857143,0.8694444444444445
real_data3_testing,noise_injection,gammagt,0,LinearRegression,1.0,1.0,0.9993026437806116,0.9999999999999999,1.0,1.0,1.0
real_data3_testing,noise_injection,gammagt,0,RandomForestRegressor,0.9801440116604624,0.40000000000000013,0.9458461676508716,0.7333333333333333,0.7619047619047619,0.8285714285714287,0.7861111111111111
real_data3_testing,noise_injection,gammagt,1,LinearRegression,0.990356213041867,0.6000000000000001,0.9985401099453404,0.8666666666666666,0.8639455782312926,0.942857142857143,0.6194444444444445
real_data3_testing,noise_injection,gammagt,1,RandomForestRegressor,1.0,1.0,0.9447404409287934,0.9999999999999999,1.0,1.0,1.0
real_data3_testing,noise_injection,gammagt,2,LinearRegression,1.0,1.0,0.9967986454516933,0.9999999999999999,1.0,1.0,1.0
real_data3_testing,noise_injection,gammagt,2,RandomForestRegressor,1.0,1.0,0.9639181791073305,0.9999999999999999,1.0,1.0,1.0
real_data3_testing,noise_injection,gammagt,3,LinearRegression,1.0,1.0,0.9986470618439495,0.9999999999999999,1.0,1.0,1.0
real_data3_testing,noise_injection,gammagt,3,RandomForestRegressor,0.9801440116604624,0.40000000000000013,0.9178512172001837,0.7333333333333333,0.7619047619047619,0.8285714285714287,0.7861111111111111
real_data3_testing,noise_injection,gammagt,4,LinearRegression,1.0,1.0,0.9973724332354185,0.9999999999999999,1.0,1.0,1.0
real_data3_testing,noise_injection,gammagt,4,RandomForestRegressor,0.987128322472551,0.20000000000000018,0.9751801964335602,0.7333333333333333,0.7904761904761904,0.8857142857142858,0.7305555555555555
real_data3_testing,noise_injection,drinks,0,LinearRegression,0.9948938993092976,0.6000000000000001,0.9952016786689365,0.8666666666666666,0.9047619047619049,0.942857142857143,0.9583333333333334
real_data3_testing,noise_injection,drinks,0,RandomForestRegressor,0.9922576301219188,0.40000000000000013,0.6483770655906542,0.7333333333333333,0.8653061224489795,0.8285714285714287,0.7861111111111111
real_data3_testing,noise_injection,drinks,1,LinearRegression,1.0,1.0,0.9878626344296619,0.9999999999999999,1.0,1.0,1.0
real_data3_testing,noise_injection,drinks,1,RandomForestRegressor,0.9890297395526028,0.6000000000000001,0.6239798683531641,0.6,0.7986394557823129,0.7714285714285715,0.7861111111111111
real_data3_testing,noise_injection,drinks,2,LinearRegression,1.0,1.0,0.9923948424876664,0.9999999999999999,1.0,1.0,1.0
real_data3_testing,noise_injection,drinks,2,RandomForestRegressor,0.9447633988149478,2.220446049250313e-16,0.7132645589502875,0.06666666666666665,0.37142857142857144,0.2,0.7444444444444445
real_data3_testing,noise_injection,drinks,3,LinearRegression,1.0,1.0,0.9909529792170481,0.9999999999999999,1.0,1.0,1.0
real_data3_testing,noise_injection,drinks,3,RandomForestRegressor,0.9826138431637859,2.220446049250313e-16,0.7115035275768956,0.6,0.7292517006802721,0.7714285714285715,0.6888888888888888
real_data3_testing,noise_injection,drinks,4,LinearRegression,1.0,1.0,0.9900887661043665,0.9999999999999999,1.0,1.0,1.0
real_data3_testing,noise_injection,drinks,4,RandomForestRegressor,0.9614313813349844,2.220446049250313e-16,0.7440880688995615,0.4666666666666666,0.6,0.4285714285714286,0.7861111111111111
real_data3_testing,noise_injection,Selector,0,DecisionTreeClassifier,0.972815691376063,0.6000000000000001,0.38370935089679414,0.8666666666666666,0.7551020408163265,0.942857142857143,0.7861111111111111
real_data3_testing,noise_injection,Selector,0,RandomForestClassifier,0.9535281174597975,0.40000000000000013,0.7251202959652515,0.7333333333333333,0.5918367346938775,0.8285714285714287,0.6194444444444445
real_data3_testing,noise_injection,Selector,1,DecisionTreeClassifier,0.9649752097288157,2.220446049250313e-16,-1.4857885820448042,0.4666666666666666,0.6149659863945578,0.5428571428571429,0.6527777777777777
real_data3_testing,noise_injection,Selector,1,RandomForestClassifier,0.8821523729087063,2.220446049250313e-16,0.5862792997270515,0.3333333333333333,0.2054421768707483,0.5428571428571429,0.6888888888888888
real_data3_testing,noise_injection,Selector,2,DecisionTreeClassifier,0.9701045173781836,0.20000000000000018,0.25331823408172993,0.3333333333333333,0.6122448979591837,0.48571428571428577,0.8194444444444443
real_data3_testing,noise_injection,Selector,2,RandomForestClassifier,0.8940533995212216,0.20000000000000018,0.6602890652015265,0.6,0.4557823129251701,0.6571428571428573,0.48055555555555557
real_data3_testing,noise_injection,Selector,3,DecisionTreeClassifier,0.9101343158679094,2.220446049250313e-16,-0.6218902466848084,-0.06666666666666665,0.22585034013605443,0.028571428571428574,0.7861111111111111
real_data3_testing,noise_injection,Selector,3,RandomForestClassifier,0.9677095906853609,0.20000000000000018,0.46158928654482423,0.7333333333333333,0.6598639455782312,0.8857142857142858,0.48055555555555557
real_data3_testing,noise_injection,Selector,4,DecisionTreeClassifier,0.9865599080492793,0.40000000000000013,0.22125309671253324,0.7333333333333333,0.8285714285714285,0.8285714285714287,0.8194444444444443
real_data3_testing,noise_injection,Selector,4,RandomForestClassifier,0.9677095906853609,0.20000000000000018,0.6689072006463128,0.7333333333333333,0.6598639455782312,0.8857142857142858,0.48055555555555557
real_data3_testing,category_flip,mcv,0,LinearRegression,0.9948938993092976,0.6000000000000001,0.9935779792950309,0.8666666666666666,0.9047619047619049,0.942857142857143,0.6527777777777777
real_data3_testing,category_flip,mcv,0,RandomForestRegressor,0.9977427603456174,0.6000000000000001,0.9995443164942199,0.8666666666666666,0.9401360544217686,0.942857142857143,0.8194444444444443
real_data3_testing,category_flip,mcv,1,LinearRegression,0.9695878008067471,0.20000000000000018,0.9957934598244824,0.7333333333333333,0.6816326530612244,0.8857142857142858,0.5138888888888888
real_data3_testing,category_flip,mcv,1,RandomForestRegressor,1.0,1.0,0.9985299477301867,0.9999999999999999,1.0,1.0,1.0
real_data3_testing,category_flip,mcv,2,LinearRegression,1.0,1.0,0.9686863201104343,0.9999999999999999,1.0,1.0,1.0
real_data3_testing,category_flip,mcv,2,RandomForestRegressor,1.0,1.0,0.9984041361966238,0.9999999999999999,1.0,1.0,1.0
real_data3_testing,category_flip,mcv,3,LinearRegression,1.0,1.0,0.9908832254216674,0.9999999999999999,1.0,1.0,1.0
real_data3_testing,category_flip,mcv,3,RandomForestRegressor,1.0,1.0,0.9974247647655771,0.9999999999999999,1.0,1.0,1.0
real_data3_testing,category_flip,mcv,4,LinearRegression,0.9865599080492793,0.40000000000000013,0.991978405402716,0.7333333333333333,0.8285714285714285,0.8285714285714287,0.6527777777777777
real_data3_testing,category_flip,mcv,4,RandomForestRegressor,0.990356213041867,0.6000000000000001,0.9962048530335589,0.8666666666666666,0.8639455782312926,0.942857142857143,0.9444444444444443
real_data3_testing,category_flip,alkphos,0,LinearRegression,1.0,1.0,0.992959885165382,0.9999999999999999,1.0,1.0,1.0
real_data3_testing,category_flip,alkphos,0,RandomForestRegressor,1.0,1.0,0.9980334937599062,0.9999999999999999,1.0,1.0,1.0
real_data3_testing,category_flip,alkphos,1,LinearRegression,1.0,1.0,0.9569411560390856,0.9999999999999999,1.0,1.0,1.0
real_data3_testing,category_flip,alkphos,1,RandomForestRegressor,1.0,1.0,0.9976124101580456,0.9999999999999999,1.0,1.0,1.0
real_data3_testing,category_flip,alkphos,2,LinearRegression,1.0,1.0,0.991532305081527,0.9999999999999999,1.0,1.0,1.0
real_data3_testing,category_flip,alkphos,2,RandomForestRegressor,1.0,1.0,0.9994516306057062,0.9999999999999999,1.0,1.0,1.0
real_data3_testing,category_flip,alkphos,3,LinearRegression,1.0,1.0,0.9765398962041083,0.9999999999999999,1.0,1.0,1.0
real_data3_testing,category_flip,alkphos,3,RandomForestRegressor,1.0,1.0,0.9983745194593258,0.9999999999999999,1.0,1.0,1.0
real_data3_testing,category_flip,alkphos,4,LinearRegression,1.0,1.0,0.9413316954218066,0.9999999999999999,1.0,1.0,1.0
real_data3_testing,category_flip,alkphos,4,RandomForestRegressor,1.0,1.0,0.9939863212000274,0.9999999999999999,1.0,1.0,1.0
real_data3_testing,category_flip,sgpt,0,LinearRegression,1.0,1.0,0.9996334746143535,0.9999999999999999,1.0,1.0,1.0
real_data3_testing,category_flip,sgpt,0,RandomForestRegressor,1.0,1.0,0.9999023613771125,0.9999999999999999,1.0,1.0,1.0
real_data3_testing,category_flip,sgpt,1,LinearRegression,0.996772109430684,0.6000000000000001,0.9995104303199535,0.8666666666666666,0.926530612244898,0.942857142857143,0.6527777777777777
real_data3_testing,category_flip,sgpt,1,RandomForestRegressor,1.0,1.0,0.999823642753539,0.9999999999999999,1.0,1.0,1.0
real_data3_testing,category_flip,sgpt,2,LinearRegression,1.0,1.0,0.9993478858961875,0.9999999999999999,1.0,1.0,1.0
real_data3_testing,category_flip,sgpt,2,RandomForestRegressor,1.0,1.0,0.9999277996902066,0.9999999999999999,1.0,1.0,1.0
real_data3_testing,category_flip,sgpt,3,LinearRegression,1.0,1.0,0.9987217037084334,0.9999999999999999,1.0,1.0,1.0
real_data3_testing,category_flip,sgpt,3,RandomForestRegressor,1.0,1.0,0.9992128266109351,0.9999999999999999,1.0,1.0,1.0
real_data3_testing,category_flip,sgpt,4,LinearRegression,0.972815691376063,0.6000000000000001,0.9995790752249323,0.8666666666666666,0.7551020408163265,0.942857142857143,0.7861111111111111
real_data3_testing,category_flip,sgpt,4,RandomForestRegressor,0.996772109430684,0.6000000000000001,0.9998985481715887,0.8666666666666666,0.926530612244898,0.942857142857143,0.9666666666666667
real_data3_testing,category_flip,sgot,0,LinearRegression,1.0,1.0,0.9994323590845149,0.9999999999999999,1.0,1.0,1.0
real_data3_testing,category_flip,sgot,0,RandomForestRegressor,1.0,1.0,0.9999663057990255,0.9999999999999999,1.0,1.0,1.0
real_data3_testing,category_flip,sgot,1,LinearRegression,1.0,1.0,0.998567924301308,0.9999999999999999,1.0,1.0,1.0
real_data3_testing,category_flip,sgot,1,RandomForestRegressor,1.0,1.0,0.9993456049364752,0.9999999999999999,1.0,1.0,1.0
real_data3_testing,category_flip,sgot,2,LinearRegression,0.990356213041867,0.6000000000000001,0.9992260277505022,0.8666666666666666,0.8639455782312926,0.942857142857143,0.9666666666666667
real_data3_testing,category_flip,sgot,2,RandomForestRegressor,1.0,1.0,0.9998899680036633,0.9999999999999999,1.0,1.0,1.0
real_data3_testing,category_flip,sgot,3,LinearRegression,0.996772109430684,0.6000000000000001,0.9985385270751144,0.8666666666666666,0.926530612244898,0.942857142857143,0.6527777777777777
real_data3_testing,category_flip,sgot,3,RandomForestRegressor,1.0,1.0,0.9997443180422664,0.9999999999999999,1.0,1.0,1.0
real_data3_testing,category_flip,sgot,4,LinearRegression,0.996772109430684,0.6000000000000001,0.9989373211695073,0.8666666666666666,0.926530612244898,0.942857142857143,0.6527777777777777
real_data3_testing,category_flip,sgot,4,RandomForestRegressor,1.0,1.0,0.9997550244971594,0.9999999999999999,1.0,1.0,1.0
real_data3_testing,category_flip,gammagt,0,LinearRegression,1.0,1.0,0.9904344331960814,0.9999999999999999,1.0,1.0,1.0
real_data3_testing,category_flip,gammagt,0,RandomForestRegressor,1.0,1.0,0.9959414939699857,0.9999999999999999,1.0,1.0,1.0
real_data3_testing,category_flip,gammagt,1,LinearRegression,0.990356213041867,0.6000000000000001,0.9840747939558685,0.8666666666666666,0.8639455782312926,0.942857142857143,0.6194444444444445
real_data3_testing,category_flip,gammagt,1,RandomForestRegressor,1.0,1.0,0.9977336891541616,0.9999999999999999,1.0,1.0,1.0
real_data3_testing,category_flip,gammagt,2,LinearRegression,1.0,1.0,0.9836186039958553,0.9999999999999999,1.0,1.0,1.0
real_data3_testing,category_flip,gammagt,2,RandomForestRegressor,1.0,1.0,0.9966584746302334,0.9999999999999999,1.0,1.0,1.0
real_data3_testing,category_flip,gammagt,3,LinearRegression,1.0,1.0,0.9731101998084786,0.9999999999999999,1.0,1.0,1.0
real_data3_testing,category_flip,gammagt,3,RandomForestRegressor,0.9948938993092976,0.6000000000000001,0.9963131823684651,0.8666666666666666,0.9047619047619049,0.942857142857143,0.9166666666666666
real_data3_testing,category_flip,gammagt,4,LinearRegression,1.0,1.0,0.9863164714477883,0.9999999999999999,1.0,1.0,1.0
real_data3_testing,category_flip,gammagt,4,RandomForestRegressor,0.996772109430684,0.6000000000000001,0.9986003916918851,0.8666666666666666,0.926530612244898,0.942857142857143,0.861111111111111
real_data3_testing,category_flip,drinks,0,LinearRegression,1.0,1.0,0.9817037338661591,0.9999999999999999,1.0,1.0,1.0
real_data3_testing,category_flip,drinks,0,RandomForestRegressor,1.0,1.0,0.9878783432778226,0.9999999999999999,1.0,1.0,1.0
real_data3_testing,category_flip,drinks,1,LinearRegression,0.972815691376063,0.6000000000000001,0.9802110033561937,0.8666666666666666,0.7551020408163265,0.942857142857143,0.75
real_data3_testing,category_flip,drinks,1,RandomForestRegressor,0.9948938993092976,0.6000000000000001,0.9708295217875028,0.8666666666666666,0.9047619047619049,0.942857142857143,0.9166666666666666
real_data3_testing,category_flip,drinks,2,LinearRegression,0.990356213041867,0.6000000000000001,0.9671541383226929,0.8666666666666666,0.8639455782312926,0.942857142857143,0.6944444444444443
real_data3_testing,category_flip,drinks,2,RandomForestRegressor,1.0,1.0,0.982147944827503,0.9999999999999999,1.0,1.0,1.0
real_data3_testing,category_flip,drinks,3,LinearRegression,0.990356213041867,0.6000000000000001,0.978602585738755,0.8666666666666666,0.8639455782312926,0.942857142857143,0.6944444444444443
real_data3_testing,category_flip,drinks,3,RandomForestRegressor,0.9948938993092976,0.6000000000000001,0.925733324624775,0.8666666666666666,0.9047619047619049,0.942857142857143,0.9166666666666666
real_data3_testing,category_flip,drinks,4,LinearRegression,0.9977427603456174,0.6000000000000001,0.963554226923329,0.8666666666666666,0.9401360544217686,0.942857142857143,0.7861111111111111
real_data3_testing,category_flip,drinks,4,RandomForestRegressor,0.9948938993092976,0.6000000000000001,0.9808935497548228,0.8666666666666666,0.9047619047619049,0.942857142857143,0.9444444444444443
real_data3_testing,category_flip,Selector,0,DecisionTreeClassifier,0.938726531959127,0.20000000000000018,0.18848410270958826,0.2,0.4448979591836734,0.2571428571428572,0.7361111111111112
real_data3_testing,category_flip,Selector,0,RandomForestClassifier,1.0,1.0,0.961553046263063,0.9999999999999999,1.0,1.0,1.0
real_data3_testing,category_flip,Selector,1,DecisionTreeClassifier,0.7992147465282807,2.220446049250313e-16,-0.07413314429735163,0.2,0.15238095238095234,0.08571428571428573,0.6194444444444445
real_data3_testing,category_flip,Selector,1,RandomForestClassifier,0.9926366596549152,0.20000000000000018,0.8848006705515993,0.7333333333333333,0.8448979591836734,0.8857142857142858,0.7638888888888888
real_data3_testing,category_flip,Selector,2,DecisionTreeClassifier,0.9705002247023294,0.6000000000000001,0.38243805396122776,0.6,0.6462585034013605,0.7714285714285715,0.6527777777777777
real_data3_testing,category_flip,Selector,2,RandomForestClassifier,0.9977427603456174,0.6000000000000001,0.8183645899765476,0.8666666666666666,0.9401360544217686,0.942857142857143,0.9027777777777777
real_data3_testing,category_flip,Selector,3,DecisionTreeClassifier,0.9833320174799633,0.6000000000000001,0.5816789326665843,0.6,0.7442176870748299,0.7714285714285715,0.9583333333333334
real_data3_testing,category_flip,Selector,3,RandomForestClassifier,0.9977427603456174,0.6000000000000001,0.7195068793493603,0.8666666666666666,0.9401360544217686,0.942857142857143,0.9027777777777777
real_data3_testing,category_flip,Selector,4,DecisionTreeClassifier,0.9884381181706656,0.40000000000000013,-0.39062644848094674,0.7333333333333333,0.8285714285714285,0.8285714285714287,0.8194444444444443
real_data3_testing,category_flip,Selector,4,RandomForestClassifier,1.0,1.0,0.9299360707339819,0.9999999999999999,1.0,1.0,1.0
real_data3_testing,correlation_mix,mcv,0,LinearRegression,0.9110255067637538,0.40000000000000013,0.9171831529950036,0.4666666666666666,0.26530612244897955,0.6,0.6527777777777777
real_data3_testing,correlation_mix,mcv,0,RandomForestRegressor,0.996772109430684,0.6000000000000001,0.8581871776201366,0.8666666666666666,0.926530612244898,0.942857142857143,0.7861111111111111
real_data3_testing,correlation_mix,mcv,1,LinearRegression,0.972815691376063,0.6000000000000001,0.5577062342244801,0.8666666666666666,0.7551020408163265,0.942857142857143,0.861111111111111
real_data3_testing,correlation_mix,mcv,1,RandomForestRegressor,0.9816431922488522,2.220446049250313e-16,0.3741201608220721,0.6,0.7292517006802721,0.7714285714285715,0.7305555555555555
real_data3_testing,correlation_mix,mcv,2,LinearRegression,0.9561477088560264,0.20000000000000018,0.6319042428667082,0.4666666666666666,0.49931972789115653,0.7142857142857143,0.5694444444444444
real_data3_testing,correlation_mix,mcv,2,RandomForestRegressor,0.987128322472551,0.20000000000000018,0.7551777933604468,0.7333333333333333,0.7904761904761904,0.8857142857142858,0.7305555555555555
real_data3_testing,correlation_mix,mcv,3,LinearRegression,0.9833320174799633,0.6000000000000001,0.055280603226584235,0.6,0.7442176870748299,0.7714285714285715,0.9583333333333334
real_data3_testing,correlation_mix,mcv,3,RandomForestRegressor,0.9538322421822928,0.20000000000000018,0.6469336979747395,0.4666666666666666,0.5809523809523809,0.5428571428571429,0.7305555555555555
real_data3_testing,correlation_mix,mcv,4,LinearRegression,0.9695878008067471,0.20000000000000018,0.4147631773041768,0.7333333333333333,0.6816326530612244,0.8857142857142858,0.875
real_data3_testing,correlation_mix,mcv,4,RandomForestRegressor,0.9912869792069852,0.40000000000000013,0.35344049354473805,0.7333333333333333,0.8653061224489795,0.8285714285714287,0.7861111111111111
real_data3_testing,correlation_mix,alkphos,0,LinearRegression,0.9695878008067471,0.20000000000000018,0.13189118191771287,0.7333333333333333,0.6816326530612244,0.8857142857142858,0.5361111111111111
real_data3_testing,correlation_mix,alkphos,0,RandomForestRegressor,0.9756063253930318,0.40000000000000013,0.9249049580755682,0.7333333333333333,0.7619047619047619,0.8285714285714287,0.7861111111111111
real_data3_testing,correlation_mix,alkphos,1,LinearRegression,0.987128322472551,0.20000000000000018,-0.007788984660167753,0.7333333333333333,0.7904761904761904,0.8857142857142858,0.7166666666666667
real_data3_testing,correlation_mix,alkphos,1,RandomForestRegressor,0.9977427603456174,0.6000000000000001,0.9159850981390724,0.8666666666666666,0.9401360544217686,0.942857142857143,0.9027777777777777
real_data3_testing,correlation_mix,alkphos,2,LinearRegression,0.9110255067637538,0.40000000000000013,0.060095008561631635,0.4666666666666666,0.26530612244897955,0.6,0.8194444444444443
real_data3_testing,correlation_mix,alkphos,2,RandomForestRegressor,0.9912869792069852,0.40000000000000013,0.8118266622760479,0.7333333333333333,0.8653061224489795,0.8285714285714287,0.9027777777777777
real_data3_testing,correlation_mix,alkphos,3,LinearRegression,0.9026915155037356,0.20000000000000018,-0.4809988184067253,0.3333333333333333,0.18911564625850333,0.48571428571428577,0.8194444444444443
real_data3_testing,correlation_mix,alkphos,3,RandomForestRegressor,0.987128322472551,0.20000000000000018,0.9459754090048396,0.7333333333333333,0.7904761904761904,0.8857142857142858,0.7444444444444445
real_data3_testing,correlation_mix,alkphos,4,LinearRegression,0.9387782298109622,0.20000000000000018,-0.4484364791016884,0.6,0.4897959183673469,0.7142857142857143,0.7861111111111111
real_data3_testing,correlation_mix,alkphos,4,RandomForestRegressor,0.9912869792069852,0.40000000000000013,0.7879464838576231,0.7333333333333333,0.8653061224489795,0.8285714285714287,0.9027777777777777
real_data3_testing,correlation_mix,sgpt,0,LinearRegression,1.0,1.0,0.9874281579794443,0.9999999999999999,1.0,1.0,1.0
real_data3_testing,correlation_mix,sgpt,0,RandomForestRegressor,0.9884381181706656,0.40000000000000013,0.9596676768120747,0.7333333333333333,0.8285714285714285,0.8285714285714287,0.8694444444444445
real_data3_testing,correlation_mix,sgpt,1,LinearRegression,0.9695878008067471,0.20000000000000018,0.993142008143046,0.7333333333333333,0.6816326530612244,0.8857142857142858,0.5694444444444444
real_data3_testing,correlation_mix,sgpt,1,RandomForestRegressor,0.9884381181706656,0.40000000000000013,0.9772220942764287,0.7333333333333333,0.8285714285714285,0.8285714285714287,0.8694444444444445
real_data3_testing,correlation_mix,sgpt,2,LinearRegression,0.990356213041867,0.6000000000000001,0.9961124647950735,0.8666666666666666,0.8639455782312926,0.942857142857143,0.8694444444444445
real_data3_testing,correlation_mix,sgpt,2,RandomForestRegressor,0.9884381181706656,0.40000000000000013,0.9810821209440614,0.7333333333333333,0.8285714285714285,0.8285714285714287,0.8694444444444445
real_data3_testing,correlation_mix,sgpt,3,LinearRegression,0.9263438088358608,0.6000000000000001,0.9949201065720658,0.6,0.4013605442176872,0.7714285714285715,0.8694444444444445
real_data3_testing,correlation_mix,sgpt,3,RandomForestRegressor,0.9948938993092976,0.6000000000000001,0.9948225749903682,0.8666666666666666,0.9047619047619049,0.942857142857143,0.8694444444444445
real_data3_testing,correlation_mix,sgpt,4,LinearRegression,0.9695878008067471,0.20000000000000018,0.9872441306651283,0.7333333333333333,0.6816326530612244,0.8857142857142858,0.4388888888888889
real_data3_testing,correlation_mix,sgpt,4,RandomForestRegressor,0.996772109430684,0.6000000000000001,0.9922023225350104,0.8666666666666666,0.926530612244898,0.942857142857143,0.9666666666666667
real_data3_testing,correlation_mix,sgot,0,LinearRegression,0.9608165529943814,0.40000000000000013,0.9347622149039319,0.4666666666666666,0.5605442176870749,0.6,0.6194444444444445
real_data3_testing,correlation_mix,sgot,0,RandomForestRegressor,0.9948938993092976,0.6000000000000001,0.9788229607809421,0.8666666666666666,0.9047619047619049,0.942857142857143,0.9166666666666666
real_data3_testing,correlation_mix,sgot,1,LinearRegression,1.0,1.0,0.9948317862659685,0.9999999999999999,1.0,1.0,1.0
real_data3_testing,correlation_mix,sgot,1,RandomForestRegressor,0.9948938993092976,0.6000000000000001,0.9828341837082049,0.8666666666666666,0.9047619047619049,0.942857142857143,0.9166666666666666
real_data3_testing,correlation_mix,sgot,2,LinearRegression,0.9608165529943814,0.40000000000000013,0.9887845684086547,0.4666666666666666,0.5605442176870749,0.6,0.6527777777777777
real_data3_testing,correlation_mix,sgot,2,RandomForestRegressor,1.0,1.0,0.9943168806563186,0.9999999999999999,1.0,1.0,1.0
real_data3_testing,correlation_mix,sgot,3,LinearRegression,0.9231159182665447,0.20000000000000018,0.9948785314474398,0.4666666666666666,0.3278911564625851,0.7142857142857143,0.5222222222222223
real_data3_testing,correlation_mix,sgot,3,RandomForestRegressor,1.0,1.0,0.9816274958603229,0.9999999999999999,1.0,1.0,1.0
real_data3_testing,correlation_mix,sgot,4,LinearRegression,0.9327597052246774,2.220446049250313e-16,0.9974036302288091,0.6,0.5183673469387756,0.7714285714285715,0.4388888888888889
real_data3_testing,correlation_mix,sgot,4,RandomForestRegressor,1.0,1.0,0.9972970299301965,0.9999999999999999,1.0,1.0,1.0
real_data3_testing,correlation_mix,gammagt,0,LinearRegression,0.9614313813349844,2.220446049250313e-16,0.140240316269594,0.4666666666666666,0.6,0.4285714285714286,0.5777777777777778
real_data3_testing,correlation_mix,gammagt,0,RandomForestRegressor,0.9705002247023294,0.6000000000000001,0.9252642321955139,0.6,0.6462585034013605,0.7714285714285715,0.7861111111111111
real_data3_testing,correlation_mix,gammagt,1,LinearRegression,0.9801440116604624,0.40000000000000013,0.8779692520882344,0.7333333333333333,0.7619047619047619,0.8285714285714287,0.6194444444444445
real_data3_testing,correlation_mix,gammagt,1,RandomForestRegressor,0.9705002247023294,0.6000000000000001,0.7047984265870432,0.6,0.6462585034013605,0.7714285714285715,0.7861111111111111
real_data3_testing,correlation_mix,gammagt,2,LinearRegression,0.9884381181706656,0.40000000000000013,0.4770185455543222,0.7333333333333333,0.8285714285714285,0.8285714285714287,0.6194444444444445
real_data3_testing,correlation_mix,gammagt,2,RandomForestRegressor,0.9756063253930318,0.40000000000000013,0.8108132347799991,0.7333333333333333,0.7619047619047619,0.8285714285714287,0.7861111111111111
real_data3_testing,correlation_mix,gammagt,3,LinearRegression,0.9705584517216804,0.20000000000000018,0.3502901760355366,0.7333333333333333,0.6952380952380952,0.8857142857142858,0.875
real_data3_testing,correlation_mix,gammagt,3,RandomForestRegressor,0.9705002247023294,0.6000000000000001,0.7334342567084401,0.6,0.6462585034013605,0.7714285714285715,0.7861111111111111
real_data3_testing,correlation_mix,gammagt,4,LinearRegression,0.987128322472551,0.20000000000000018,0.9394944926066386,0.7333333333333333,0.7904761904761904,0.8857142857142858,0.7583333333333333
real_data3_testing,correlation_mix,gammagt,4,RandomForestRegressor,0.9525224464841785,0.40000000000000013,0.5394488408276034,0.4666666666666666,0.5605442176870749,0.6,0.7861111111111111
real_data3_testing,correlation_mix,drinks,0,LinearRegression,0.9948938993092976,0.6000000000000001,0.6602880175265688,0.8666666666666666,0.9047619047619049,0.942857142857143,0.9583333333333334
real_data3_testing,correlation_mix,drinks,0,RandomForestRegressor,0.987128322472551,0.20000000000000018,0.6771965302736243,0.7333333333333333,0.7904761904761904,0.8857142857142858,0.875
real_data3_testing,correlation_mix,drinks,1,LinearRegression,0.9977427603456174,0.6000000000000001,0.7185510084550042,0.8666666666666666,0.9401360544217686,0.942857142857143,0.8194444444444443
real_data3_testing,correlation_mix,drinks,1,RandomForestRegressor,0.9531140678661156,2.220446049250313e-16,0.2256564322849648,0.4666666666666666,0.6149659863945578,0.5428571428571429,0.7861111111111111
real_data3_testing,correlation_mix,drinks,2,LinearRegression,0.9977427603456174,0.6000000000000001,0.5462787499267485,0.8666666666666666,0.9401360544217686,0.942857142857143,0.7861111111111111
real_data3_testing,correlation_mix,drinks,2,RandomForestRegressor,0.9547630083474112,0.20000000000000018,0.09921999018041727,0.3333333333333333,0.526530612244898,0.4285714285714286,0.7861111111111111
real_data3_testing,correlation_mix,drinks,3,LinearRegression,0.9705002247023294,0.6000000000000001,0.7100440818724376,0.6,0.6462585034013605,0.7714285714285715,0.9583333333333334
real_data3_testing,correlation_mix,drinks,3,RandomForestRegressor,0.996772109430684,0.6000000000000001,0.3575630889813407,0.8666666666666666,0.926530612244898,0.942857142857143,0.861111111111111
real_data3_testing,correlation_mix,drinks,4,LinearRegression,0.9705002247023294,0.6000000000000001,0.1736402440602336,0.6,0.6462585034013605,0.7714285714285715,0.6527777777777777
real_data3_testing,correlation_mix,drinks,4,RandomForestRegressor,0.9460666653455463,0.6000000000000001,0.007460052914615822,0.3333333333333333,0.4666666666666667,0.48571428571428577,0.8194444444444443
real_data3_testing,correlation_mix,Selector,0,DecisionTreeClassifier,0.8844096125630888,0.40000000000000013,0.15481113934926238,0.4666666666666666,0.26530612244897955,0.6,0.6194444444444445
real_data3_testing,correlation_mix,Selector,0,RandomForestClassifier,0.972815691376063,0.6000000000000001,0.6432129085899058,0.8666666666666666,0.7551020408163265,0.942857142857143,0.6194444444444445
real_data3_testing,correlation_mix,Selector,1,DecisionTreeClassifier,0.9865599080492793,0.40000000000000013,-1.478680777769208,0.7333333333333333,0.8285714285714285,0.8285714285714287,0.861111111111111
real_data3_testing,correlation_mix,Selector,1,RandomForestClassifier,1.0,1.0,0.5923320590929126,0.9999999999999999,1.0,1.0,1.0
real_data3_testing,correlation_mix,Selector,2,DecisionTreeClassifier,0.9498694995056499,2.220446049250313e-16,-1.232993504266795,0.2,0.4489795918367347,0.2571428571428572,0.6527777777777777
real_data3_testing,correlation_mix,Selector,2,RandomForestClassifier,0.990356213041867,0.6000000000000001,0.5433261968128873,0.8666666666666666,0.8639455782312926,0.942857142857143,0.6944444444444443
real_data3_testing,correlation_mix,Selector,3,DecisionTreeClassifier,0.9476289376424171,0.20000000000000018,-1.2787017688805795,0.3333333333333333,0.526530612244898,0.4285714285714286,0.8694444444444445
real_data3_testing,correlation_mix,Selector,3,RandomForestClassifier,0.9387782298109622,0.20000000000000018,0.4081567853234398,0.6,0.4897959183673469,0.7142857142857143,0.6194444444444445
real_data3_testing,correlation_mix,Selector,4,DecisionTreeClassifier,0.8097078656735154,0.20000000000000018,-0.5894864402164721,-0.06666666666666665,-0.27346938775510204,0.028571428571428574,0.7999999999999999
real_data3_testing,correlation_mix,Selector,4,RandomForestClassifier,0.9705584517216804,0.20000000000000018,0.6325879669702047,0.7333333333333333,0.6952380952380952,0.8857142857142858,0.5222222222222223
real_data3_testing,missingness_mcar,mcv,0,LinearRegression,0.8032919692846984,2.220446049250313e-16,0.5793538043152329,-0.06666666666666665,-0.16870748299319727,0.028571428571428574,0.5972222222222222
real_data3_testing,missingness_mcar,mcv,0,RandomForestRegressor,0.9801440116604624,0.40000000000000013,0.7240434779044672,0.7333333333333333,0.7619047619047619,0.8285714285714287,0.8694444444444445
real_data3_testing,missingness_mcar,mcv,1,LinearRegression,0.9653542392618121,0.40000000000000013,0.250369195626558,0.4666666666666666,0.5918367346938775,0.6,0.9027777777777777
real_data3_testing,missingness_mcar,mcv,1,RandomForestRegressor,0.9733490857386493,2.220446049250313e-16,0.89516007999045,0.6,0.7020408163265306,0.7714285714285715,0.6888888888888888
real_data3_testing,missingness_mcar,mcv,2,LinearRegression,0.9695878008067471,0.20000000000000018,0.6761036050775453,0.7333333333333333,0.6816326530612244,0.8857142857142858,0.611111111111111
real_data3_testing,missingness_mcar,mcv,2,RandomForestRegressor,0.9636654140307012,2.220446049250313e-16,0.9106781560266125,0.4666666666666666,0.6244897959183673,0.6,0.7861111111111111
real_data3_testing,missingness_mcar,mcv,3,LinearRegression,0.8437852119884315,0.20000000000000018,0.3681961060445992,0.3333333333333333,0.21768707482993202,0.3714285714285715,0.611111111111111
real_data3_testing,missingness_mcar,mcv,3,RandomForestRegressor,0.987128322472551,0.20000000000000018,0.9153798464157094,0.7333333333333333,0.7904761904761904,0.8857142857142858,0.8416666666666667
real_data3_testing,missingness_mcar,mcv,4,LinearRegression,0.8456634221098176,0.20000000000000018,-0.10227609505387636,0.3333333333333333,0.24897959183673468,0.3714285714285715,0.611111111111111
real_data3_testing,missingness_mcar,mcv,4,RandomForestRegressor,0.9682429850479468,0.20000000000000018,0.8805258504207056,0.4666666666666666,0.5863945578231293,0.7142857142857143,0.6888888888888888
real_data3_testing,missingness_mcar,alkphos,0,LinearRegression,0.8193915373814634,2.220446049250313e-16,-0.47996108868057097,0.06666666666666665,-0.1428571428571428,0.2,0.7166666666666667
real_data3_testing,missingness_mcar,alkphos,0,RandomForestRegressor,0.9948938993092976,0.6000000000000001,0.8284985556190894,0.8666666666666666,0.9047619047619049,0.942857142857143,0.861111111111111
real_data3_testing,missingness_mcar,alkphos,1,LinearRegression,0.9365209901565797,-0.19999999999999973,0.08321166040514016,0.4666666666666666,0.42993197278911566,0.6571428571428573,0.3833333333333333
real_data3_testing,missingness_mcar,alkphos,1,RandomForestRegressor,0.996772109430684,0.6000000000000001,0.8928994788483653,0.8666666666666666,0.926530612244898,0.942857142857143,0.9583333333333334
real_data3_testing,missingness_mcar,alkphos,2,LinearRegression,0.7982440956133472,2.220446049250313e-16,-0.5204141001531666,0.2,0.13469387755102036,0.08571428571428573,0.48055555555555557
real_data3_testing,missingness_mcar,alkphos,2,RandomForestRegressor,0.996772109430684,0.6000000000000001,0.9201415413681406,0.8666666666666666,0.926530612244898,0.942857142857143,0.9583333333333334
real_data3_testing,missingness_mcar,alkphos,3,LinearRegression,0.8949092608758391,-0.19999999999999973,-0.8539226211406921,0.06666666666666665,0.18775510204081639,0.2,0.49444444444444446
real_data3_testing,missingness_mcar,alkphos,3,RandomForestRegressor,0.9922576301219188,0.40000000000000013,0.9060690603348356,0.7333333333333333,0.8653061224489795,0.8285714285714287,0.9027777777777777
real_data3_testing,missingness_mcar,alkphos,4,LinearRegression,0.8701597636945406,2.220446049250313e-16,-1.3003042850550406,-0.2,-0.2,-0.14285714285714288,0.5138888888888888
real_data3_testing,missingness_mcar,alkphos,4,RandomForestRegressor,0.996772109430684,0.6000000000000001,0.9078468224327084,0.8666666666666666,0.926530612244898,0.942857142857143,0.9583333333333334
real_data3_testing,missingness_mcar,sgpt,0,LinearRegression,0.972815691376063,0.6000000000000001,0.989299338993683,0.8666666666666666,0.7551020408163265,0.942857142857143,0.9166666666666666
real_data3_testing,missingness_mcar,sgpt,0,RandomForestRegressor,1.0,1.0,0.9955407775379863,0.9999999999999999,1.0,1.0,1.0
real_data3_testing,missingness_mcar,sgpt,1,LinearRegression,0.8968440335381902,0.20000000000000018,0.9868350142271944,0.4666666666666666,0.31972789115646266,0.5428571428571429,0.6888888888888888
real_data3_testing,missingness_mcar,sgpt,1,RandomForestRegressor,1.0,1.0,0.992212742630329,0.9999999999999999,1.0,1.0,1.0
real_data3_testing,missingness_mcar,sgpt,2,LinearRegression,0.9263438088358608,0.6000000000000001,0.9915403712378184,0.6,0.4013605442176872,0.7714285714285715,0.9166666666666666
real_data3_testing,missingness_mcar,sgpt,2,RandomForestRegressor,1.0,1.0,0.9941537318203812,0.9999999999999999,1.0,1.0,1.0
real_data3_testing,missingness_mcar,sgpt,3,LinearRegression,0.9263438088358608,0.6000000000000001,0.9876870776385913,0.6,0.4013605442176872,0.7714285714285715,0.8694444444444445
real_data3_testing,missingness_mcar,sgpt,3,RandomForestRegressor,0.990356213041867,0.6000000000000001,0.9896668192539584,0.8666666666666666,0.8639455782312926,0.942857142857143,0.7861111111111111
real_data3_testing,missingness_mcar,sgpt,4,LinearRegression,0.9503002268904813,2.220446049250313e-16,0.822386774033287,0.6,0.5183673469387756,0.7714285714285715,0.4388888888888889
real_data3_testing,missingness_mcar,sgpt,4,RandomForestRegressor,0.9948938993092976,0.6000000000000001,0.9651963039245823,0.8666666666666666,0.9047619047619049,0.942857142857143,0.8694444444444445
real_data3_testing,missingness_mcar,sgot,0,LinearRegression,0.9704603399525144,0.20000000000000018,0.7230680047329534,0.6,0.6761904761904762,0.6571428571428573,0.5222222222222223
real_data3_testing,missingness_mcar,sgot,0,RandomForestRegressor,0.9948938993092976,0.6000000000000001,0.8164805258176762,0.8666666666666666,0.9047619047619049,0.942857142857143,0.9166666666666666
real_data3_testing,missingness_mcar,sgot,1,LinearRegression,0.9756063253930318,0.40000000000000013,0.9683097377880401,0.7333333333333333,0.7619047619047619,0.8285714285714287,0.6194444444444445
real_data3_testing,missingness_mcar,sgot,1,RandomForestRegressor,1.0,1.0,0.9863382058832124,0.9999999999999999,1.0,1.0,1.0
real_data3_testing,missingness_mcar,sgot,2,LinearRegression,0.9608165529943814,0.40000000000000013,0.9760588797645178,0.4666666666666666,0.5605442176870749,0.6,0.6527777777777777
real_data3_testing,missingness_mcar,sgot,2,RandomForestRegressor,0.9756063253930318,0.40000000000000013,0.9806996483873537,0.7333333333333333,0.7619047619047619,0.8285714285714287,0.7861111111111111
real_data3_testing,missingness_mcar,sgot,3,LinearRegression,0.9593755994253426,2.220446049250313e-16,0.9707417481770584,0.6,0.5836734693877551,0.7714285714285715,0.4388888888888889
real_data3_testing,missingness_mcar,sgot,3,RandomForestRegressor,1.0,1.0,0.9991628382332017,0.9999999999999999,1.0,1.0,1.0
real_data3_testing,missingness_mcar,sgot,4,LinearRegression,0.9695878008067471,0.20000000000000018,0.8579243038996939,0.7333333333333333,0.6816326530612244,0.8857142857142858,0.5694444444444444
real_data3_testing,missingness_mcar,sgot,4,RandomForestRegressor,1.0,1.0,0.943804231905893,0.9999999999999999,1.0,1.0,1.0
real_data3_testing,missingness_mcar,gammagt,0,LinearRegression,0.8792636271225712,0.20000000000000018,0.4462033021160099,0.3333333333333333,0.2544217687074829,0.4285714285714286,0.6194444444444445
real_data3_testing,missingness_mcar,gammagt,0,RandomForestRegressor,0.9948938993092976,0.6000000000000001,0.8566559787302066,0.8666666666666666,0.9047619047619049,0.942857142857143,0.9166666666666666
real_data3_testing,missingness_mcar,gammagt,1,LinearRegression,0.925775394412589,0.20000000000000018,0.6435013635074152,0.6,0.4897959183673469,0.7142857142857143,0.6194444444444445
real_data3_testing,missingness_mcar,gammagt,1,RandomForestRegressor,0.9801440116604624,0.40000000000000013,0.8902168252335085,0.7333333333333333,0.7619047619047619,0.8285714285714287,0.7861111111111111
real_data3_testing,missingness_mcar,gammagt,2,LinearRegression,0.93232244867233,2.220446049250313e-16,0.7848763826221956,0.4666666666666666,0.4136054421768708,0.6,0.6194444444444445
real_data3_testing,missingness_mcar,gammagt,2,RandomForestRegressor,0.9705002247023294,0.6000000000000001,0.9462389047970065,0.6,0.6462585034013605,0.7714285714285715,0.9166666666666666
real_data3_testing,missingness_mcar,gammagt,3,LinearRegression,0.9816431922488522,2.220446049250313e-16,-0.1907004956040974,0.6,0.7292517006802721,0.7714285714285715,0.6749999999999999
real_data3_testing,missingness_mcar,gammagt,3,RandomForestRegressor,0.9705002247023294,0.6000000000000001,0.8856174089212416,0.6,0.6462585034013605,0.7714285714285715,0.7861111111111111
real_data3_testing,missingness_mcar,gammagt,4,LinearRegression,0.9359875957939935,0.40000000000000013,0.8610296882131484,0.7333333333333333,0.5918367346938775,0.8285714285714287,0.75
real_data3_testing,missingness_mcar,gammagt,4,RandomForestRegressor,0.996772109430684,0.6000000000000001,0.5857014647084176,0.8666666666666666,0.926530612244898,0.942857142857143,0.861111111111111
real_data3_testing,missingness_mcar,drinks,0,LinearRegression,0.9359875957939935,0.40000000000000013,-0.09405381628513054,0.7333333333333333,0.5918367346938775,0.8285714285714287,0.6944444444444443
real_data3_testing,missingness_mcar,drinks,0,RandomForestRegressor,0.9517875943768515,0.20000000000000018,0.2864192778004948,0.3333333333333333,0.4843537414965986,0.3714285714285715,0.7861111111111111
real_data3_testing,missingness_mcar,drinks,1,LinearRegression,0.891796159866839,-0.19999999999999973,0.39737343101487055,0.4666666666666666,0.39591836734693875,0.6,0.4388888888888889
real_data3_testing,missingness_mcar,drinks,1,RandomForestRegressor,0.9608165529943814,0.40000000000000013,0.8054766342771768,0.4666666666666666,0.5605442176870749,0.6,0.8194444444444443
real_data3_testing,missingness_mcar,drinks,2,LinearRegression,0.9263438088358608,0.6000000000000001,0.23432540629366294,0.6,0.4013605442176872,0.7714285714285715,0.75
real_data3_testing,missingness_mcar,drinks,2,RandomForestRegressor,0.9737114374804959,0.40000000000000013,0.012558972832410364,0.4666666666666666,0.6965986394557824,0.6,0.9027777777777777
real_data3_testing,missingness_mcar,drinks,3,LinearRegression,0.9448150966667827,-0.19999999999999973,0.12508462373057994,0.4666666666666666,0.4571428571428572,0.6571428571428573,0.48055555555555557
real_data3_testing,missingness_mcar,drinks,3,RandomForestRegressor,0.9801440116604624,0.40000000000000013,0.8360882151140088,0.7333333333333333,0.7619047619047619,0.8285714285714287,0.8194444444444443
real_data3_testing,missingness_mcar,drinks,4,LinearRegression,0.9977427603456174,0.6000000000000001,0.7237845473808584,0.8666666666666666,0.9401360544217686,0.942857142857143,0.7861111111111111
real_data3_testing,missingness_mcar,drinks,4,RandomForestRegressor,0.9826138431637859,2.220446049250313e-16,0.6783132931715932,0.6,0.7292517006802721,0.7714285714285715,0.8416666666666667
real_data3_testing,missingness_mcar,Selector,0,DecisionTreeClassifier,0.8503387954156887,-0.19999999999999973,-0.27067461460431397,-0.06666666666666665,0.0244897959183674,-0.08571428571428573,0.3833333333333333
real_data3_testing,missingness_mcar,Selector,0,RandomForestClassifier,0.9880989733874844,0.20000000000000018,0.8009240709593217,0.7333333333333333,0.8040816326530612,0.8857142857142858,0.5972222222222222
real_data3_testing,missingness_mcar,Selector,1,DecisionTreeClassifier,0.9682263072567976,0.6000000000000001,-1.4591336864594915,0.3333333333333333,0.6081632653061224,0.48571428571428577,0.8194444444444443
real_data3_testing,missingness_mcar,Selector,1,RandomForestClassifier,0.996772109430684,0.6000000000000001,0.8763405162969312,0.8666666666666666,0.926530612244898,0.942857142857143,0.9166666666666666
real_data3_testing,missingness_mcar,Selector,2,DecisionTreeClassifier,0.9470605232191452,2.220446049250313e-16,-0.2805226804010015,0.3333333333333333,0.5156462585034014,0.3714285714285715,0.5138888888888888
real_data3_testing,missingness_mcar,Selector,2,RandomForestClassifier,0.9816431922488522,2.220446049250313e-16,0.4135105918692267,0.6,0.7292517006802721,0.7714285714285715,0.5138888888888888
real_data3_testing,missingness_mcar,Selector,3,DecisionTreeClassifier,0.9175725610234949,0.20000000000000018,0.07123478769665204,0.3333333333333333,0.3197278911564626,0.48571428571428577,0.6194444444444445
real_data3_testing,missingness_mcar,Selector,3,RandomForestClassifier,0.9759686771348786,0.20000000000000018,0.6353255092691514,0.6,0.7632653061224489,0.6571428571428573,0.7638888888888888
real_data3_testing,missingness_mcar,Selector,4,DecisionTreeClassifier,0.8322233301590971,2.220446049250313e-16,-1.0580678351429893,0.06666666666666665,0.02857142857142854,0.2,0.48055555555555557
real_data3_testing,missingness_mcar,Selector,4,RandomForestClassifier,0.996772109430684,0.6000000000000001,0.9342946878423167,0.8666666666666666,0.926530612244898,0.942857142857143,0.9166666666666666
real_data4_testing,mean_variance_drift,T3,0,LinearRegression,1.0,1.0,1.0,0.9999999999999999,1.0,0.9999999999999999,1.0
real_data4_testing,mean_variance_drift,T3,0,RandomForestRegressor,1.0,1.0,0.9998538448716192,0.9999999999999999,1.0,0.9999999999999999,1.0
real_data4_testing,mean_variance_drift,T3,1,LinearRegression,1.0,1.0,1.0,0.9999999999999999,1.0,0.9999999999999999,1.0
real_data4_testing,mean_variance_drift,T3,1,RandomForestRegressor,1.0,1.0,0.9999835492262631,0.9999999999999999,1.0,0.9999999999999999,1.0
real_data4_testing,mean_variance_drift,T3,2,LinearRegression,1.0,1.0,1.0,0.9999999999999999,1.0,0.9999999999999999,1.0
real_data4_testing,mean_variance_drift,T3,2,RandomForestRegressor,1.0,1.0,0.9999199002094554,0.9999999999999999,1.0,0.9999999999999999,1.0
real_data4_testing,mean_variance_drift,T3,3,LinearRegression,1.0,1.0,1.0,0.9999999999999999,1.0,0.9999999999999999,1.0
real_data4_testing,mean_variance_drift,T3,3,RandomForestRegressor,1.0,1.0,0.9997294727810991,0.9999999999999999,1.0,0.9999999999999999,1.0
real_data4_testing,mean_variance_drift,T3,4,LinearRegression,1.0,1.0,1.0,0.9999999999999999,1.0,0.9999999999999999,1.0
real_data4_testing,mean_variance_drift,T3,4,RandomForestRegressor,0.9932511732370243,0.5,0.9998802407257542,0.7999999999999999,0.8722627737226277,0.8999999999999998,0.8333333333333333
real_data4_testing,mean_variance_drift,TST,0,LinearRegression,1.0,1.0,1.0,0.9999999999999999,1.0,0.9999999999999999,1.0
real_data4_testing,mean_variance_drift,TST,0,RandomForestRegressor,1.0,1.0,0.9999647119139461,0.9999999999999999,1.0,0.9999999999999999,1.0
real_data4_testing,mean_variance_drift,TST,1,LinearRegression,1.0,1.0,1.0,0.9999999999999999,1.0,0.9999999999999999,1.0
real_data4_testing,mean_variance_drift,TST,1,RandomForestRegressor,1.0,1.0,0.999981687389851,0.9999999999999999,1.0,0.9999999999999999,1.0
real_data4_testing,mean_variance_drift,TST,2,LinearRegression,1.0,1.0,1.0,0.9999999999999999,1.0,0.9999999999999999,1.0
real_data4_testing,mean_variance_drift,TST,2,RandomForestRegressor,1.0,1.0,0.9999607057340918,0.9999999999999999,1.0,0.9999999999999999,1.0
real_data4_testing,mean_variance_drift,TST,3,LinearRegression,1.0,1.0,1.0,0.9999999999999999,1.0,0.9999999999999999,1.0
real_data4_testing,mean_variance_drift,TST,3,RandomForestRegressor,1.0,1.0,0.9995776480245064,0.9999999999999999,1.0,0.9999999999999999,1.0
real_data4_testing,mean_variance_drift,TST,4,LinearRegression,1.0,1.0,1.0,0.9999999999999999,1.0,0.9999999999999999,1.0
real_data4_testing,mean_variance_drift,TST,4,RandomForestRegressor,1.0,1.0,0.9999513813793653,0.9999999999999999,1.0,0.9999999999999999,1.0
real_data4_testing,mean_variance_drift,TSTRI,0,LinearRegression,1.0,1.0,1.0,0.9999999999999999,1.0,0.9999999999999999,1.0
real_data4_testing,mean_variance_drift,TSTRI,0,RandomForestRegressor,1.0,1.0,0.9999417413705748,0.9999999999999999,1.0,0.9999999999999999,1.0
real_data4_testing,mean_variance_drift,TSTRI,1,LinearRegression,1.0,1.0,1.0,0.9999999999999999,1.0,0.9999999999999999,1.0
real_data4_testing,mean_variance_drift,TSTRI,1,RandomForestRegressor,1.0,1.0,0.9998206692196598,0.9999999999999999,1.0,0.9999999999999999,1.0
real_data4_testing,mean_variance_drift,TSTRI,2,LinearRegression,1.0,1.0,1.0,0.9999999999999999,1.0,0.9999999999999999,1.0
real_data4_testing,mean_variance_drift,TSTRI,2,RandomForestRegressor,1.0,1.0,0.9998221647792168,0.9999999999999999,1.0,0.9999999999999999,1.0
real_data4_testing,mean_variance_drift,TSTRI,3,LinearRegression,1.0,1.0,1.0,0.9999999999999999,1.0,0.9999999999999999,1.0
real_data4_testing,mean_variance_drift,TSTRI,3,RandomForestRegressor,1.0,1.0,0.9999685451532104,0.9999999999999999,1.0,0.9999999999999999,1.0
real_data4_testing,mean_variance_drift,TSTRI,4,LinearRegression,1.0,1.0,1.0,0.9999999999999999,1.0,0.9999999999999999,1.0
real_data4_testing,mean_variance_drift,TSTRI,4,RandomForestRegressor,1.0,1.0,0.999990296914833,0.9999999999999999,1.0,0.9999999999999999,1.0
real_data4_testing,mean_variance_drift,TSH,0,LinearRegression,1.0,1.0,1.0,0.9999999999999999,1.0,0.9999999999999999,1.0
real_data4_testing,mean_variance_drift,TSH,0,RandomForestRegressor,1.0,1.0,0.9998086625593633,0.9999999999999999,1.0,0.9999999999999999,1.0
real_data4_testing,mean_variance_drift,TSH,1,LinearRegression,1.0,1.0,1.0,0.9999999999999999,1.0,0.9999999999999999,1.0
real_data4_testing,mean_variance_drift,TSH,1,RandomForestRegressor,1.0,1.0,0.999886718092002,0.9999999999999999,1.0,0.9999999999999999,1.0
real_data4_testing,mean_variance_drift,TSH,2,LinearRegression,1.0,1.0,1.0,0.9999999999999999,1.0,0.9999999999999999,1.0
real_data4_testing,mean_variance_drift,TSH,2,RandomForestRegressor,1.0,1.0,0.9999281321110135,0.9999999999999999,1.0,0.9999999999999999,1.0
real_data4_testing,mean_variance_drift,TSH,3,LinearRegression,1.0,1.0,1.0,0.9999999999999999,1.0,0.9999999999999999,1.0
real_data4_testing,mean_variance_drift,TSH,3,RandomForestRegressor,1.0,1.0,0.9998984015271282,0.9999999999999999,1.0,0.9999999999999999,1.0
real_data4_testing,mean_variance_drift,TSH,4,LinearRegression,1.0,1.0,1.0,0.9999999999999999,1.0,0.9999999999999999,1.0
real_data4_testing,mean_variance_drift,TSH,4,RandomForestRegressor,1.0,1.0,0.9990362095599493,0.9999999999999999,1.0,0.9999999999999999,1.0
real_data4_testing,mean_variance_drift,TMAX,0,LinearRegression,1.0,1.0,1.0,0.9999999999999999,1.0,0.9999999999999999,1.0
real_data4_testing,mean_variance_drift,TMAX,0,RandomForestRegressor,0.9872536302235486,0.5,0.9962088030410977,0.7999999999999999,0.8175182481751825,0.8999999999999998,0.9333333333333332
real_data4_testing,mean_variance_drift,TMAX,1,LinearRegression,1.0,1.0,1.0,0.9999999999999999,1.0,0.9999999999999999,1.0
real_data4_testing,mean_variance_drift,TMAX,1,RandomForestRegressor,1.0,1.0,0.9995338341560417,0.9999999999999999,1.0,0.9999999999999999,1.0
real_data4_testing,mean_variance_drift,TMAX,2,LinearRegression,1.0,1.0,1.0,0.9999999999999999,1.0,0.9999999999999999,1.0
real_data4_testing,mean_variance_drift,TMAX,2,RandomForestRegressor,1.0,1.0,0.9991535046127974,0.9999999999999999,1.0,0.9999999999999999,1.0
real_data4_testing,mean_variance_drift,TMAX,3,LinearRegression,1.0,1.0,1.0,0.9999999999999999,1.0,0.9999999999999999,1.0
real_data4_testing,mean_variance_drift,TMAX,3,RandomForestRegressor,1.0,1.0,0.9989453402203985,0.9999999999999999,1.0,0.9999999999999999,1.0
real_data4_testing,mean_variance_drift,TMAX,4,LinearRegression,1.0,1.0,1.0,0.9999999999999999,1.0,0.9999999999999999,1.0
real_data4_testing,mean_variance_drift,TMAX,4,RandomForestRegressor,1.0,1.0,0.9984321245165432,0.9999999999999999,1.0,0.9999999999999999,1.0
real_data4_testing,mean_variance_drift,Class,0,DecisionTreeClassifier,1.0,1.0,1.0,0.9999999999999999,1.0,0.9999999999999999,1.0
real_data4_testing,mean_variance_drift,Class,0,RandomForestClassifier,1.0,1.0,1.0,0.9999999999999999,1.0,0.9999999999999999,1.0
real_data4_testing,mean_variance_drift,Class,1,DecisionTreeClassifier,1.0,1.0,1.0,0.9999999999999999,1.0,0.9999999999999999,1.0
real_data4_testing,mean_variance_drift,Class,1,RandomForestClassifier,1.0,1.0,1.0,0.9999999999999999,1.0,0.9999999999999999,1.0
real_data4_testing,mean_variance_drift,Class,2,DecisionTreeClassifier,1.0,1.0,1.0,0.9999999999999999,1.0,0.9999999999999999,1.0
real_data4_testing,mean_variance_drift,Class,2,RandomForestClassifier,1.0,1.0,1.0,0.9999999999999999,1.0,0.9999999999999999,1.0
real_data4_testing,mean_variance_drift,Class,3,DecisionTreeClassifier,1.0,1.0,1.0,0.9999999999999999,1.0,0.9999999999999999,1.0
real_data4_testing,mean_variance_drift,Class,3,RandomForestClassifier,1.0,1.0,1.0,0.9999999999999999,1.0,0.9999999999999999,1.0
real_data4_testing,mean_variance_drift,Class,4,DecisionTreeClassifier,1.0,1.0,1.0,0.9999999999999999,1.0,0.9999999999999999,1.0
real_data4_testing,mean_variance_drift,Class,4,RandomForestClassifier,1.0,1.0,1.0,0.9999999999999999,1.0,0.9999999999999999,1.0
real_data4_testing,noise_injection,T3,0,LinearRegression,1.0,1.0,0.9996942636530697,0.9999999999999999,1.0,0.9999999999999999,1.0
real_data4_testing,noise_injection,T3,0,RandomForestRegressor,1.0,1.0,0.9979585822096262,0.9999999999999999,1.0,0.9999999999999999,1.0
real_data4_testing,noise_injection,T3,1,LinearRegression,1.0,1.0,0.9999144868871839,0.9999999999999999,1.0,0.9999999999999999,1.0
real_data4_testing,noise_injection,T3,1,RandomForestRegressor,1.0,1.0,0.9987783440379225,0.9999999999999999,1.0,0.9999999999999999,1.0
real_data4_testing,noise_injection,T3,2,LinearRegression,1.0,1.0,0.9990726054506305,0.9999999999999999,1.0,0.9999999999999999,1.0
real_data4_testing,noise_injection,T3,2,RandomForestRegressor,1.0,1.0,0.9836620818448177,0.9999999999999999,1.0,0.9999999999999999,1.0
real_data4_testing,noise_injection,T3,3,LinearRegression,1.0,1.0,0.9996421073921871,0.9999999999999999,1.0,0.9999999999999999,1.0
real_data4_testing,noise_injection,T3,3,RandomForestRegressor,0.9932511732370243,0.5,0.9358038920617578,0.7999999999999999,0.8722627737226277,0.8999999999999998,0.95
real_data4_testing,noise_injection,T3,4,LinearRegression,0.9640700016142874,0.5,0.9977613507565636,0.7999999999999999,0.6715328467153284,0.8999999999999998,0.95
real_data4_testing,noise_injection,T3,4,RandomForestRegressor,0.9932511732370243,0.5,0.9994556723132422,0.7999999999999999,0.8722627737226277,0.8999999999999998,0.8333333333333333
real_data4_testing,noise_injection,TST,0,LinearRegression,1.0,1.0,0.9996919324728881,0.9999999999999999,1.0,0.9999999999999999,1.0
real_data4_testing,noise_injection,TST,0,RandomForestRegressor,0.9872536302235486,0.5,0.946736398504851,0.7999999999999999,0.8175182481751825,0.8999999999999998,0.7833333333333333
real_data4_testing,noise_injection,TST,1,LinearRegression,1.0,1.0,0.999451439968473,0.9999999999999999,1.0,0.9999999999999999,1.0
real_data4_testing,noise_injection,TST,1,RandomForestRegressor,0.9872536302235486,0.5,0.854024441199253,0.7999999999999999,0.8175182481751825,0.8999999999999998,0.7833333333333333
real_data4_testing,noise_injection,TST,2,LinearRegression,0.9932511732370243,0.5,0.9986921588458578,0.7999999999999999,0.8722627737226277,0.8999999999999998,0.95
real_data4_testing,noise_injection,TST,2,RandomForestRegressor,1.0,1.0,0.9534003368010683,0.9999999999999999,1.0,0.9999999999999999,1.0
real_data4_testing,noise_injection,TST,3,LinearRegression,1.0,1.0,0.9990524881106756,0.9999999999999999,1.0,0.9999999999999999,1.0
real_data4_testing,noise_injection,TST,3,RandomForestRegressor,0.9872536302235486,0.5,0.8400235968834608,0.7999999999999999,0.8175182481751825,0.8999999999999998,0.7833333333333333
real_data4_testing,noise_injection,TST,4,LinearRegression,1.0,1.0,0.999568469883995,0.9999999999999999,1.0,0.9999999999999999,1.0
real_data4_testing,noise_injection,TST,4,RandomForestRegressor,0.9872536302235486,0.5,0.3467117727550221,0.7999999999999999,0.8175182481751825,0.8999999999999998,0.7833333333333333
real_data4_testing,noise_injection,TSTRI,0,LinearRegression,0.9640700016142874,0.5,0.9997821733344407,0.7999999999999999,0.6715328467153284,0.8999999999999998,0.95
real_data4_testing,noise_injection,TSTRI,0,RandomForestRegressor,1.0,1.0,0.9708427949235128,0.9999999999999999,1.0,0.9999999999999999,1.0
real_data4_testing,noise_injection,TSTRI,1,LinearRegression,1.0,1.0,0.9991117230267602,0.9999999999999999,1.0,0.9999999999999999,1.0
real_data4_testing,noise_injection,TSTRI,1,RandomForestRegressor,0.9872536302235486,0.5,0.9796635789242198,0.7999999999999999,0.8175182481751825,0.8999999999999998,0.95
real_data4_testing,noise_injection,TSTRI,2,LinearRegression,1.0,1.0,0.9990599585926164,0.9999999999999999,1.0,0.9999999999999999,1.0
real_data4_testing,noise_injection,TSTRI,2,RandomForestRegressor,0.9957336379398422,0.5,0.8967204047109977,0.7999999999999999,0.9014598540145985,0.8999999999999998,0.9
real_data4_testing,noise_injection,TSTRI,3,LinearRegression,1.0,1.0,0.9987090162646458,0.9999999999999999,1.0,0.9999999999999999,1.0
real_data4_testing,noise_injection,TSTRI,3,RandomForestRegressor,1.0,1.0,0.998748772910282,0.9999999999999999,1.0,0.9999999999999999,1.0
real_data4_testing,noise_injection,TSTRI,4,LinearRegression,1.0,1.0,0.9999637313961289,0.9999999999999999,1.0,0.9999999999999999,1.0
real_data4_testing,noise_injection,TSTRI,4,RandomForestRegressor,1.0,1.0,0.9975613965096396,0.9999999999999999,1.0,0.9999999999999999,1.0
real_data4_testing,noise_injection,TSH,0,LinearRegression,1.0,1.0,0.9939690338676093,0.9999999999999999,1.0,0.9999999999999999,1.0
real_data4_testing,noise_injection,TSH,0,RandomForestRegressor,1.0,1.0,0.9878253135611745,0.9999999999999999,1.0,0.9999999999999999,1.0
real_data4_testing,noise_injection,TSH,1,LinearRegression,1.0,1.0,0.9963277831883222,0.9999999999999999,1.0,0.9999999999999999,1.0
real_data4_testing,noise_injection,TSH,1,RandomForestRegressor,0.9640700016142874,0.5,0.9880287296273752,0.7999999999999999,0.6715328467153284,0.8999999999999998,0.6333333333333333
real_data4_testing,noise_injection,TSH,2,LinearRegression,1.0,1.0,0.9941263147349674,0.9999999999999999,1.0,0.9999999999999999,1.0
real_data4_testing,noise_injection,TSH,2,RandomForestRegressor,1.0,1.0,0.9869938275011272,0.9999999999999999,1.0,0.9999999999999999,1.0
real_data4_testing,noise_injection,TSH,3,LinearRegression,1.0,1.0,0.9943569173115641,0.9999999999999999,1.0,0.9999999999999999,1.0
real_data4_testing,noise_injection,TSH,3,RandomForestRegressor,0.8824007833867443,0.25,0.9808814236927752,0.19999999999999998,0.014598540145985446,0.3,0.5833333333333333
real_data4_testing,noise_injection,TSH,4,LinearRegression,1.0,1.0,0.9967454840889304,0.9999999999999999,1.0,0.9999999999999999,1.0
real_data4_testing,noise_injection,TSH,4,RandomForestRegressor,1.0,1.0,0.998812184335672,0.9999999999999999,1.0,0.9999999999999999,1.0
real_data4_testing,noise_injection,TMAX,0,LinearRegression,1.0,1.0,0.999516718115342,0.9999999999999999,1.0,0.9999999999999999,1.0
real_data4_testing,noise_injection,TMAX,0,RandomForestRegressor,1.0,1.0,0.9945260650568173,0.9999999999999999,1.0,0.9999999999999999,1.0
real_data4_testing,noise_injection,TMAX,1,LinearRegression,1.0,1.0,0.9995617604979683,0.9999999999999999,1.0,0.9999999999999999,1.0
real_data4_testing,noise_injection,TMAX,1,RandomForestRegressor,1.0,1.0,0.9979800373037503,0.9999999999999999,1.0,0.9999999999999999,1.0
real_data4_testing,noise_injection,TMAX,2,LinearRegression,1.0,1.0,0.9983213574430212,0.9999999999999999,1.0,0.9999999999999999,1.0
real_data4_testing,noise_injection,TMAX,2,RandomForestRegressor,1.0,1.0,0.99961657066591,0.9999999999999999,1.0,0.9999999999999999,1.0
real_data4_testing,noise_injection,TMAX,3,LinearRegression,0.9872536302235486,0.5,0.9992206491314674,0.7999999999999999,0.8175182481751825,0.8999999999999998,0.7833333333333333
real_data4_testing,noise_injection,TMAX,3,RandomForestRegressor,0.9640700016142874,0.5,0.9943015309439298,0.7999999999999999,0.6715328467153284,0.8999999999999998,0.6333333333333333
real_data4_testing,noise_injection,TMAX,4,LinearRegression,1.0,1.0,0.9998966200499163,0.9999999999999999,1.0,0.9999999999999999,1.0
real_data4_testing,noise_injection,TMAX,4,RandomForestRegressor,1.0,1.0,0.9945304688033576,0.9999999999999999,1.0,0.9999999999999999,1.0
real_data4_testing,noise_injection,Class,0,DecisionTreeClassifier,0.9640700016142874,0.5,0.9929955619784698,0.7999999999999999,0.6715328467153284,0.8999999999999998,0.6333333333333333
real_data4_testing,noise_injection,Class,0,RandomForestClassifier,0.973755976697597,0.25,0.9484846323067542,0.6,0.6806569343065694,0.7,0.8833333333333332
real_data4_testing,noise_injection,Class,1,DecisionTreeClassifier,0.9640700016142874,0.5,0.9933108353407899,0.7999999999999999,0.6715328467153284,0.8999999999999998,0.5833333333333333
real_data4_testing,noise_injection,Class,1,RandomForestClassifier,1.0,1.0,0.9802486542537402,0.9999999999999999,1.0,0.9999999999999999,1.0
real_data4_testing,noise_injection,Class,2,DecisionTreeClassifier,0.9598036395541295,0.0,0.9206583009444715,0.6,0.5729927007299269,0.7999999999999999,0.5166666666666666
real_data4_testing,noise_injection,Class,2,RandomForestClassifier,1.0,1.0,0.9621257655733344,0.9999999999999999,1.0,0.9999999999999999,1.0
real_data4_testing,noise_injection,Class,3,DecisionTreeClassifier,0.9111272713919656,-0.25,0.9756452413365106,0.39999999999999997,0.354014598540146,0.6,0.41666666666666663
real_data4_testing,noise_injection,Class,3,RandomForestClassifier,1.0,1.0,0.9661608458703648,0.9999999999999999,1.0,0.9999999999999999,1.0
real_data4_testing,noise_injection,Class,4,DecisionTreeClassifier,1.0,1.0,0.9832425781217289,0.9999999999999999,1.0,0.9999999999999999,1.0
real_data4_testing,noise_injection,Class,4,RandomForestClassifier,1.0,1.0,0.9887454334538318,0.9999999999999999,1.0,0.9999999999999999,1.0
real_data4_testing,category_flip,T3,0,LinearRegression,1.0,1.0,0.9988208076994917,0.9999999999999999,1.0,0.9999999999999999,1.0
real_data4_testing,category_flip,T3,0,RandomForestRegressor,1.0,1.0,0.9996839678287461,0.9999999999999999,1.0,0.9999999999999999,1.0
real_data4_testing,category_flip,T3,1,LinearRegression,0.9932511732370243,0.5,0.9988017034593752,0.7999999999999999,0.8722627737226277,0.8999999999999998,0.7833333333333333
real_data4_testing,category_flip,T3,1,RandomForestRegressor,1.0,1.0,0.9988625072205697,0.9999999999999999,1.0,0.9999999999999999,1.0
real_data4_testing,category_flip,T3,2,LinearRegression,0.9872536302235486,0.5,0.9850499145070031,0.7999999999999999,0.8175182481751825,0.8999999999999998,0.5833333333333333
real_data4_testing,category_flip,T3,2,RandomForestRegressor,1.0,1.0,0.9974435495358326,0.9999999999999999,1.0,0.9999999999999999,1.0
real_data4_testing,category_flip,T3,3,LinearRegression,0.9573211748513116,0.0,0.9920677140309202,0.6,0.5437956204379563,0.7999999999999999,0.41666666666666663
real_data4_testing,category_flip,T3,3,RandomForestRegressor,1.0,1.0,0.995664311559703,0.9999999999999999,1.0,0.9999999999999999,1.0
real_data4_testing,category_flip,T3,4,LinearRegression,0.9640700016142874,0.5,0.9984708654666041,0.7999999999999999,0.6715328467153284,0.8999999999999998,0.95
real_data4_testing,category_flip,T3,4,RandomForestRegressor,1.0,1.0,0.9998721310791592,0.9999999999999999,1.0,0.9999999999999999,1.0
real_data4_testing,category_flip,TST,0,LinearRegression,1.0,1.0,0.9999399086177599,0.9999999999999999,1.0,0.9999999999999999,1.0
real_data4_testing,category_flip,TST,0,RandomForestRegressor,0.9573211748513116,0.0,0.6744647125159802,0.6,0.5437956204379563,0.7999999999999999,0.41666666666666663
real_data4_testing,category_flip,TST,1,LinearRegression,1.0,1.0,0.9971662026831681,0.9999999999999999,1.0,0.9999999999999999,1.0
real_data4_testing,category_flip,TST,1,RandomForestRegressor,0.9932511732370243,0.5,0.7625538344372391,0.7999999999999999,0.8722627737226277,0.8999999999999998,0.5833333333333333
real_data4_testing,category_flip,TST,2,LinearRegression,1.0,1.0,0.9961019341209117,0.9999999999999999,1.0,0.9999999999999999,1.0
real_data4_testing,category_flip,TST,2,RandomForestRegressor,1.0,1.0,0.6685440805495985,0.9999999999999999,1.0,0.9999999999999999,1.0
real_data4_testing,category_flip,TST,3,LinearRegression,0.9640700016142874,0.5,0.9884674368689963,0.7999999999999999,0.6715328467153284,0.8999999999999998,0.8
real_data4_testing,category_flip,TST,3,RandomForestRegressor,0.8472220687505323,0.25,0.36183531422605486,0.19999999999999998,0.014598540145985446,0.3,0.5833333333333333
real_data4_testing,category_flip,TST,4,LinearRegression,1.0,1.0,0.99677511857637,0.9999999999999999,1.0,0.9999999999999999,1.0
real_data4_testing,category_flip,TST,4,RandomForestRegressor,0.8599684385269836,0.0,0.5268648321605558,0.39999999999999997,0.27007299270072993,0.39999999999999997,0.41666666666666663
real_data4_testing,category_flip,TSTRI,0,LinearRegression,0.9640700016142874,0.5,0.9979880996172319,0.7999999999999999,0.6715328467153284,0.8999999999999998,0.95
real_data4_testing,category_flip,TSTRI,0,RandomForestRegressor,1.0,1.0,0.9997856381244775,0.9999999999999999,1.0,0.9999999999999999,1.0
real_data4_testing,category_flip,TSTRI,1,LinearRegression,0.9640700016142874,0.5,0.9989191742243692,0.7999999999999999,0.6715328467153284,0.8999999999999998,0.95
real_data4_testing,category_flip,TSTRI,1,RandomForestRegressor,1.0,1.0,0.9999628053409387,0.9999999999999999,1.0,0.9999999999999999,1.0
real_data4_testing,category_flip,TSTRI,2,LinearRegression,1.0,1.0,0.9993739800017856,0.9999999999999999,1.0,0.9999999999999999,1.0
real_data4_testing,category_flip,TSTRI,2,RandomForestRegressor,1.0,1.0,0.9996363394430944,0.9999999999999999,1.0,0.9999999999999999,1.0
real_data4_testing,category_flip,TSTRI,3,LinearRegression,1.0,1.0,0.9988170839201598,0.9999999999999999,1.0,0.9999999999999999,1.0
real_data4_testing,category_flip,TSTRI,3,RandomForestRegressor,1.0,1.0,0.9996897012556104,0.9999999999999999,1.0,0.9999999999999999,1.0
real_data4_testing,category_flip,TSTRI,4,LinearRegression,1.0,1.0,0.997739817832263,0.9999999999999999,1.0,0.9999999999999999,1.0
real_data4_testing,category_flip,TSTRI,4,RandomForestRegressor,1.0,1.0,0.9997749337529533,0.9999999999999999,1.0,0.9999999999999999,1.0
real_data4_testing,category_flip,TSH,0,LinearRegression,0.9822359844138907,0.25,0.22353459971162604,0.6,0.7700729927007298,0.7,0.5833333333333333
real_data4_testing,category_flip,TSH,0,RandomForestRegressor,1.0,1.0,0.999108247002211,0.9999999999999999,1.0,0.9999999999999999,1.0
real_data4_testing,category_flip,TSH,1,LinearRegression,1.0,1.0,0.43417746953696057,0.9999999999999999,1.0,0.9999999999999999,1.0
real_data4_testing,category_flip,TSH,1,RandomForestRegressor,1.0,1.0,0.9971650253703096,0.9999999999999999,1.0,0.9999999999999999,1.0
real_data4_testing,category_flip,TSH,2,LinearRegression,1.0,1.0,0.37004026512141386,0.9999999999999999,1.0,0.9999999999999999,1.0
real_data4_testing,category_flip,TSH,2,RandomForestRegressor,1.0,1.0,0.999343662652206,0.9999999999999999,1.0,0.9999999999999999,1.0
real_data4_testing,category_flip,TSH,3,LinearRegression,0.9957336379398422,0.5,0.3432194089153542,0.7999999999999999,0.9014598540145985,0.8999999999999998,0.7
real_data4_testing,category_flip,TSH,3,RandomForestRegressor,0.9640700016142874,0.5,0.9991819979458929,0.7999999999999999,0.6715328467153284,0.8999999999999998,0.6333333333333333
real_data4_testing,category_flip,TSH,4,LinearRegression,1.0,1.0,0.40951971631486894,0.9999999999999999,1.0,0.9999999999999999,1.0
real_data4_testing,category_flip,TSH,4,RandomForestRegressor,1.0,1.0,0.9989385312230394,0.9999999999999999,1.0,0.9999999999999999,1.0
real_data4_testing,category_flip,TMAX,0,LinearRegression,1.0,1.0,0.9747354029638693,0.9999999999999999,1.0,0.9999999999999999,1.0
real_data4_testing,category_flip,TMAX,0,RandomForestRegressor,1.0,1.0,0.9926927036332912,0.9999999999999999,1.0,0.9999999999999999,1.0
real_data4_testing,category_flip,TMAX,1,LinearRegression,1.0,1.0,0.9661840059219186,0.9999999999999999,1.0,0.9999999999999999,1.0
real_data4_testing,category_flip,TMAX,1,RandomForestRegressor,1.0,1.0,0.9995721334713898,0.9999999999999999,1.0,0.9999999999999999,1.0
real_data4_testing,category_flip,TMAX,2,LinearRegression,1.0,1.0,0.9541299527102806,0.9999999999999999,1.0,0.9999999999999999,1.0
real_data4_testing,category_flip,TMAX,2,RandomForestRegressor,1.0,1.0,0.9935551279644874,0.9999999999999999,1.0,0.9999999999999999,1.0
real_data4_testing,category_flip,TMAX,3,LinearRegression,0.9872536302235486,0.5,0.94996407330573,0.7999999999999999,0.8175182481751825,0.8999999999999998,0.7833333333333333
real_data4_testing,category_flip,TMAX,3,RandomForestRegressor,1.0,1.0,0.9887288973008582,0.9999999999999999,1.0,0.9999999999999999,1.0
real_data4_testing,category_flip,TMAX,4,LinearRegression,1.0,1.0,0.9557516871050172,0.9999999999999999,1.0,0.9999999999999999,1.0
real_data4_testing,category_flip,TMAX,4,RandomForestRegressor,1.0,1.0,0.9970368589455375,0.9999999999999999,1.0,0.9999999999999999,1.0
real_data4_testing,category_flip,Class,0,DecisionTreeClassifier,0.9640700016142874,0.5,0.9779616648057701,0.7999999999999999,0.6715328467153284,0.8999999999999998,0.6333333333333333
real_data4_testing,category_flip,Class,0,RandomForestClassifier,1.0,1.0,0.9768866220677312,0.9999999999999999,1.0,0.9999999999999999,1.0
real_data4_testing,category_flip,Class,1,DecisionTreeClassifier,0.9055844119960058,0.25,-0.4314073421747153,0.19999999999999998,0.11496350364963506,0.3,0.5833333333333333
real_data4_testing,category_flip,Class,1,RandomForestClassifier,1.0,1.0,0.9640040111468028,0.9999999999999999,1.0,0.9999999999999999,1.0
real_data4_testing,category_flip,Class,2,DecisionTreeClassifier,0.8708076645732873,-0.25,-2.5688940802067655,-0.19999999999999998,-0.11313868613138695,-0.19999999999999998,0.41666666666666663
real_data4_testing,category_flip,Class,2,RandomForestClassifier,1.0,1.0,0.9467581254631223,0.9999999999999999,1.0,0.9999999999999999,1.0
real_data4_testing,category_flip,Class,3,DecisionTreeClassifier,0.9573211748513116,0.0,-0.09513635902784823,0.6,0.5437956204379563,0.7999999999999999,0.5166666666666666
real_data4_testing,category_flip,Class,3,RandomForestClassifier,0.9677584336841215,0.25,0.8691110507419748,0.6,0.6806569343065694,0.7,0.8833333333333332
real_data4_testing,category_flip,Class,4,DecisionTreeClassifier,0.9677584336841215,0.25,0.14274664799955106,0.6,0.6806569343065694,0.7,0.8833333333333332
real_data4_testing,category_flip,Class,4,RandomForestClassifier,0.9932511732370243,0.5,0.8646399021194329,0.7999999999999999,0.8722627737226277,0.8999999999999998,0.95
real_data4_testing,correlation_mix,T3,0,LinearRegression,0.9640700016142874,0.5,0.7546061249604856,0.7999999999999999,0.6715328467153284,0.8999999999999998,0.8
real_data4_testing,correlation_mix,T3,0,RandomForestRegressor,0.9932511732370243,0.5,0.8797448404870377,0.7999999999999999,0.8722627737226277,0.8999999999999998,0.95
real_data4_testing,correlation_mix,T3,1,LinearRegression,0.9872536302235486,0.5,0.6791363151181925,0.7999999999999999,0.8175182481751825,0.8999999999999998,0.8333333333333333
real_data4_testing,correlation_mix,T3,1,RandomForestRegressor,1.0,1.0,0.9920263847610631,0.9999999999999999,1.0,0.9999999999999999,1.0
real_data4_testing,correlation_mix,T3,2,LinearRegression,0.9190820655219575,0.0,-0.6273379810150044,0.39999999999999997,0.3156934306569343,0.49999999999999994,0.5833333333333333
real_data4_testing,correlation_mix,T3,2,RandomForestRegressor,0.9932511732370243,0.5,0.5790123505886468,0.7999999999999999,0.8722627737226277,0.8999999999999998,0.8333333333333333
real_data4_testing,correlation_mix,T3,3,LinearRegression,0.973755976697597,0.25,0.697302642873497,0.6,0.6806569343065694,0.7,0.7833333333333333
real_data4_testing,correlation_mix,T3,3,RandomForestRegressor,0.9677584336841215,0.25,0.9423205538173,0.6,0.6806569343065694,0.7,0.7833333333333333
real_data4_testing,correlation_mix,T3,4,LinearRegression,0.827726872211105,0.0,0.23495836894916722,0.0,-0.14051094890510937,0.09999999999999999,0.41666666666666663
real_data4_testing,correlation_mix,T3,4,RandomForestRegressor,1.0,1.0,0.9576906442080731,0.9999999999999999,1.0,0.9999999999999999,1.0
real_data4_testing,correlation_mix,TST,0,LinearRegression,0.9573211748513116,0.0,0.9315028980656544,0.6,0.5437956204379563,0.7999999999999999,0.75
real_data4_testing,correlation_mix,TST,0,RandomForestRegressor,0.8337244152245804,0.5,-0.312527161631317,0.0,-0.1861313868613138,0.09999999999999999,0.6333333333333333
real_data4_testing,correlation_mix,TST,1,LinearRegression,0.9932511732370243,0.5,0.8791884272785412,0.7999999999999999,0.8722627737226277,0.8999999999999998,0.95
real_data4_testing,correlation_mix,TST,1,RandomForestRegressor,0.8337244152245804,0.5,-0.8539617117299023,0.0,-0.1861313868613138,0.09999999999999999,0.6333333333333333
real_data4_testing,correlation_mix,TST,2,LinearRegression,0.9573211748513116,0.0,0.7673603606223527,0.6,0.5437956204379563,0.7999999999999999,0.75
real_data4_testing,correlation_mix,TST,2,RandomForestRegressor,0.820978045448129,0.0,-0.28807212696423123,-0.19999999999999998,-0.36861313868613127,0.0,0.41666666666666663
real_data4_testing,correlation_mix,TST,3,LinearRegression,1.0,1.0,0.8270081635881299,0.9999999999999999,1.0,0.9999999999999999,1.0
real_data4_testing,correlation_mix,TST,3,RandomForestRegressor,0.8337244152245804,0.5,-1.220631168186629,0.0,-0.1861313868613138,0.09999999999999999,0.6333333333333333
real_data4_testing,correlation_mix,TST,4,LinearRegression,0.9573211748513116,0.0,0.8599930578242936,0.6,0.5437956204379563,0.7999999999999999,0.75
real_data4_testing,correlation_mix,TST,4,RandomForestRegressor,0.8337244152245804,0.5,-1.2815976115014442,0.0,-0.1861313868613138,0.09999999999999999,0.6333333333333333
real_data4_testing,correlation_mix,TSTRI,0,LinearRegression,0.9385772620613846,0.25,0.9573144967832834,0.6,0.45255474452554745,0.7,0.5833333333333333
real_data4_testing,correlation_mix,TSTRI,0,RandomForestRegressor,0.9829872681633908,0.0,0.36721668064785407,0.6,0.718978102189781,0.7999999999999999,0.85
real_data4_testing,correlation_mix,TSTRI,1,LinearRegression,0.9640700016142874,0.5,0.966836990896783,0.7999999999999999,0.6715328467153284,0.8999999999999998,0.95
real_data4_testing,correlation_mix,TSTRI,1,RandomForestRegressor,0.9829872681633908,0.0,0.26518476517951695,0.6,0.718978102189781,0.7999999999999999,0.85
real_data4_testing,correlation_mix,TSTRI,2,LinearRegression,0.9872536302235486,0.5,0.9476773647437736,0.7999999999999999,0.8175182481751825,0.8999999999999998,0.6333333333333333
real_data4_testing,correlation_mix,TSTRI,2,RandomForestRegressor,0.9957336379398422,0.5,0.22536233066560063,0.7999999999999999,0.9014598540145985,0.8999999999999998,0.9
real_data4_testing,correlation_mix,TSTRI,3,LinearRegression,0.9640700016142874,0.5,0.9338222589586649,0.7999999999999999,0.6715328467153284,0.8999999999999998,0.95
real_data4_testing,correlation_mix,TSTRI,3,RandomForestRegressor,0.9829872681633908,0.0,0.45531167841102327,0.6,0.718978102189781,0.7999999999999999,0.85
real_data4_testing,correlation_mix,TSTRI,4,LinearRegression,1.0,1.0,0.9751832716373721,0.9999999999999999,1.0,0.9999999999999999,1.0
real_data4_testing,correlation_mix,TSTRI,4,RandomForestRegressor,0.9829872681633908,0.0,0.5806783175398538,0.6,0.718978102189781,0.7999999999999999,0.85
real_data4_testing,correlation_mix,TSH,0,LinearRegression,0.9598036395541295,0.0,0.30448443914617496,0.6,0.5729927007299269,0.7999999999999999,0.5333333333333333
real_data4_testing,correlation_mix,TSH,0,RandomForestRegressor,0.9677584336841215,0.25,0.9468946432718338,0.6,0.6806569343065694,0.7,0.7833333333333333
real_data4_testing,correlation_mix,TSH,1,LinearRegression,0.9598036395541295,0.0,0.40876845930337735,0.6,0.5729927007299269,0.7999999999999999,0.5333333333333333
real_data4_testing,correlation_mix,TSH,1,RandomForestRegressor,0.9573211748513116,0.0,0.6814500166282725,0.6,0.5437956204379563,0.7999999999999999,0.41666666666666663
real_data4_testing,correlation_mix,TSH,2,LinearRegression,0.9598036395541295,0.0,0.29605354221610947,0.6,0.5729927007299269,0.7999999999999999,0.5333333333333333
real_data4_testing,correlation_mix,TSH,2,RandomForestRegressor,1.0,1.0,0.5191136385153615,0.9999999999999999,1.0,0.9999999999999999,1.0
real_data4_testing,correlation_mix,TSH,3,LinearRegression,1.0,1.0,0.6254051378247323,0.9999999999999999,1.0,0.9999999999999999,1.0
real_data4_testing,correlation_mix,TSH,3,RandomForestRegressor,0.9872536302235486,0.5,0.8784273490506367,0.7999999999999999,0.8175182481751825,0.8999999999999998,0.8333333333333333
real_data4_testing,correlation_mix,TSH,4,LinearRegression,0.9957336379398422,0.5,0.43863558890491905,0.7999999999999999,0.9014598540145985,0.8999999999999998,0.7
real_data4_testing,correlation_mix,TSH,4,RandomForestRegressor,0.9932511732370243,0.5,0.7466996422815863,0.7999999999999999,0.8722627737226277,0.8999999999999998,0.7833333333333333
real_data4_testing,correlation_mix,TMAX,0,LinearRegression,0.9847184491167086,0.25,-0.47942742177867315,0.6,0.7700729927007298,0.7,0.5833333333333333
real_data4_testing,correlation_mix,TMAX,0,RandomForestRegressor,0.9610096069211458,0.5,0.9559137902275071,0.39999999999999997,0.5255474452554745,0.6,0.8333333333333333
real_data4_testing,correlation_mix,TMAX,1,LinearRegression,0.9592257095638063,0.0,-0.10642344399551829,0.39999999999999997,0.5784671532846715,0.49999999999999994,0.4833333333333333
real_data4_testing,correlation_mix,TMAX,1,RandomForestRegressor,0.9677584336841215,0.25,0.9578169224479254,0.6,0.6806569343065694,0.7,0.8333333333333333
real_data4_testing,correlation_mix,TMAX,2,LinearRegression,0.9389792292748785,0.0,-0.13374132714938214,0.19999999999999998,0.437956204379562,0.19999999999999998,0.4833333333333333
real_data4_testing,correlation_mix,TMAX,2,RandomForestRegressor,0.9872536302235486,0.5,0.9745330010965446,0.7999999999999999,0.8175182481751825,0.8999999999999998,0.8333333333333333
real_data4_testing,correlation_mix,TMAX,3,LinearRegression,0.7849953306583947,0.25,-0.6359969587738643,-0.19999999999999998,-0.17518248175182488,-0.3,0.5833333333333333
real_data4_testing,correlation_mix,TMAX,3,RandomForestRegressor,0.9055844119960058,0.25,0.7836177321988166,0.19999999999999998,0.11496350364963506,0.3,0.6333333333333333
real_data4_testing,correlation_mix,TMAX,4,LinearRegression,0.9677584336841215,0.25,0.18872414033746066,0.6,0.6806569343065694,0.7,0.7833333333333333
real_data4_testing,correlation_mix,TMAX,4,RandomForestRegressor,0.9872536302235486,0.5,0.945816485571379,0.7999999999999999,0.8175182481751825,0.8999999999999998,0.9
real_data4_testing,correlation_mix,Class,0,DecisionTreeClassifier,0.9073155929493234,-0.25,-0.02472932649160775,0.19999999999999998,0.16788321167883205,0.19999999999999998,0.4833333333333333
real_data4_testing,correlation_mix,Class,0,RandomForestClassifier,0.9822359844138907,0.25,0.26893275244572534,0.6,0.7700729927007298,0.7,0.7833333333333333
real_data4_testing,correlation_mix,Class,1,DecisionTreeClassifier,1.0,1.0,0.8040352907597175,0.9999999999999999,1.0,0.9999999999999999,1.0
real_data4_testing,correlation_mix,Class,1,RandomForestClassifier,0.9872536302235486,0.5,0.4903757211845866,0.7999999999999999,0.8175182481751825,0.8999999999999998,0.9333333333333332
real_data4_testing,correlation_mix,Class,2,DecisionTreeClassifier,0.8514357144066681,-0.25,-0.21924173204277464,0.19999999999999998,0.16788321167883205,0.19999999999999998,0.5166666666666666
real_data4_testing,correlation_mix,Class,2,RandomForestClassifier,0.9610096069211458,0.5,0.5101872372617751,0.39999999999999997,0.5255474452554745,0.6,0.8833333333333332
real_data4_testing,correlation_mix,Class,3,DecisionTreeClassifier,0.8398953119972328,-0.25,0.034901249745968976,0.0,-0.02737226277372263,-0.09999999999999999,0.41666666666666663
real_data4_testing,correlation_mix,Class,3,RandomForestClassifier,0.9779696223537329,0.5,0.3182450898038489,0.39999999999999997,0.6569343065693432,0.6,0.7833333333333333
real_data4_testing,correlation_mix,Class,4,DecisionTreeClassifier,0.9111272713919656,-0.25,0.7079229468778068,0.39999999999999997,0.354014598540146,0.6,0.41666666666666663
real_data4_testing,correlation_mix,Class,4,RandomForestClassifier,1.0,1.0,0.5089735392338022,0.9999999999999999,1.0,0.9999999999999999,1.0
real_data4_testing,missingness_mcar,T3,0,LinearRegression,0.9385772620613846,0.25,0.9943383719714018,0.6,0.45255474452554745,0.7,0.6333333333333333
real_data4_testing,missingness_mcar,T3,0,RandomForestRegressor,0.973755976697597,0.25,0.361531749272471,0.6,0.6806569343065694,0.7,0.7833333333333333
real_data4_testing,missingness_mcar,T3,1,LinearRegression,0.9932511732370243,0.5,0.3505794283833643,0.7999999999999999,0.8722627737226277,0.8999999999999998,0.7833333333333333
real_data4_testing,missingness_mcar,T3,1,RandomForestRegressor,0.9610096069211458,0.5,0.6787938316222124,0.39999999999999997,0.5255474452554745,0.6,0.8333333333333333
real_data4_testing,missingness_mcar,T3,2,LinearRegression,0.9385772620613846,0.25,0.8720780381251936,0.6,0.45255474452554745,0.7,0.5833333333333333
real_data4_testing,missingness_mcar,T3,2,RandomForestRegressor,0.9872536302235486,0.5,0.5616834202971526,0.7999999999999999,0.8175182481751825,0.8999999999999998,0.95
real_data4_testing,missingness_mcar,T3,3,LinearRegression,0.9592257095638063,0.0,0.03270368194149087,0.39999999999999997,0.5784671532846715,0.49999999999999994,0.7833333333333333
real_data4_testing,missingness_mcar,T3,3,RandomForestRegressor,0.973755976697597,0.25,0.5341108567964007,0.6,0.6806569343065694,0.7,0.7833333333333333
real_data4_testing,missingness_mcar,T3,4,LinearRegression,0.9872536302235486,0.5,0.9649345732654544,0.7999999999999999,0.8175182481751825,0.8999999999999998,0.5833333333333333
real_data4_testing,missingness_mcar,T3,4,RandomForestRegressor,0.9677584336841215,0.25,0.7338683486524549,0.6,0.6806569343065694,0.7,0.7833333333333333
real_data4_testing,missingness_mcar,TST,0,LinearRegression,0.9610096069211458,0.5,0.7924435455687411,0.39999999999999997,0.5255474452554745,0.6,0.7833333333333333
real_data4_testing,missingness_mcar,TST,0,RandomForestRegressor,0.8269228720575829,-0.25,-0.7671826802392903,-0.19999999999999998,-0.11313868613138695,-0.19999999999999998,0.41666666666666663
real_data4_testing,missingness_mcar,TST,1,LinearRegression,1.0,1.0,0.9255711893472628,0.9999999999999999,1.0,0.9999999999999999,1.0
real_data4_testing,missingness_mcar,TST,1,RandomForestRegressor,0.9610096069211458,0.5,-0.02869402530936216,0.39999999999999997,0.5255474452554745,0.6,0.8
real_data4_testing,missingness_mcar,TST,2,LinearRegression,0.9640700016142874,0.5,0.8998255977171317,0.7999999999999999,0.6715328467153284,0.8999999999999998,0.8
real_data4_testing,missingness_mcar,TST,2,RandomForestRegressor,0.9677584336841215,0.25,0.027967845697374205,0.6,0.6806569343065694,0.7,0.5833333333333333
real_data4_testing,missingness_mcar,TST,3,LinearRegression,0.9573211748513116,0.0,0.9549584765946505,0.6,0.5437956204379563,0.7999999999999999,0.75
real_data4_testing,missingness_mcar,TST,3,RandomForestRegressor,0.8599684385269836,0.0,-0.009446966196369644,0.39999999999999997,0.27007299270072993,0.39999999999999997,0.41666666666666663
real_data4_testing,missingness_mcar,TST,4,LinearRegression,0.9677584336841215,0.25,0.7327966932160315,0.6,0.6806569343065694,0.7,0.7833333333333333
real_data4_testing,missingness_mcar,TST,4,RandomForestRegressor,0.9592257095638063,0.0,0.02585867707854883,0.39999999999999997,0.5784671532846715,0.49999999999999994,0.5833333333333333
real_data4_testing,missingness_mcar,TSTRI,0,LinearRegression,0.9872536302235486,0.5,0.9587638690512836,0.7999999999999999,0.8175182481751825,0.8999999999999998,0.5833333333333333
real_data4_testing,missingness_mcar,TSTRI,0,RandomForestRegressor,1.0,1.0,0.980102861768315,0.9999999999999999,1.0,0.9999999999999999,1.0
real_data4_testing,missingness_mcar,TSTRI,1,LinearRegression,0.9153936334521233,0.25,0.9835184977530818,0.6,0.45255474452554745,0.7,0.5833333333333333
real_data4_testing,missingness_mcar,TSTRI,1,RandomForestRegressor,1.0,1.0,0.9527126887725711,0.9999999999999999,1.0,0.9999999999999999,1.0
real_data4_testing,missingness_mcar,TSTRI,2,LinearRegression,0.902647263675672,0.5,0.9765759050403668,0.39999999999999997,0.19708029197080298,0.6,0.5833333333333333
real_data4_testing,missingness_mcar,TSTRI,2,RandomForestRegressor,1.0,1.0,0.899175493239888,0.9999999999999999,1.0,0.9999999999999999,1.0
real_data4_testing,missingness_mcar,TSTRI,3,LinearRegression,0.9385772620613846,0.25,0.9766901859220897,0.6,0.45255474452554745,0.7,0.5833333333333333
real_data4_testing,missingness_mcar,TSTRI,3,RandomForestRegressor,0.9640700016142874,0.5,0.987988318603168,0.7999999999999999,0.6715328467153284,0.8999999999999998,0.6333333333333333
real_data4_testing,missingness_mcar,TSTRI,4,LinearRegression,0.9385772620613846,0.25,0.9400458413138977,0.6,0.45255474452554745,0.7,0.5833333333333333
real_data4_testing,missingness_mcar,TSTRI,4,RandomForestRegressor,1.0,1.0,0.9899724919640814,0.9999999999999999,1.0,0.9999999999999999,1.0
real_data4_testing,missingness_mcar,TSH,0,LinearRegression,0.9420396239680202,0.0,-0.08260576075250525,0.19999999999999998,0.3284671532846716,0.49999999999999994,0.41666666666666663
real_data4_testing,missingness_mcar,TSH,0,RandomForestRegressor,0.9932511732370243,0.5,0.9362441294082353,0.7999999999999999,0.8722627737226277,0.8999999999999998,0.7833333333333333
real_data4_testing,missingness_mcar,TSH,1,LinearRegression,0.9420396239680202,0.0,-0.3710776223863521,0.19999999999999998,0.3284671532846716,0.49999999999999994,0.41666666666666663
real_data4_testing,missingness_mcar,TSH,1,RandomForestRegressor,0.9573211748513116,0.0,0.9483328017741639,0.6,0.5437956204379563,0.7999999999999999,0.41666666666666663
real_data4_testing,missingness_mcar,TSH,2,LinearRegression,0.9420396239680202,0.0,-0.5437467329274273,0.19999999999999998,0.3284671532846716,0.49999999999999994,0.41666666666666663
real_data4_testing,missingness_mcar,TSH,2,RandomForestRegressor,1.0,1.0,0.9311965158853517,0.9999999999999999,1.0,0.9999999999999999,1.0
real_data4_testing,missingness_mcar,TSH,3,LinearRegression,0.9420396239680202,0.0,-0.5957617553959902,0.19999999999999998,0.3284671532846716,0.49999999999999994,0.41666666666666663
real_data4_testing,missingness_mcar,TSH,3,RandomForestRegressor,1.0,1.0,0.7145658206936125,0.9999999999999999,1.0,0.9999999999999999,1.0
real_data4_testing,missingness_mcar,TSH,4,LinearRegression,0.9779696223537329,0.5,-0.20481348309565672,0.39999999999999997,0.6569343065693432,0.6,0.5833333333333333
real_data4_testing,missingness_mcar,TSH,4,RandomForestRegressor,0.9932511732370243,0.5,0.9456626716066596,0.7999999999999999,0.8722627737226277,0.8999999999999998,0.7833333333333333
real_data4_testing,missingness_mcar,TMAX,0,LinearRegression,0.9779696223537329,0.5,-0.13522318499327834,0.39999999999999997,0.6569343065693432,0.6,0.5833333333333333
real_data4_testing,missingness_mcar,TMAX,0,RandomForestRegressor,0.9932511732370243,0.5,0.6878479942520781,0.7999999999999999,0.8722627737226277,0.8999999999999998,0.9
real_data4_testing,missingness_mcar,TMAX,1,LinearRegression,0.9779696223537329,0.5,-2.4377467654614327,0.39999999999999997,0.6569343065693432,0.6,0.5833333333333333
real_data4_testing,missingness_mcar,TMAX,1,RandomForestRegressor,0.9932511732370243,0.5,0.8367798919983579,0.7999999999999999,0.8722627737226277,0.8999999999999998,0.9
real_data4_testing,missingness_mcar,TMAX,2,LinearRegression,0.9397305130243789,0.25,-4.19563936089054,0.19999999999999998,0.45255474452554734,0.3,0.5833333333333333
real_data4_testing,missingness_mcar,TMAX,2,RandomForestRegressor,1.0,1.0,0.9925895916007698,0.9999999999999999,1.0,0.9999999999999999,1.0
real_data4_testing,missingness_mcar,TMAX,3,LinearRegression,0.9542080637541479,0.25,-0.7099847723384209,0.19999999999999998,0.45255474452554734,0.3,0.5833333333333333
real_data4_testing,missingness_mcar,TMAX,3,RandomForestRegressor,0.9640700016142874,0.5,0.9833634755501428,0.7999999999999999,0.6715328467153284,0.8999999999999998,0.6333333333333333
real_data4_testing,missingness_mcar,TMAX,4,LinearRegression,0.9779696223537329,0.5,-0.0917952232326229,0.39999999999999997,0.6569343065693432,0.6,0.5833333333333333
real_data4_testing,missingness_mcar,TMAX,4,RandomForestRegressor,0.9610096069211458,0.5,0.9044224359811577,0.39999999999999997,0.5255474452554745,0.6,0.9333333333333332
real_data4_testing,missingness_mcar,Class,0,DecisionTreeClassifier,0.9677584336841215,0.25,0.5512374765156234,0.6,0.6806569343065694,0.7,0.5833333333333333
real_data4_testing,missingness_mcar,Class,0,RandomForestClassifier,0.973755976697597,0.25,0.906892543745908,0.6,0.6806569343065694,0.7,0.8833333333333332
real_data4_testing,missingness_mcar,Class,1,DecisionTreeClassifier,0.9677584336841215,0.25,-0.3656952822789923,0.6,0.6806569343065694,0.7,0.6333333333333333
real_data4_testing,missingness_mcar,Class,1,RandomForestClassifier,0.9153936334521233,0.25,0.7419109613569712,0.6,0.45255474452554745,0.7,0.6333333333333333
real_data4_testing,missingness_mcar,Class,2,DecisionTreeClassifier,0.7832641497050769,0.25,-1.06488765890122,-0.19999999999999998,-0.26277372262773724,-0.19999999999999998,0.7833333333333333
real_data4_testing,missingness_mcar,Class,2,RandomForestClassifier,0.9872536302235486,0.5,0.921728074508289,0.7999999999999999,0.8175182481751825,0.8999999999999998,0.95
real_data4_testing,missingness_mcar,Class,3,DecisionTreeClassifier,0.827726872211105,0.0,-0.7267745368580152,0.0,-0.14051094890510937,0.09999999999999999,0.5833333333333333
real_data4_testing,missingness_mcar,Class,3,RandomForestClassifier,0.8599684385269836,0.0,0.6336698191674586,0.39999999999999997,0.27007299270072993,0.39999999999999997,0.5833333333333333
real_data4_testing,missingness_mcar,Class,4,DecisionTreeClassifier,0.9610096069211458,0.5,-0.45948802658924204,0.39999999999999997,0.5255474452554745,0.6,0.9333333333333332
real_data4_testing,missingness_mcar,Class,4,RandomForestClassifier,0.9610096069211458,0.5,0.9184933558658526,0.39999999999999997,0.5255474452554745,0.6,0.9333333333333332
real_data6_testing,mean_variance_drift,class,0,DecisionTreeClassifier,1.0,1.0,1.0,0.9999999999999999,1.0,1.0,1.0
real_data6_testing,mean_variance_drift,class,0,RandomForestClassifier,1.0,1.0,1.0,0.9999999999999999,1.0,1.0,1.0
real_data6_testing,mean_variance_drift,class,1,DecisionTreeClassifier,1.0,1.0,1.0,0.9999999999999999,1.0,1.0,1.0
real_data6_testing,mean_variance_drift,class,1,RandomForestClassifier,1.0,1.0,1.0,0.9999999999999999,1.0,1.0,1.0
real_data6_testing,mean_variance_drift,class,2,DecisionTreeClassifier,1.0,1.0,1.0,0.9999999999999999,1.0,1.0,1.0
real_data6_testing,mean_variance_drift,class,2,RandomForestClassifier,1.0,1.0,1.0,0.9999999999999999,1.0,1.0,1.0
real_data6_testing,mean_variance_drift,class,3,DecisionTreeClassifier,1.0,1.0,1.0,0.9999999999999999,1.0,1.0,1.0
real_data6_testing,mean_variance_drift,class,3,RandomForestClassifier,1.0,1.0,1.0,0.9999999999999999,1.0,1.0,1.0
real_data6_testing,mean_variance_drift,class,4,DecisionTreeClassifier,1.0,1.0,1.0,0.9999999999999999,1.0,1.0,1.0
real_data6_testing,mean_variance_drift,class,4,RandomForestClassifier,1.0,1.0,1.0,0.9999999999999999,1.0,1.0,1.0
real_data6_testing,mean_variance_drift,age,0,DecisionTreeClassifier,1.0,1.0,1.0,0.9999999999999999,1.0,1.0,1.0
real_data6_testing,mean_variance_drift,age,0,RandomForestClassifier,1.0,1.0,1.0,0.9999999999999999,1.0,1.0,1.0
real_data6_testing,mean_variance_drift,age,1,DecisionTreeClassifier,1.0,1.0,1.0,0.9999999999999999,1.0,1.0,1.0
real_data6_testing,mean_variance_drift,age,1,RandomForestClassifier,1.0,1.0,1.0,0.9999999999999999,1.0,1.0,1.0
real_data6_testing,mean_variance_drift,age,2,DecisionTreeClassifier,1.0,1.0,1.0,0.9999999999999999,1.0,1.0,1.0
real_data6_testing,mean_variance_drift,age,2,RandomForestClassifier,1.0,1.0,1.0,0.9999999999999999,1.0,1.0,1.0
real_data6_testing,mean_variance_drift,age,3,DecisionTreeClassifier,1.0,1.0,1.0,0.9999999999999999,1.0,1.0,1.0
real_data6_testing,mean_variance_drift,age,3,RandomForestClassifier,1.0,1.0,1.0,0.9999999999999999,1.0,1.0,1.0
real_data6_testing,mean_variance_drift,age,4,DecisionTreeClassifier,1.0,1.0,1.0,0.9999999999999999,1.0,1.0,1.0
real_data6_testing,mean_variance_drift,age,4,RandomForestClassifier,1.0,1.0,1.0,0.9999999999999999,1.0,1.0,1.0
real_data6_testing,mean_variance_drift,sex,0,DecisionTreeClassifier,1.0,1.0,1.0,0.9999999999999999,1.0,1.0,1.0
real_data6_testing,mean_variance_drift,sex,0,RandomForestClassifier,1.0,1.0,1.0,0.9999999999999999,1.0,1.0,1.0
real_data6_testing,mean_variance_drift,sex,1,DecisionTreeClassifier,1.0,1.0,1.0,0.9999999999999999,1.0,1.0,1.0
real_data6_testing,mean_variance_drift,sex,1,RandomForestClassifier,1.0,1.0,1.0,0.9999999999999999,1.0,1.0,1.0
real_data6_testing,mean_variance_drift,sex,2,DecisionTreeClassifier,1.0,1.0,1.0,0.9999999999999999,1.0,1.0,1.0
real_data6_testing,mean_variance_drift,sex,2,RandomForestClassifier,1.0,1.0,1.0,0.9999999999999999,1.0,1.0,1.0
real_data6_testing,mean_variance_drift,sex,3,DecisionTreeClassifier,1.0,1.0,1.0,0.9999999999999999,1.0,1.0,1.0
real_data6_testing,mean_variance_drift,sex,3,RandomForestClassifier,1.0,1.0,1.0,0.9999999999999999,1.0,1.0,1.0
real_data6_testing,mean_variance_drift,sex,4,DecisionTreeClassifier,1.0,1.0,1.0,0.9999999999999999,1.0,1.0,1.0
real_data6_testing,mean_variance_drift,sex,4,RandomForestClassifier,1.0,1.0,1.0,0.9999999999999999,1.0,1.0,1.0
real_data6_testing,mean_variance_drift,histologic-type,0,DecisionTreeClassifier,1.0,1.0,1.0,0.9999999999999999,1.0,1.0,1.0
real_data6_testing,mean_variance_drift,histologic-type,0,RandomForestClassifier,1.0,1.0,1.0,0.9999999999999999,1.0,1.0,1.0
real_data6_testing,mean_variance_drift,histologic-type,1,DecisionTreeClassifier,1.0,1.0,1.0,0.9999999999999999,1.0,1.0,1.0
real_data6_testing,mean_variance_drift,histologic-type,1,RandomForestClassifier,1.0,1.0,1.0,0.9999999999999999,1.0,1.0,1.0
real_data6_testing,mean_variance_drift,histologic-type,2,DecisionTreeClassifier,1.0,1.0,1.0,0.9999999999999999,1.0,1.0,1.0
real_data6_testing,mean_variance_drift,histologic-type,2,RandomForestClassifier,1.0,1.0,1.0,0.9999999999999999,1.0,1.0,1.0
real_data6_testing,mean_variance_drift,histologic-type,3,DecisionTreeClassifier,1.0,1.0,1.0,0.9999999999999999,1.0,1.0,1.0
real_data6_testing,mean_variance_drift,histologic-type,3,RandomForestClassifier,1.0,1.0,1.0,0.9999999999999999,1.0,1.0,1.0
real_data6_testing,mean_variance_drift,histologic-type,4,DecisionTreeClassifier,1.0,1.0,1.0,0.9999999999999999,1.0,1.0,1.0
real_data6_testing,mean_variance_drift,histologic-type,4,RandomForestClassifier,1.0,1.0,1.0,0.9999999999999999,1.0,1.0,1.0
real_data6_testing,mean_variance_drift,degree-of-diffe,0,DecisionTreeClassifier,1.0,1.0,1.0,0.9999999999999999,1.0,1.0,1.0
real_data6_testing,mean_variance_drift,degree-of-diffe,0,RandomForestClassifier,1.0,1.0,1.0,0.9999999999999999,1.0,1.0,1.0
real_data6_testing,mean_variance_drift,degree-of-diffe,1,DecisionTreeClassifier,1.0,1.0,1.0,0.9999999999999999,1.0,1.0,1.0
real_data6_testing,mean_variance_drift,degree-of-diffe,1,RandomForestClassifier,1.0,1.0,1.0,0.9999999999999999,1.0,1.0,1.0
real_data6_testing,mean_variance_drift,degree-of-diffe,2,DecisionTreeClassifier,1.0,1.0,1.0,0.9999999999999999,1.0,1.0,1.0
real_data6_testing,mean_variance_drift,degree-of-diffe,2,RandomForestClassifier,1.0,1.0,1.0,0.9999999999999999,1.0,1.0,1.0
real_data6_testing,mean_variance_drift,degree-of-diffe,3,DecisionTreeClassifier,1.0,1.0,1.0,0.9999999999999999,1.0,1.0,1.0
real_data6_testing,mean_variance_drift,degree-of-diffe,3,RandomForestClassifier,1.0,1.0,1.0,0.9999999999999999,1.0,1.0,1.0
real_data6_testing,mean_variance_drift,degree-of-diffe,4,DecisionTreeClassifier,1.0,1.0,1.0,0.9999999999999999,1.0,1.0,1.0
real_data6_testing,mean_variance_drift,degree-of-diffe,4,RandomForestClassifier,1.0,1.0,1.0,0.9999999999999999,1.0,1.0,1.0
real_data6_testing,mean_variance_drift,bone,0,DecisionTreeClassifier,1.0,1.0,1.0,0.9999999999999999,1.0,1.0,1.0
real_data6_testing,mean_variance_drift,bone,0,RandomForestClassifier,1.0,1.0,1.0,0.9999999999999999,1.0,1.0,1.0
real_data6_testing,mean_variance_drift,bone,1,DecisionTreeClassifier,1.0,1.0,1.0,0.9999999999999999,1.0,1.0,1.0
real_data6_testing,mean_variance_drift,bone,1,RandomForestClassifier,1.0,1.0,1.0,0.9999999999999999,1.0,1.0,1.0
real_data6_testing,mean_variance_drift,bone,2,DecisionTreeClassifier,1.0,1.0,1.0,0.9999999999999999,1.0,1.0,1.0
real_data6_testing,mean_variance_drift,bone,2,RandomForestClassifier,1.0,1.0,1.0,0.9999999999999999,1.0,1.0,1.0
real_data6_testing,mean_variance_drift,bone,3,DecisionTreeClassifier,1.0,1.0,1.0,0.9999999999999999,1.0,1.0,1.0
real_data6_testing,mean_variance_drift,bone,3,RandomForestClassifier,1.0,1.0,1.0,0.9999999999999999,1.0,1.0,1.0
real_data6_testing,mean_variance_drift,bone,4,DecisionTreeClassifier,1.0,1.0,1.0,0.9999999999999999,1.0,1.0,1.0
real_data6_testing,mean_variance_drift,bone,4,RandomForestClassifier,1.0,1.0,1.0,0.9999999999999999,1.0,1.0,1.0
real_data6_testing,mean_variance_drift,bone-marrow,0,DecisionTreeClassifier,1.0,1.0,1.0,0.9999999999999999,1.0,1.0,1.0
real_data6_testing,mean_variance_drift,bone-marrow,0,RandomForestClassifier,1.0,1.0,1.0,0.9999999999999999,1.0,1.0,1.0
real_data6_testing,mean_variance_drift,bone-marrow,1,DecisionTreeClassifier,1.0,1.0,1.0,0.9999999999999999,1.0,1.0,1.0
real_data6_testing,mean_variance_drift,bone-marrow,1,RandomForestClassifier,1.0,1.0,1.0,0.9999999999999999,1.0,1.0,1.0
real_data6_testing,mean_variance_drift,bone-marrow,2,DecisionTreeClassifier,1.0,1.0,1.0,0.9999999999999999,1.0,1.0,1.0
real_data6_testing,mean_variance_drift,bone-marrow,2,RandomForestClassifier,1.0,1.0,1.0,0.9999999999999999,1.0,1.0,1.0
real_data6_testing,mean_variance_drift,bone-marrow,3,DecisionTreeClassifier,1.0,1.0,1.0,0.9999999999999999,1.0,1.0,1.0
real_data6_testing,mean_variance_drift,bone-marrow,3,RandomForestClassifier,1.0,1.0,1.0,0.9999999999999999,1.0,1.0,1.0
real_data6_testing,mean_variance_drift,bone-marrow,4,DecisionTreeClassifier,1.0,1.0,1.0,0.9999999999999999,1.0,1.0,1.0
real_data6_testing,mean_variance_drift,bone-marrow,4,RandomForestClassifier,1.0,1.0,1.0,0.9999999999999999,1.0,1.0,1.0
real_data6_testing,mean_variance_drift,lung,0,DecisionTreeClassifier,1.0,1.0,1.0,0.9999999999999999,1.0,1.0,1.0
real_data6_testing,mean_variance_drift,lung,0,RandomForestClassifier,1.0,1.0,1.0,0.9999999999999999,1.0,1.0,1.0
real_data6_testing,mean_variance_drift,lung,1,DecisionTreeClassifier,1.0,1.0,1.0,0.9999999999999999,1.0,1.0,1.0
real_data6_testing,mean_variance_drift,lung,1,RandomForestClassifier,1.0,1.0,1.0,0.9999999999999999,1.0,1.0,1.0
real_data6_testing,mean_variance_drift,lung,2,DecisionTreeClassifier,1.0,1.0,1.0,0.9999999999999999,1.0,1.0,1.0
real_data6_testing,mean_variance_drift,lung,2,RandomForestClassifier,1.0,1.0,1.0,0.9999999999999999,1.0,1.0,1.0
real_data6_testing,mean_variance_drift,lung,3,DecisionTreeClassifier,1.0,1.0,1.0,0.9999999999999999,1.0,1.0,1.0
real_data6_testing,mean_variance_drift,lung,3,RandomForestClassifier,1.0,1.0,1.0,0.9999999999999999,1.0,1.0,1.0
real_data6_testing,mean_variance_drift,lung,4,DecisionTreeClassifier,1.0,1.0,1.0,0.9999999999999999,1.0,1.0,1.0
real_data6_testing,mean_variance_drift,lung,4,RandomForestClassifier,1.0,1.0,1.0,0.9999999999999999,1.0,1.0,1.0
real_data6_testing,mean_variance_drift,pleura,0,DecisionTreeClassifier,1.0,1.0,1.0,0.9999999999999999,1.0,1.0,1.0
real_data6_testing,mean_variance_drift,pleura,0,RandomForestClassifier,1.0,1.0,1.0,0.9999999999999999,1.0,1.0,1.0
real_data6_testing,mean_variance_drift,pleura,1,DecisionTreeClassifier,1.0,1.0,1.0,0.9999999999999999,1.0,1.0,1.0
real_data6_testing,mean_variance_drift,pleura,1,RandomForestClassifier,1.0,1.0,1.0,0.9999999999999999,1.0,1.0,1.0
real_data6_testing,mean_variance_drift,pleura,2,DecisionTreeClassifier,1.0,1.0,1.0,0.9999999999999999,1.0,1.0,1.0
real_data6_testing,mean_variance_drift,pleura,2,RandomForestClassifier,1.0,1.0,1.0,0.9999999999999999,1.0,1.0,1.0
real_data6_testing,mean_variance_drift,pleura,3,DecisionTreeClassifier,1.0,1.0,1.0,0.9999999999999999,1.0,1.0,1.0
real_data6_testing,mean_variance_drift,pleura,3,RandomForestClassifier,1.0,1.0,1.0,0.9999999999999999,1.0,1.0,1.0
real_data6_testing,mean_variance_drift,pleura,4,DecisionTreeClassifier,1.0,1.0,1.0,0.9999999999999999,1.0,1.0,1.0
real_data6_testing,mean_variance_drift,pleura,4,RandomForestClassifier,1.0,1.0,1.0,0.9999999999999999,1.0,1.0,1.0
real_data6_testing,mean_variance_drift,peritoneum,0,DecisionTreeClassifier,1.0,1.0,1.0,0.9999999999999999,1.0,1.0,1.0
real_data6_testing,mean_variance_drift,peritoneum,0,RandomForestClassifier,1.0,1.0,1.0,0.9999999999999999,1.0,1.0,1.0
real_data6_testing,mean_variance_drift,peritoneum,1,DecisionTreeClassifier,1.0,1.0,1.0,0.9999999999999999,1.0,1.0,1.0
real_data6_testing,mean_variance_drift,peritoneum,1,RandomForestClassifier,1.0,1.0,1.0,0.9999999999999999,1.0,1.0,1.0
real_data6_testing,mean_variance_drift,peritoneum,2,DecisionTreeClassifier,1.0,1.0,1.0,0.9999999999999999,1.0,1.0,1.0
real_data6_testing,mean_variance_drift,peritoneum,2,RandomForestClassifier,1.0,1.0,1.0,0.9999999999999999,1.0,1.0,1.0
real_data6_testing,mean_variance_drift,peritoneum,3,DecisionTreeClassifier,1.0,1.0,1.0,0.9999999999999999,1.0,1.0,1.0
real_data6_testing,mean_variance_drift,peritoneum,3,RandomForestClassifier,1.0,1.0,1.0,0.9999999999999999,1.0,1.0,1.0
real_data6_testing,mean_variance_drift,peritoneum,4,DecisionTreeClassifier,1.0,1.0,1.0,0.9999999999999999,1.0,1.0,1.0
real_data6_testing,mean_variance_drift,peritoneum,4,RandomForestClassifier,1.0,1.0,1.0,0.9999999999999999,1.0,1.0,1.0
real_data6_testing,mean_variance_drift,liver,0,DecisionTreeClassifier,1.0,1.0,1.0,0.9999999999999999,1.0,1.0,1.0
real_data6_testing,mean_variance_drift,liver,0,RandomForestClassifier,1.0,1.0,1.0,0.9999999999999999,1.0,1.0,1.0
real_data6_testing,mean_variance_drift,liver,1,DecisionTreeClassifier,1.0,1.0,1.0,0.9999999999999999,1.0,1.0,1.0
real_data6_testing,mean_variance_drift,liver,1,RandomForestClassifier,1.0,1.0,1.0,0.9999999999999999,1.0,1.0,1.0
real_data6_testing,mean_variance_drift,liver,2,DecisionTreeClassifier,1.0,1.0,1.0,0.9999999999999999,1.0,1.0,1.0
real_data6_testing,mean_variance_drift,liver,2,RandomForestClassifier,1.0,1.0,1.0,0.9999999999999999,1.0,1.0,1.0
real_data6_testing,mean_variance_drift,liver,3,DecisionTreeClassifier,1.0,1.0,1.0,0.9999999999999999,1.0,1.0,1.0
real_data6_testing,mean_variance_drift,liver,3,RandomForestClassifier,1.0,1.0,1.0,0.9999999999999999,1.0,1.0,1.0
real_data6_testing,mean_variance_drift,liver,4,DecisionTreeClassifier,1.0,1.0,1.0,0.9999999999999999,1.0,1.0,1.0
real_data6_testing,mean_variance_drift,liver,4,RandomForestClassifier,1.0,1.0,1.0,0.9999999999999999,1.0,1.0,1.0
real_data6_testing,mean_variance_drift,brain,0,DecisionTreeClassifier,1.0,1.0,1.0,0.9999999999999999,1.0,1.0,1.0
real_data6_testing,mean_variance_drift,brain,0,RandomForestClassifier,1.0,1.0,1.0,0.9999999999999999,1.0,1.0,1.0
real_data6_testing,mean_variance_drift,brain,1,DecisionTreeClassifier,1.0,1.0,1.0,0.9999999999999999,1.0,1.0,1.0
real_data6_testing,mean_variance_drift,brain,1,RandomForestClassifier,1.0,1.0,1.0,0.9999999999999999,1.0,1.0,1.0
real_data6_testing,mean_variance_drift,brain,2,DecisionTreeClassifier,1.0,1.0,1.0,0.9999999999999999,1.0,1.0,1.0
real_data6_testing,mean_variance_drift,brain,2,RandomForestClassifier,1.0,1.0,1.0,0.9999999999999999,1.0,1.0,1.0
real_data6_testing,mean_variance_drift,brain,3,DecisionTreeClassifier,1.0,1.0,1.0,0.9999999999999999,1.0,1.0,1.0
real_data6_testing,mean_variance_drift,brain,3,RandomForestClassifier,1.0,1.0,1.0,0.9999999999999999,1.0,1.0,1.0
real_data6_testing,mean_variance_drift,brain,4,DecisionTreeClassifier,1.0,1.0,1.0,0.9999999999999999,1.0,1.0,1.0
real_data6_testing,mean_variance_drift,brain,4,RandomForestClassifier,1.0,1.0,1.0,0.9999999999999999,1.0,1.0,1.0
real_data6_testing,mean_variance_drift,skin,0,DecisionTreeClassifier,1.0,1.0,1.0,0.9999999999999999,1.0,1.0,1.0
real_data6_testing,mean_variance_drift,skin,0,RandomForestClassifier,1.0,1.0,1.0,0.9999999999999999,1.0,1.0,1.0
real_data6_testing,mean_variance_drift,skin,1,DecisionTreeClassifier,1.0,1.0,1.0,0.9999999999999999,1.0,1.0,1.0
real_data6_testing,mean_variance_drift,skin,1,RandomForestClassifier,1.0,1.0,1.0,0.9999999999999999,1.0,1.0,1.0
real_data6_testing,mean_variance_drift,skin,2,DecisionTreeClassifier,1.0,1.0,1.0,0.9999999999999999,1.0,1.0,1.0
real_data6_testing,mean_variance_drift,skin,2,RandomForestClassifier,1.0,1.0,1.0,0.9999999999999999,1.0,1.0,1.0
real_data6_testing,mean_variance_drift,skin,3,DecisionTreeClassifier,1.0,1.0,1.0,0.9999999999999999,1.0,1.0,1.0
real_data6_testing,mean_variance_drift,skin,3,RandomForestClassifier,1.0,1.0,1.0,0.9999999999999999,1.0,1.0,1.0
real_data6_testing,mean_variance_drift,skin,4,DecisionTreeClassifier,1.0,1.0,1.0,0.9999999999999999,1.0,1.0,1.0
real_data6_testing,mean_variance_drift,skin,4,RandomForestClassifier,1.0,1.0,1.0,0.9999999999999999,1.0,1.0,1.0
real_data6_testing,mean_variance_drift,neck,0,DecisionTreeClassifier,1.0,1.0,1.0,0.9999999999999999,1.0,1.0,1.0
real_data6_testing,mean_variance_drift,neck,0,RandomForestClassifier,1.0,1.0,1.0,0.9999999999999999,1.0,1.0,1.0
real_data6_testing,mean_variance_drift,neck,1,DecisionTreeClassifier,1.0,1.0,1.0,0.9999999999999999,1.0,1.0,1.0
real_data6_testing,mean_variance_drift,neck,1,RandomForestClassifier,1.0,1.0,1.0,0.9999999999999999,1.0,1.0,1.0
real_data6_testing,mean_variance_drift,neck,2,DecisionTreeClassifier,1.0,1.0,1.0,0.9999999999999999,1.0,1.0,1.0
real_data6_testing,mean_variance_drift,neck,2,RandomForestClassifier,1.0,1.0,1.0,0.9999999999999999,1.0,1.0,1.0
real_data6_testing,mean_variance_drift,neck,3,DecisionTreeClassifier,1.0,1.0,1.0,0.9999999999999999,1.0,1.0,1.0
real_data6_testing,mean_variance_drift,neck,3,RandomForestClassifier,1.0,1.0,1.0,0.9999999999999999,1.0,1.0,1.0
real_data6_testing,mean_variance_drift,neck,4,DecisionTreeClassifier,1.0,1.0,1.0,0.9999999999999999,1.0,1.0,1.0
real_data6_testing,mean_variance_drift,neck,4,RandomForestClassifier,1.0,1.0,1.0,0.9999999999999999,1.0,1.0,1.0
real_data6_testing,mean_variance_drift,supraclavicular,0,DecisionTreeClassifier,1.0,1.0,1.0,0.9999999999999999,1.0,1.0,1.0
real_data6_testing,mean_variance_drift,supraclavicular,0,RandomForestClassifier,1.0,1.0,1.0,0.9999999999999999,1.0,1.0,1.0
real_data6_testing,mean_variance_drift,supraclavicular,1,DecisionTreeClassifier,1.0,1.0,1.0,0.9999999999999999,1.0,1.0,1.0
real_data6_testing,mean_variance_drift,supraclavicular,1,RandomForestClassifier,1.0,1.0,1.0,0.9999999999999999,1.0,1.0,1.0
real_data6_testing,mean_variance_drift,supraclavicular,2,DecisionTreeClassifier,1.0,1.0,1.0,0.9999999999999999,1.0,1.0,1.0
real_data6_testing,mean_variance_drift,supraclavicular,2,RandomForestClassifier,1.0,1.0,1.0,0.9999999999999999,1.0,1.0,1.0
real_data6_testing,mean_variance_drift,supraclavicular,3,DecisionTreeClassifier,1.0,1.0,1.0,0.9999999999999999,1.0,1.0,1.0
real_data6_testing,mean_variance_drift,supraclavicular,3,RandomForestClassifier,1.0,1.0,1.0,0.9999999999999999,1.0,1.0,1.0
real_data6_testing,mean_variance_drift,supraclavicular,4,DecisionTreeClassifier,1.0,1.0,1.0,0.9999999999999999,1.0,1.0,1.0
real_data6_testing,mean_variance_drift,supraclavicular,4,RandomForestClassifier,1.0,1.0,1.0,0.9999999999999999,1.0,1.0,1.0
real_data6_testing,mean_variance_drift,axillar,0,DecisionTreeClassifier,1.0,1.0,1.0,0.9999999999999999,1.0,1.0,1.0
real_data6_testing,mean_variance_drift,axillar,0,RandomForestClassifier,1.0,1.0,1.0,0.9999999999999999,1.0,1.0,1.0
real_data6_testing,mean_variance_drift,axillar,1,DecisionTreeClassifier,1.0,1.0,1.0,0.9999999999999999,1.0,1.0,1.0
real_data6_testing,mean_variance_drift,axillar,1,RandomForestClassifier,1.0,1.0,1.0,0.9999999999999999,1.0,1.0,1.0
real_data6_testing,mean_variance_drift,axillar,2,DecisionTreeClassifier,1.0,1.0,1.0,0.9999999999999999,1.0,1.0,1.0
real_data6_testing,mean_variance_drift,axillar,2,RandomForestClassifier,1.0,1.0,1.0,0.9999999999999999,1.0,1.0,1.0
real_data6_testing,mean_variance_drift,axillar,3,DecisionTreeClassifier,1.0,1.0,1.0,0.9999999999999999,1.0,1.0,1.0
real_data6_testing,mean_variance_drift,axillar,3,RandomForestClassifier,1.0,1.0,1.0,0.9999999999999999,1.0,1.0,1.0
real_data6_testing,mean_variance_drift,axillar,4,DecisionTreeClassifier,1.0,1.0,1.0,0.9999999999999999,1.0,1.0,1.0
real_data6_testing,mean_variance_drift,axillar,4,RandomForestClassifier,1.0,1.0,1.0,0.9999999999999999,1.0,1.0,1.0
real_data6_testing,mean_variance_drift,mediastinum,0,DecisionTreeClassifier,1.0,1.0,1.0,0.9999999999999999,1.0,1.0,1.0
real_data6_testing,mean_variance_drift,mediastinum,0,RandomForestClassifier,1.0,1.0,1.0,0.9999999999999999,1.0,1.0,1.0
real_data6_testing,mean_variance_drift,mediastinum,1,DecisionTreeClassifier,1.0,1.0,1.0,0.9999999999999999,1.0,1.0,1.0
real_data6_testing,mean_variance_drift,mediastinum,1,RandomForestClassifier,1.0,1.0,1.0,0.9999999999999999,1.0,1.0,1.0
real_data6_testing,mean_variance_drift,mediastinum,2,DecisionTreeClassifier,1.0,1.0,1.0,0.9999999999999999,1.0,1.0,1.0
real_data6_testing,mean_variance_drift,mediastinum,2,RandomForestClassifier,1.0,1.0,1.0,0.9999999999999999,1.0,1.0,1.0
real_data6_testing,mean_variance_drift,mediastinum,3,DecisionTreeClassifier,1.0,1.0,1.0,0.9999999999999999,1.0,1.0,1.0
real_data6_testing,mean_variance_drift,mediastinum,3,RandomForestClassifier,1.0,1.0,1.0,0.9999999999999999,1.0,1.0,1.0
real_data6_testing,mean_variance_drift,mediastinum,4,DecisionTreeClassifier,1.0,1.0,1.0,0.9999999999999999,1.0,1.0,1.0
real_data6_testing,mean_variance_drift,mediastinum,4,RandomForestClassifier,1.0,1.0,1.0,0.9999999999999999,1.0,1.0,1.0
real_data6_testing,mean_variance_drift,abdominal,0,DecisionTreeClassifier,1.0,1.0,1.0,0.9999999999999999,1.0,1.0,1.0
real_data6_testing,mean_variance_drift,abdominal,0,RandomForestClassifier,1.0,1.0,1.0,0.9999999999999999,1.0,1.0,1.0
real_data6_testing,mean_variance_drift,abdominal,1,DecisionTreeClassifier,1.0,1.0,1.0,0.9999999999999999,1.0,1.0,1.0
real_data6_testing,mean_variance_drift,abdominal,1,RandomForestClassifier,1.0,1.0,1.0,0.9999999999999999,1.0,1.0,1.0
real_data6_testing,mean_variance_drift,abdominal,2,DecisionTreeClassifier,1.0,1.0,1.0,0.9999999999999999,1.0,1.0,1.0
real_data6_testing,mean_variance_drift,abdominal,2,RandomForestClassifier,1.0,1.0,1.0,0.9999999999999999,1.0,1.0,1.0
real_data6_testing,mean_variance_drift,abdominal,3,DecisionTreeClassifier,1.0,1.0,1.0,0.9999999999999999,1.0,1.0,1.0
real_data6_testing,mean_variance_drift,abdominal,3,RandomForestClassifier,1.0,1.0,1.0,0.9999999999999999,1.0,1.0,1.0
real_data6_testing,mean_variance_drift,abdominal,4,DecisionTreeClassifier,1.0,1.0,1.0,0.9999999999999999,1.0,1.0,1.0
real_data6_testing,mean_variance_drift,abdominal,4,RandomForestClassifier,1.0,1.0,1.0,0.9999999999999999,1.0,1.0,1.0
real_data6_testing,noise_injection,class,0,DecisionTreeClassifier,1.0,1.0,1.0,0.9999999999999999,1.0,1.0,1.0
real_data6_testing,noise_injection,class,0,RandomForestClassifier,1.0,1.0,1.0,0.9999999999999999,1.0,1.0,1.0
real_data6_testing,noise_injection,class,1,DecisionTreeClassifier,1.0,1.0,1.0,0.9999999999999999,1.0,1.0,1.0
real_data6_testing,noise_injection,class,1,RandomForestClassifier,1.0,1.0,1.0,0.9999999999999999,1.0,1.0,1.0
real_data6_testing,noise_injection,class,2,DecisionTreeClassifier,1.0,1.0,1.0,0.9999999999999999,1.0,1.0,1.0
real_data6_testing,noise_injection,class,2,RandomForestClassifier,1.0,1.0,1.0,0.9999999999999999,1.0,1.0,1.0
real_data6_testing,noise_injection,class,3,DecisionTreeClassifier,1.0,1.0,1.0,0.9999999999999999,1.0,1.0,1.0
real_data6_testing,noise_injection,class,3,RandomForestClassifier,1.0,1.0,1.0,0.9999999999999999,1.0,1.0,1.0
real_data6_testing,noise_injection,class,4,DecisionTreeClassifier,1.0,1.0,1.0,0.9999999999999999,1.0,1.0,1.0
real_data6_testing,noise_injection,class,4,RandomForestClassifier,1.0,1.0,1.0,0.9999999999999999,1.0,1.0,1.0
real_data6_testing,noise_injection,age,0,DecisionTreeClassifier,1.0,1.0,1.0,0.9999999999999999,1.0,1.0,1.0
real_data6_testing,noise_injection,age,0,RandomForestClassifier,1.0,1.0,1.0,0.9999999999999999,1.0,1.0,1.0
real_data6_testing,noise_injection,age,1,DecisionTreeClassifier,1.0,1.0,1.0,0.9999999999999999,1.0,1.0,1.0
real_data6_testing,noise_injection,age,1,RandomForestClassifier,1.0,1.0,1.0,0.9999999999999999,1.0,1.0,1.0
real_data6_testing,noise_injection,age,2,DecisionTreeClassifier,1.0,1.0,1.0,0.9999999999999999,1.0,1.0,1.0
real_data6_testing,noise_injection,age,2,RandomForestClassifier,1.0,1.0,1.0,0.9999999999999999,1.0,1.0,1.0
real_data6_testing,noise_injection,age,3,DecisionTreeClassifier,1.0,1.0,1.0,0.9999999999999999,1.0,1.0,1.0
real_data6_testing,noise_injection,age,3,RandomForestClassifier,1.0,1.0,1.0,0.9999999999999999,1.0,1.0,1.0
real_data6_testing,noise_injection,age,4,DecisionTreeClassifier,1.0,1.0,1.0,0.9999999999999999,1.0,1.0,1.0
real_data6_testing,noise_injection,age,4,RandomForestClassifier,1.0,1.0,1.0,0.9999999999999999,1.0,1.0,1.0
real_data6_testing,noise_injection,sex,0,DecisionTreeClassifier,1.0,1.0,1.0,0.9999999999999999,1.0,1.0,1.0
real_data6_testing,noise_injection,sex,0,RandomForestClassifier,1.0,1.0,1.0,0.9999999999999999,1.0,1.0,1.0
real_data6_testing,noise_injection,sex,1,DecisionTreeClassifier,1.0,1.0,1.0,0.9999999999999999,1.0,1.0,1.0
real_data6_testing,noise_injection,sex,1,RandomForestClassifier,1.0,1.0,1.0,0.9999999999999999,1.0,1.0,1.0
real_data6_testing,noise_injection,sex,2,DecisionTreeClassifier,1.0,1.0,1.0,0.9999999999999999,1.0,1.0,1.0
real_data6_testing,noise_injection,sex,2,RandomForestClassifier,1.0,1.0,1.0,0.9999999999999999,1.0,1.0,1.0
real_data6_testing,noise_injection,sex,3,DecisionTreeClassifier,1.0,1.0,1.0,0.9999999999999999,1.0,1.0,1.0
real_data6_testing,noise_injection,sex,3,RandomForestClassifier,1.0,1.0,1.0,0.9999999999999999,1.0,1.0,1.0
real_data6_testing,noise_injection,sex,4,DecisionTreeClassifier,1.0,1.0,1.0,0.9999999999999999,1.0,1.0,1.0
real_data6_testing,noise_injection,sex,4,RandomForestClassifier,1.0,1.0,1.0,0.9999999999999999,1.0,1.0,1.0
real_data6_testing,noise_injection,histologic-type,0,DecisionTreeClassifier,1.0,1.0,1.0,0.9999999999999999,1.0,1.0,1.0
real_data6_testing,noise_injection,histologic-type,0,RandomForestClassifier,1.0,1.0,1.0,0.9999999999999999,1.0,1.0,1.0
real_data6_testing,noise_injection,histologic-type,1,DecisionTreeClassifier,1.0,1.0,1.0,0.9999999999999999,1.0,1.0,1.0
real_data6_testing,noise_injection,histologic-type,1,RandomForestClassifier,1.0,1.0,1.0,0.9999999999999999,1.0,1.0,1.0
real_data6_testing,noise_injection,histologic-type,2,DecisionTreeClassifier,1.0,1.0,1.0,0.9999999999999999,1.0,1.0,1.0
real_data6_testing,noise_injection,histologic-type,2,RandomForestClassifier,1.0,1.0,1.0,0.9999999999999999,1.0,1.0,1.0
real_data6_testing,noise_injection,histologic-type,3,DecisionTreeClassifier,1.0,1.0,1.0,0.9999999999999999,1.0,1.0,1.0
real_data6_testing,noise_injection,histologic-type,3,RandomForestClassifier,1.0,1.0,1.0,0.9999999999999999,1.0,1.0,1.0
real_data6_testing,noise_injection,histologic-type,4,DecisionTreeClassifier,1.0,1.0,1.0,0.9999999999999999,1.0,1.0,1.0
real_data6_testing,noise_injection,histologic-type,4,RandomForestClassifier,1.0,1.0,1.0,0.9999999999999999,1.0,1.0,1.0
real_data6_testing,noise_injection,degree-of-diffe,0,DecisionTreeClassifier,1.0,1.0,1.0,0.9999999999999999,1.0,1.0,1.0
real_data6_testing,noise_injection,degree-of-diffe,0,RandomForestClassifier,1.0,1.0,1.0,0.9999999999999999,1.0,1.0,1.0
real_data6_testing,noise_injection,degree-of-diffe,1,DecisionTreeClassifier,1.0,1.0,1.0,0.9999999999999999,1.0,1.0,1.0
real_data6_testing,noise_injection,degree-of-diffe,1,RandomForestClassifier,1.0,1.0,1.0,0.9999999999999999,1.0,1.0,1.0
real_data6_testing,noise_injection,degree-of-diffe,2,DecisionTreeClassifier,1.0,1.0,1.0,0.9999999999999999,1.0,1.0,1.0
real_data6_testing,noise_injection,degree-of-diffe,2,RandomForestClassifier,1.0,1.0,1.0,0.9999999999999999,1.0,1.0,1.0
real_data6_testing,noise_injection,degree-of-diffe,3,DecisionTreeClassifier,1.0,1.0,1.0,0.9999999999999999,1.0,1.0,1.0
real_data6_testing,noise_injection,degree-of-diffe,3,RandomForestClassifier,1.0,1.0,1.0,0.9999999999999999,1.0,1.0,1.0
real_data6_testing,noise_injection,degree-of-diffe,4,DecisionTreeClassifier,1.0,1.0,1.0,0.9999999999999999,1.0,1.0,1.0
real_data6_testing,noise_injection,degree-of-diffe,4,RandomForestClassifier,1.0,1.0,1.0,0.9999999999999999,1.0,1.0,1.0
real_data6_testing,noise_injection,bone,0,DecisionTreeClassifier,1.0,1.0,1.0,0.9999999999999999,1.0,1.0,1.0
real_data6_testing,noise_injection,bone,0,RandomForestClassifier,1.0,1.0,1.0,0.9999999999999999,1.0,1.0,1.0
real_data6_testing,noise_injection,bone,1,DecisionTreeClassifier,1.0,1.0,1.0,0.9999999999999999,1.0,1.0,1.0
real_data6_testing,noise_injection,bone,1,RandomForestClassifier,1.0,1.0,1.0,0.9999999999999999,1.0,1.0,1.0
real_data6_testing,noise_injection,bone,2,DecisionTreeClassifier,1.0,1.0,1.0,0.9999999999999999,1.0,1.0,1.0
real_data6_testing,noise_injection,bone,2,RandomForestClassifier,1.0,1.0,1.0,0.9999999999999999,1.0,1.0,1.0
real_data6_testing,noise_injection,bone,3,DecisionTreeClassifier,1.0,1.0,1.0,0.9999999999999999,1.0,1.0,1.0
real_data6_testing,noise_injection,bone,3,RandomForestClassifier,1.0,1.0,1.0,0.9999999999999999,1.0,1.0,1.0
real_data6_testing,noise_injection,bone,4,DecisionTreeClassifier,1.0,1.0,1.0,0.9999999999999999,1.0,1.0,1.0
real_data6_testing,noise_injection,bone,4,RandomForestClassifier,1.0,1.0,1.0,0.9999999999999999,1.0,1.0,1.0
real_data6_testing,noise_injection,bone-marrow,0,DecisionTreeClassifier,1.0,1.0,1.0,0.9999999999999999,1.0,1.0,1.0
real_data6_testing,noise_injection,bone-marrow,0,RandomForestClassifier,1.0,1.0,1.0,0.9999999999999999,1.0,1.0,1.0
real_data6_testing,noise_injection,bone-marrow,1,DecisionTreeClassifier,1.0,1.0,1.0,0.9999999999999999,1.0,1.0,1.0
real_data6_testing,noise_injection,bone-marrow,1,RandomForestClassifier,1.0,1.0,1.0,0.9999999999999999,1.0,1.0,1.0
real_data6_testing,noise_injection,bone-marrow,2,DecisionTreeClassifier,1.0,1.0,1.0,0.9999999999999999,1.0,1.0,1.0
real_data6_testing,noise_injection,bone-marrow,2,RandomForestClassifier,1.0,1.0,1.0,0.9999999999999999,1.0,1.0,1.0
real_data6_testing,noise_injection,bone-marrow,3,DecisionTreeClassifier,1.0,1.0,1.0,0.9999999999999999,1.0,1.0,1.0
real_data6_testing,noise_injection,bone-marrow,3,RandomForestClassifier,1.0,1.0,1.0,0.9999999999999999,1.0,1.0,1.0
real_data6_testing,noise_injection,bone-marrow,4,DecisionTreeClassifier,1.0,1.0,1.0,0.9999999999999999,1.0,1.0,1.0
real_data6_testing,noise_injection,bone-marrow,4,RandomForestClassifier,1.0,1.0,1.0,0.9999999999999999,1.0,1.0,1.0
real_data6_testing,noise_injection,lung,0,DecisionTreeClassifier,1.0,1.0,1.0,0.9999999999999999,1.0,1.0,1.0
real_data6_testing,noise_injection,lung,0,RandomForestClassifier,1.0,1.0,1.0,0.9999999999999999,1.0,1.0,1.0
real_data6_testing,noise_injection,lung,1,DecisionTreeClassifier,1.0,1.0,1.0,0.9999999999999999,1.0,1.0,1.0
real_data6_testing,noise_injection,lung,1,RandomForestClassifier,1.0,1.0,1.0,0.9999999999999999,1.0,1.0,1.0
real_data6_testing,noise_injection,lung,2,DecisionTreeClassifier,1.0,1.0,1.0,0.9999999999999999,1.0,1.0,1.0
real_data6_testing,noise_injection,lung,2,RandomForestClassifier,1.0,1.0,1.0,0.9999999999999999,1.0,1.0,1.0
real_data6_testing,noise_injection,lung,3,DecisionTreeClassifier,1.0,1.0,1.0,0.9999999999999999,1.0,1.0,1.0
real_data6_testing,noise_injection,lung,3,RandomForestClassifier,1.0,1.0,1.0,0.9999999999999999,1.0,1.0,1.0
real_data6_testing,noise_injection,lung,4,DecisionTreeClassifier,1.0,1.0,1.0,0.9999999999999999,1.0,1.0,1.0
real_data6_testing,noise_injection,lung,4,RandomForestClassifier,1.0,1.0,1.0,0.9999999999999999,1.0,1.0,1.0
real_data6_testing,noise_injection,pleura,0,DecisionTreeClassifier,1.0,1.0,1.0,0.9999999999999999,1.0,1.0,1.0
real_data6_testing,noise_injection,pleura,0,RandomForestClassifier,1.0,1.0,1.0,0.9999999999999999,1.0,1.0,1.0
real_data6_testing,noise_injection,pleura,1,DecisionTreeClassifier,1.0,1.0,1.0,0.9999999999999999,1.0,1.0,1.0
real_data6_testing,noise_injection,pleura,1,RandomForestClassifier,1.0,1.0,1.0,0.9999999999999999,1.0,1.0,1.0
real_data6_testing,noise_injection,pleura,2,DecisionTreeClassifier,1.0,1.0,1.0,0.9999999999999999,1.0,1.0,1.0
real_data6_testing,noise_injection,pleura,2,RandomForestClassifier,1.0,1.0,1.0,0.9999999999999999,1.0,1.0,1.0
real_data6_testing,noise_injection,pleura,3,DecisionTreeClassifier,1.0,1.0,1.0,0.9999999999999999,1.0,1.0,1.0
real_data6_testing,noise_injection,pleura,3,RandomForestClassifier,1.0,1.0,1.0,0.9999999999999999,1.0,1.0,1.0
real_data6_testing,noise_injection,pleura,4,DecisionTreeClassifier,1.0,1.0,1.0,0.9999999999999999,1.0,1.0,1.0
real_data6_testing,noise_injection,pleura,4,RandomForestClassifier,1.0,1.0,1.0,0.9999999999999999,1.0,1.0,1.0
real_data6_testing,noise_injection,peritoneum,0,DecisionTreeClassifier,1.0,1.0,1.0,0.9999999999999999,1.0,1.0,1.0
real_data6_testing,noise_injection,peritoneum,0,RandomForestClassifier,1.0,1.0,1.0,0.9999999999999999,1.0,1.0,1.0
real_data6_testing,noise_injection,peritoneum,1,DecisionTreeClassifier,1.0,1.0,1.0,0.9999999999999999,1.0,1.0,1.0
real_data6_testing,noise_injection,peritoneum,1,RandomForestClassifier,1.0,1.0,1.0,0.9999999999999999,1.0,1.0,1.0
real_data6_testing,noise_injection,peritoneum,2,DecisionTreeClassifier,1.0,1.0,1.0,0.9999999999999999,1.0,1.0,1.0
real_data6_testing,noise_injection,peritoneum,2,RandomForestClassifier,1.0,1.0,1.0,0.9999999999999999,1.0,1.0,1.0
real_data6_testing,noise_injection,peritoneum,3,DecisionTreeClassifier,1.0,1.0,1.0,0.9999999999999999,1.0,1.0,1.0
real_data6_testing,noise_injection,peritoneum,3,RandomForestClassifier,1.0,1.0,1.0,0.9999999999999999,1.0,1.0,1.0
real_data6_testing,noise_injection,peritoneum,4,DecisionTreeClassifier,1.0,1.0,1.0,0.9999999999999999,1.0,1.0,1.0
real_data6_testing,noise_injection,peritoneum,4,RandomForestClassifier,1.0,1.0,1.0,0.9999999999999999,1.0,1.0,1.0
real_data6_testing,noise_injection,liver,0,DecisionTreeClassifier,1.0,1.0,1.0,0.9999999999999999,1.0,1.0,1.0
real_data6_testing,noise_injection,liver,0,RandomForestClassifier,1.0,1.0,1.0,0.9999999999999999,1.0,1.0,1.0
real_data6_testing,noise_injection,liver,1,DecisionTreeClassifier,1.0,1.0,1.0,0.9999999999999999,1.0,1.0,1.0
real_data6_testing,noise_injection,liver,1,RandomForestClassifier,1.0,1.0,1.0,0.9999999999999999,1.0,1.0,1.0
real_data6_testing,noise_injection,liver,2,DecisionTreeClassifier,1.0,1.0,1.0,0.9999999999999999,1.0,1.0,1.0
real_data6_testing,noise_injection,liver,2,RandomForestClassifier,1.0,1.0,1.0,0.9999999999999999,1.0,1.0,1.0
real_data6_testing,noise_injection,liver,3,DecisionTreeClassifier,1.0,1.0,1.0,0.9999999999999999,1.0,1.0,1.0
real_data6_testing,noise_injection,liver,3,RandomForestClassifier,1.0,1.0,1.0,0.9999999999999999,1.0,1.0,1.0
real_data6_testing,noise_injection,liver,4,DecisionTreeClassifier,1.0,1.0,1.0,0.9999999999999999,1.0,1.0,1.0
real_data6_testing,noise_injection,liver,4,RandomForestClassifier,1.0,1.0,1.0,0.9999999999999999,1.0,1.0,1.0
real_data6_testing,noise_injection,brain,0,DecisionTreeClassifier,1.0,1.0,1.0,0.9999999999999999,1.0,1.0,1.0
real_data6_testing,noise_injection,brain,0,RandomForestClassifier,1.0,1.0,1.0,0.9999999999999999,1.0,1.0,1.0
real_data6_testing,noise_injection,brain,1,DecisionTreeClassifier,1.0,1.0,1.0,0.9999999999999999,1.0,1.0,1.0
real_data6_testing,noise_injection,brain,1,RandomForestClassifier,1.0,1.0,1.0,0.9999999999999999,1.0,1.0,1.0
real_data6_testing,noise_injection,brain,2,DecisionTreeClassifier,1.0,1.0,1.0,0.9999999999999999,1.0,1.0,1.0
real_data6_testing,noise_injection,brain,2,RandomForestClassifier,1.0,1.0,1.0,0.9999999999999999,1.0,1.0,1.0
real_data6_testing,noise_injection,brain,3,DecisionTreeClassifier,1.0,1.0,1.0,0.9999999999999999,1.0,1.0,1.0
real_data6_testing,noise_injection,brain,3,RandomForestClassifier,1.0,1.0,1.0,0.9999999999999999,1.0,1.0,1.0
real_data6_testing,noise_injection,brain,4,DecisionTreeClassifier,1.0,1.0,1.0,0.9999999999999999,1.0,1.0,1.0
real_data6_testing,noise_injection,brain,4,RandomForestClassifier,1.0,1.0,1.0,0.9999999999999999,1.0,1.0,1.0
real_data6_testing,noise_injection,skin,0,DecisionTreeClassifier,1.0,1.0,1.0,0.9999999999999999,1.0,1.0,1.0
real_data6_testing,noise_injection,skin,0,RandomForestClassifier,1.0,1.0,1.0,0.9999999999999999,1.0,1.0,1.0
real_data6_testing,noise_injection,skin,1,DecisionTreeClassifier,1.0,1.0,1.0,0.9999999999999999,1.0,1.0,1.0
real_data6_testing,noise_injection,skin,1,RandomForestClassifier,1.0,1.0,1.0,0.9999999999999999,1.0,1.0,1.0
real_data6_testing,noise_injection,skin,2,DecisionTreeClassifier,1.0,1.0,1.0,0.9999999999999999,1.0,1.0,1.0
real_data6_testing,noise_injection,skin,2,RandomForestClassifier,1.0,1.0,1.0,0.9999999999999999,1.0,1.0,1.0
real_data6_testing,noise_injection,skin,3,DecisionTreeClassifier,1.0,1.0,1.0,0.9999999999999999,1.0,1.0,1.0
real_data6_testing,noise_injection,skin,3,RandomForestClassifier,1.0,1.0,1.0,0.9999999999999999,1.0,1.0,1.0
real_data6_testing,noise_injection,skin,4,DecisionTreeClassifier,1.0,1.0,1.0,0.9999999999999999,1.0,1.0,1.0
real_data6_testing,noise_injection,skin,4,RandomForestClassifier,1.0,1.0,1.0,0.9999999999999999,1.0,1.0,1.0
real_data6_testing,noise_injection,neck,0,DecisionTreeClassifier,1.0,1.0,1.0,0.9999999999999999,1.0,1.0,1.0
real_data6_testing,noise_injection,neck,0,RandomForestClassifier,1.0,1.0,1.0,0.9999999999999999,1.0,1.0,1.0
real_data6_testing,noise_injection,neck,1,DecisionTreeClassifier,1.0,1.0,1.0,0.9999999999999999,1.0,1.0,1.0
real_data6_testing,noise_injection,neck,1,RandomForestClassifier,1.0,1.0,1.0,0.9999999999999999,1.0,1.0,1.0
real_data6_testing,noise_injection,neck,2,DecisionTreeClassifier,1.0,1.0,1.0,0.9999999999999999,1.0,1.0,1.0
real_data6_testing,noise_injection,neck,2,RandomForestClassifier,1.0,1.0,1.0,0.9999999999999999,1.0,1.0,1.0
real_data6_testing,noise_injection,neck,3,DecisionTreeClassifier,1.0,1.0,1.0,0.9999999999999999,1.0,1.0,1.0
real_data6_testing,noise_injection,neck,3,RandomForestClassifier,1.0,1.0,1.0,0.9999999999999999,1.0,1.0,1.0
real_data6_testing,noise_injection,neck,4,DecisionTreeClassifier,1.0,1.0,1.0,0.9999999999999999,1.0,1.0,1.0
real_data6_testing,noise_injection,neck,4,RandomForestClassifier,1.0,1.0,1.0,0.9999999999999999,1.0,1.0,1.0
real_data6_testing,noise_injection,supraclavicular,0,DecisionTreeClassifier,1.0,1.0,1.0,0.9999999999999999,1.0,1.0,1.0
real_data6_testing,noise_injection,supraclavicular,0,RandomForestClassifier,1.0,1.0,1.0,0.9999999999999999,1.0,1.0,1.0
real_data6_testing,noise_injection,supraclavicular,1,DecisionTreeClassifier,1.0,1.0,1.0,0.9999999999999999,1.0,1.0,1.0
real_data6_testing,noise_injection,supraclavicular,1,RandomForestClassifier,1.0,1.0,1.0,0.9999999999999999,1.0,1.0,1.0
real_data6_testing,noise_injection,supraclavicular,2,DecisionTreeClassifier,1.0,1.0,1.0,0.9999999999999999,1.0,1.0,1.0
real_data6_testing,noise_injection,supraclavicular,2,RandomForestClassifier,1.0,1.0,1.0,0.9999999999999999,1.0,1.0,1.0
real_data6_testing,noise_injection,supraclavicular,3,DecisionTreeClassifier,1.0,1.0,1.0,0.9999999999999999,1.0,1.0,1.0
real_data6_testing,noise_injection,supraclavicular,3,RandomForestClassifier,1.0,1.0,1.0,0.9999999999999999,1.0,1.0,1.0
real_data6_testing,noise_injection,supraclavicular,4,DecisionTreeClassifier,1.0,1.0,1.0,0.9999999999999999,1.0,1.0,1.0
real_data6_testing,noise_injection,supraclavicular,4,RandomForestClassifier,1.0,1.0,1.0,0.9999999999999999,1.0,1.0,1.0
real_data6_testing,noise_injection,axillar,0,DecisionTreeClassifier,1.0,1.0,1.0,0.9999999999999999,1.0,1.0,1.0
real_data6_testing,noise_injection,axillar,0,RandomForestClassifier,1.0,1.0,1.0,0.9999999999999999,1.0,1.0,1.0
real_data6_testing,noise_injection,axillar,1,DecisionTreeClassifier,1.0,1.0,1.0,0.9999999999999999,1.0,1.0,1.0
real_data6_testing,noise_injection,axillar,1,RandomForestClassifier,1.0,1.0,1.0,0.9999999999999999,1.0,1.0,1.0
real_data6_testing,noise_injection,axillar,2,DecisionTreeClassifier,1.0,1.0,1.0,0.9999999999999999,1.0,1.0,1.0
real_data6_testing,noise_injection,axillar,2,RandomForestClassifier,1.0,1.0,1.0,0.9999999999999999,1.0,1.0,1.0
real_data6_testing,noise_injection,axillar,3,DecisionTreeClassifier,1.0,1.0,1.0,0.9999999999999999,1.0,1.0,1.0
real_data6_testing,noise_injection,axillar,3,RandomForestClassifier,1.0,1.0,1.0,0.9999999999999999,1.0,1.0,1.0
real_data6_testing,noise_injection,axillar,4,DecisionTreeClassifier,1.0,1.0,1.0,0.9999999999999999,1.0,1.0,1.0
real_data6_testing,noise_injection,axillar,4,RandomForestClassifier,1.0,1.0,1.0,0.9999999999999999,1.0,1.0,1.0
real_data6_testing,noise_injection,mediastinum,0,DecisionTreeClassifier,1.0,1.0,1.0,0.9999999999999999,1.0,1.0,1.0
real_data6_testing,noise_injection,mediastinum,0,RandomForestClassifier,1.0,1.0,1.0,0.9999999999999999,1.0,1.0,1.0
real_data6_testing,noise_injection,mediastinum,1,DecisionTreeClassifier,1.0,1.0,1.0,0.9999999999999999,1.0,1.0,1.0
real_data6_testing,noise_injection,mediastinum,1,RandomForestClassifier,1.0,1.0,1.0,0.9999999999999999,1.0,1.0,1.0
real_data6_testing,noise_injection,mediastinum,2,DecisionTreeClassifier,1.0,1.0,1.0,0.9999999999999999,1.0,1.0,1.0
real_data6_testing,noise_injection,mediastinum,2,RandomForestClassifier,1.0,1.0,1.0,0.9999999999999999,1.0,1.0,1.0
real_data6_testing,noise_injection,mediastinum,3,DecisionTreeClassifier,1.0,1.0,1.0,0.9999999999999999,1.0,1.0,1.0
real_data6_testing,noise_injection,mediastinum,3,RandomForestClassifier,1.0,1.0,1.0,0.9999999999999999,1.0,1.0,1.0
real_data6_testing,noise_injection,mediastinum,4,DecisionTreeClassifier,1.0,1.0,1.0,0.9999999999999999,1.0,1.0,1.0
real_data6_testing,noise_injection,mediastinum,4,RandomForestClassifier,1.0,1.0,1.0,0.9999999999999999,1.0,1.0,1.0
real_data6_testing,noise_injection,abdominal,0,DecisionTreeClassifier,1.0,1.0,1.0,0.9999999999999999,1.0,1.0,1.0
real_data6_testing,noise_injection,abdominal,0,RandomForestClassifier,1.0,1.0,1.0,0.9999999999999999,1.0,1.0,1.0
real_data6_testing,noise_injection,abdominal,1,DecisionTreeClassifier,1.0,1.0,1.0,0.9999999999999999,1.0,1.0,1.0
real_data6_testing,noise_injection,abdominal,1,RandomForestClassifier,1.0,1.0,1.0,0.9999999999999999,1.0,1.0,1.0
real_data6_testing,noise_injection,abdominal,2,DecisionTreeClassifier,1.0,1.0,1.0,0.9999999999999999,1.0,1.0,1.0
real_data6_testing,noise_injection,abdominal,2,RandomForestClassifier,1.0,1.0,1.0,0.9999999999999999,1.0,1.0,1.0
real_data6_testing,noise_injection,abdominal,3,DecisionTreeClassifier,1.0,1.0,1.0,0.9999999999999999,1.0,1.0,1.0
real_data6_testing,noise_injection,abdominal,3,RandomForestClassifier,1.0,1.0,1.0,0.9999999999999999,1.0,1.0,1.0
real_data6_testing,noise_injection,abdominal,4,DecisionTreeClassifier,1.0,1.0,1.0,0.9999999999999999,1.0,1.0,1.0
real_data6_testing,noise_injection,abdominal,4,RandomForestClassifier,1.0,1.0,1.0,0.9999999999999999,1.0,1.0,1.0
real_data6_testing,category_flip,class,0,DecisionTreeClassifier,0.9656965804893946,0.125,0.5786964391532252,0.5441176470588235,0.6723104165625055,0.6960784313725491,0.6552229633111987
real_data6_testing,category_flip,class,0,RandomForestClassifier,0.992659509279923,0.375,0.9323244747293752,0.7794117647058824,0.8729440571988811,0.9068627450980394,0.6616152638211462
real_data6_testing,category_flip,class,1,DecisionTreeClassifier,0.9748203575878521,0.125,0.7482113848157728,0.6029411764705882,0.7201474724055256,0.7769607843137256,0.6670052986229456
real_data6_testing,category_flip,class,1,RandomForestClassifier,0.9959955205738009,0.5,0.9707781547421442,0.8970588235294118,0.9326890070559402,0.9681372549019608,0.8289624591095179
real_data6_testing,category_flip,class,2,DecisionTreeClassifier,0.9767146221402505,0.0625,0.6449752199183221,0.5588235294117646,0.7154657737798976,0.7083333333333334,0.4443629083334966
real_data6_testing,category_flip,class,2,RandomForestClassifier,0.9926194226197681,0.3125,0.9529121285768912,0.8235294117647057,0.8815144552293789,0.9362745098039217,0.6497374357668476
real_data6_testing,category_flip,class,3,DecisionTreeClassifier,0.9704856078977615,0.1875,0.4557390976938255,0.48529411764705876,0.6740624035186753,0.6911764705882353,0.5478452103452104
real_data6_testing,category_flip,class,3,RandomForestClassifier,0.9950979647045333,0.3125,0.9523824623040474,0.8823529411764705,0.9072365410101884,0.965686274509804,0.8110514485514486
real_data6_testing,category_flip,class,4,DecisionTreeClassifier,0.9835942376988362,0.0,0.47813017990337736,0.6323529411764706,0.7735298811835342,0.7892156862745099,0.6920759795759797
real_data6_testing,category_flip,class,4,RandomForestClassifier,0.9945967575608078,0.4375,0.9590588278520445,0.8382352941176471,0.8992399232237938,0.9387254901960785,0.742384494590377
real_data6_testing,category_flip,age,0,DecisionTreeClassifier,0.9484315744570353,0.125,0.5297858088775116,0.41176470588235287,0.5674658554438383,0.5784313725490197,0.7054411274999511
real_data6_testing,category_flip,age,0,RandomForestClassifier,0.9941637215497681,0.25,0.9522288822013161,0.7941176470588235,0.8810565504577204,0.9264705882352943,0.7329759292994589
real_data6_testing,category_flip,age,1,DecisionTreeClassifier,0.9351300373862861,0.0625,0.7771714834429224,0.49999999999999994,0.46654767268684433,0.7181372549019608,0.6852635109988052
real_data6_testing,category_flip,age,1,RandomForestClassifier,0.9871270325481332,0.1875,0.9785048942406686,0.764705882352941,0.7991330956841077,0.931372549019608,0.7345632308867605
real_data6_testing,category_flip,age,2,DecisionTreeClassifier,0.9511970296473945,0.25,0.8333015181890063,0.588235294117647,0.5937826476310945,0.8014705882352942,0.8505514909926676
real_data6_testing,category_flip,age,2,RandomForestClassifier,0.9916051039798757,0.5,0.971749437579939,0.8235294117647057,0.857925274848458,0.9460784313725492,0.9476926668103139
real_data6_testing,category_flip,age,3,DecisionTreeClassifier,0.9645507542076358,0.0625,0.8106690943941461,0.676470588235294,0.7041080480021189,0.8455882352941178,0.6716992974345916
real_data6_testing,category_flip,age,3,RandomForestClassifier,0.9884667084402976,0.1875,0.9671763818785674,0.8235294117647057,0.8566069266208383,0.9436274509803922,0.749900834459658
real_data6_testing,category_flip,age,4,DecisionTreeClassifier,0.9575587442130539,0.0625,0.47482347324960883,0.45588235294117646,0.5712386408163614,0.5980392156862745,0.6441082610200257
real_data6_testing,category_flip,age,4,RandomForestClassifier,0.9920338854072909,0.25,0.9722355878133262,0.8676470588235293,0.8803740550184076,0.9558823529411765,0.819320467114585
real_data6_testing,category_flip,sex,0,DecisionTreeClassifier,0.964488560699386,0.0625,0.8851831766490517,0.6029411764705882,0.6635138142807513,0.7794117647058825,0.7395621535327417
real_data6_testing,category_flip,sex,0,RandomForestClassifier,0.9966285376295635,0.5625,0.9842016828388814,0.8676470588235293,0.9319093940535601,0.948529411764706,0.8671269090386737
real_data6_testing,category_flip,sex,1,DecisionTreeClassifier,0.9120283820315885,0.1875,0.8452148478793794,0.4705882352941176,0.4403225774302415,0.6200980392156864,0.7866545219486397
real_data6_testing,category_flip,sex,1,RandomForestClassifier,0.990631861089984,0.1875,0.9744556933983626,0.764705882352941,0.851861074699358,0.8897058823529412,0.8536611264552442
real_data6_testing,category_flip,sex,2,DecisionTreeClassifier,0.9661848800166853,0.0625,0.8981466990037741,0.5735294117647058,0.6564008352146016,0.732843137254902,0.7079059012882543
real_data6_testing,category_flip,sex,2,RandomForestClassifier,0.9926077459010478,0.3125,0.9799260271092465,0.8382352941176471,0.8858618528500501,0.9411764705882353,0.8226548778019367
real_data6_testing,category_flip,sex,3,DecisionTreeClassifier,0.9705660956266612,0.125,0.8993361818820393,0.5735294117647058,0.672866195264545,0.7401960784313727,0.7597478501890267
real_data6_testing,category_flip,sex,3,RandomForestClassifier,0.9913281647818882,0.3125,0.9849724627745587,0.8088235294117646,0.8689671787129027,0.9240196078431374,0.8077155687449806
real_data6_testing,category_flip,sex,4,DecisionTreeClassifier,0.9728518615316649,0.1875,0.8681004332518492,0.5735294117647058,0.706327380973709,0.7450980392156863,0.794643673320144
real_data6_testing,category_flip,sex,4,RandomForestClassifier,0.9924930058204702,0.375,0.9750998378446398,0.8088235294117646,0.8807534488629136,0.9240196078431374,0.883464656258774
real_data6_testing,category_flip,histologic-type,0,DecisionTreeClassifier,0.8437076756655651,0.0625,0.08494238462819703,0.1176470588235294,-0.02738071031516299,0.22058823529411767,0.5147650552062316
real_data6_testing,category_flip,histologic-type,0,RandomForestClassifier,0.9732826014981185,0.0,0.6469342099031865,0.676470588235294,0.6927341018531461,0.875,0.6102096432978785
real_data6_testing,category_flip,histologic-type,1,DecisionTreeClassifier,0.975405397375769,0.25,0.4545819505661499,0.5441176470588235,0.7465431789158345,0.6911764705882353,0.6989423158540805
real_data6_testing,category_flip,histologic-type,1,RandomForestClassifier,0.9944469821086215,0.25,0.8475754244163505,0.8088235294117646,0.8828121042048493,0.9387254901960785,0.7496776099717276
real_data6_testing,category_flip,histologic-type,2,DecisionTreeClassifier,0.9104518098944264,0.1875,0.5476599679517318,0.338235294117647,0.2886895376876535,0.4803921568627451,0.7498745535510243
real_data6_testing,category_flip,histologic-type,2,RandomForestClassifier,0.9742535397199535,0.1875,0.9166960827461554,0.8088235294117646,0.7827435740634754,0.931372549019608,0.6727066234419176
real_data6_testing,category_flip,histologic-type,3,DecisionTreeClassifier,0.9232510952179721,0.125,0.295648315949085,0.4411764705882352,0.5040977252196687,0.6176470588235294,0.48859726874432746
real_data6_testing,category_flip,histologic-type,3,RandomForestClassifier,0.989111381612638,0.25,0.8507937189767164,0.764705882352941,0.8321324939360697,0.9068627450980394,0.7033322070086776
real_data6_testing,category_flip,histologic-type,4,DecisionTreeClassifier,0.9902876635532883,0.0625,0.6076691159935905,0.7941176470588235,0.8570937958113886,0.9215686274509804,0.6247805299275888
real_data6_testing,category_flip,histologic-type,4,RandomForestClassifier,0.9911765800954585,0.25,0.7968885280856504,0.8235294117647057,0.8718169690526294,0.9362745098039217,0.6668242705007411
real_data6_testing,category_flip,degree-of-diffe,0,DecisionTreeClassifier,0.9493161181075298,0.0625,0.8742252308622507,0.5147058823529411,0.6031292802233048,0.6691176470588236,0.7416112482288953
real_data6_testing,category_flip,degree-of-diffe,0,RandomForestClassifier,0.9916291553364841,0.375,0.9844564046844112,0.7941176470588235,0.8704737615526358,0.911764705882353,0.8481136510548275
real_data6_testing,category_flip,degree-of-diffe,1,DecisionTreeClassifier,0.954357705194014,0.25,0.8931062193071255,0.5294117647058822,0.5845984323133595,0.7058823529411765,0.7714446501211208
real_data6_testing,category_flip,degree-of-diffe,1,RandomForestClassifier,0.9877855226472002,0.3125,0.9791323514115811,0.7058823529411764,0.8343345313084221,0.8406862745098039,0.801790121643063
real_data6_testing,category_flip,degree-of-diffe,2,DecisionTreeClassifier,0.8888389970914797,0.0625,0.6066311391087551,0.20588235294117643,0.2578913700162424,0.2843137254901961,0.6534198644492765
real_data6_testing,category_flip,degree-of-diffe,2,RandomForestClassifier,0.9864729144379105,0.4375,0.9726200551563354,0.7352941176470588,0.8452850660013831,0.8553921568627452,0.8524677120265355
real_data6_testing,category_flip,degree-of-diffe,3,DecisionTreeClassifier,0.9576033333803566,0.375,0.8313990869547261,0.5735294117647058,0.6376407575841454,0.7132352941176472,0.8441920824273766
real_data6_testing,category_flip,degree-of-diffe,3,RandomForestClassifier,0.9961089106533332,0.375,0.9882152967040413,0.8676470588235293,0.9214971407654504,0.9509803921568628,0.8289609899904018
real_data6_testing,category_flip,degree-of-diffe,4,DecisionTreeClassifier,0.9680880966538206,0.125,0.8748687643720532,0.6470588235294118,0.6632979974739349,0.7843137254901962,0.77536262756851
real_data6_testing,category_flip,degree-of-diffe,4,RandomForestClassifier,0.9857066568981168,0.375,0.9745029425630246,0.7205882352941176,0.8162668323168429,0.8578431372549021,0.7975884409707941
real_data6_testing,category_flip,bone,0,DecisionTreeClassifier,0.8675162943736532,0.0625,-0.14869420266460787,0.3823529411764705,0.2974526328974152,0.49019607843137264,0.6661458639399817
real_data6_testing,category_flip,bone,0,RandomForestClassifier,0.958626874889929,0.125,0.8932336712914072,0.6470588235294118,0.6516220056782482,0.8308823529411766,0.7677777288071406
real_data6_testing,category_flip,bone,1,DecisionTreeClassifier,0.902762573324895,0.0625,0.1416244041243493,0.3235294117647059,0.3347499875599823,0.4093137254901961,0.7471916155739686
real_data6_testing,category_flip,bone,1,RandomForestClassifier,0.9792912968313829,0.0625,0.9718428643390552,0.7352941176470588,0.7659604388928416,0.875,0.7864306445188798
real_data6_testing,category_flip,bone,2,DecisionTreeClassifier,0.8399527277659329,0.0625,0.6487603518180207,0.2205882352941176,0.16627642957990155,0.30637254901960786,0.6006923631923631
real_data6_testing,category_flip,bone,2,RandomForestClassifier,0.9814656179581623,0.1875,0.911822703469648,0.8088235294117646,0.7857202828384255,0.9338235294117647,0.6611017250723132
real_data6_testing,category_flip,bone,3,DecisionTreeClassifier,0.9273722351034462,0.125,0.6579575522532595,0.49999999999999994,0.4156272602776555,0.7083333333333334,0.6381771006771008
real_data6_testing,category_flip,bone,3,RandomForestClassifier,0.9720787448201464,0.1875,0.9432886624552493,0.6470588235294118,0.7267399194864496,0.8039215686274511,0.7435779906368143
real_data6_testing,category_flip,bone,4,DecisionTreeClassifier,0.9240753735176457,0.0625,-0.012736088442649951,0.3676470588235294,0.2888681397395672,0.5098039215686275,0.6675697668344728
real_data6_testing,category_flip,bone,4,RandomForestClassifier,0.9451436761081168,0.1875,0.9201890578053471,0.588235294117647,0.5644789609223984,0.7720588235294118,0.7928235979706568
real_data6_testing,category_flip,bone-marrow,0,DecisionTreeClassifier,0.9714414203816004,0.1875,-3.1577701294199674,0.48529411764705876,0.7207712885720339,0.6200980392156864,0.5758199317022845
real_data6_testing,category_flip,bone-marrow,0,RandomForestClassifier,0.9694216807276176,0.0,-0.3316947098269245,0.5441176470588235,0.6581755458177896,0.7230392156862746,0.4874460506813448
real_data6_testing,category_flip,bone-marrow,1,DecisionTreeClassifier,0.9553765975109977,0.0625,-0.7889531148491926,0.5294117647058822,0.7161567983729762,0.6200980392156864,0.5287275632863868
real_data6_testing,category_flip,bone-marrow,1,RandomForestClassifier,0.8617908280799962,-0.0625,-0.2995488847111045,0.49999999999999994,0.43679180735197587,0.627450980392157,0.5608668292491822
real_data6_testing,category_flip,bone-marrow,2,DecisionTreeClassifier,0.9679569407003157,0.3125,-0.9734234336661429,0.338235294117647,0.6853723862051606,0.46813725490196084,0.763155063890358
real_data6_testing,category_flip,bone-marrow,2,RandomForestClassifier,0.9059133764746915,0.125,-0.3471818545908405,0.48529411764705876,0.4789603469660345,0.625,0.525996470849412
real_data6_testing,category_flip,bone-marrow,3,DecisionTreeClassifier,0.9485856595848633,0.0625,-3.5668074039243765,0.4264705882352941,0.6684644281816838,0.536764705882353,0.5701126487891193
real_data6_testing,category_flip,bone-marrow,3,RandomForestClassifier,0.9755077458619975,0.0,-0.04463027797079144,0.588235294117647,0.7238828339098295,0.7769607843137256,0.6227839154309742
real_data6_testing,category_flip,bone-marrow,4,DecisionTreeClassifier,0.9686857047301191,0.1875,-1.8063721632093697,0.3823529411764705,0.6856770198145455,0.5073529411764706,0.5477036852036852
real_data6_testing,category_flip,bone-marrow,4,RandomForestClassifier,0.9595454722838889,0.1875,-0.758628783829536,0.4264705882352941,0.6213242699014714,0.6323529411764707,0.6433838220602928
real_data6_testing,category_flip,lung,0,DecisionTreeClassifier,0.867273568787807,0.0,0.5796188629781643,0.3676470588235294,0.3131543392952954,0.5245098039215687,0.6423830254712608
real_data6_testing,category_flip,lung,0,RandomForestClassifier,0.9959070460245434,0.5,0.9699169802902963,0.8382352941176471,0.9056650114304602,0.948529411764706,0.8462681109739935
real_data6_testing,category_flip,lung,1,DecisionTreeClassifier,0.9089728545114305,0.0625,0.5365371402274017,0.2205882352941176,0.3564454006733342,0.3774509803921569,0.7029748845925317
real_data6_testing,category_flip,lung,1,RandomForestClassifier,0.9959501298775619,0.5,0.8169030680295676,0.8676470588235293,0.9273544492420346,0.9460784313725492,0.8744310428133959
real_data6_testing,category_flip,lung,2,DecisionTreeClassifier,0.975111541063107,0.25,0.815761390556567,0.6323529411764706,0.7077992717659911,0.806372549019608,0.7979933465227583
real_data6_testing,category_flip,lung,2,RandomForestClassifier,0.9956693286800402,0.375,0.9601983931880059,0.8823529411764705,0.9065578778319312,0.9730392156862747,0.7625708441884912
real_data6_testing,category_flip,lung,3,DecisionTreeClassifier,0.9791192772750718,0.1875,0.889183631675465,0.5441176470588235,0.7497124840210732,0.6838235294117648,0.7048246687952571
real_data6_testing,category_flip,lung,3,RandomForestClassifier,0.9943072377182711,0.3125,0.931223195789288,0.8676470588235293,0.8936710428161325,0.965686274509804,0.7583691635162223
real_data6_testing,category_flip,lung,4,DecisionTreeClassifier,0.958247144017088,0.1875,0.8225935102267118,0.588235294117647,0.6438111517040761,0.7549019607843138,0.6829468733880498
real_data6_testing,category_flip,lung,4,RandomForestClassifier,0.9956214026424505,0.3125,0.9262655289456114,0.8823529411764705,0.9150653965264244,0.9632352941176472,0.7823011139187611
real_data6_testing,category_flip,pleura,0,DecisionTreeClassifier,0.9139238459696135,0.1875,0.6450065069256264,0.5147058823529411,0.49206163139519243,0.6568627450980393,0.8053965642200938
real_data6_testing,category_flip,pleura,0,RandomForestClassifier,0.9923170566666907,0.375,0.9864789939919376,0.8529411764705882,0.8696395388302132,0.9607843137254902,0.8044787728611259
real_data6_testing,category_flip,pleura,1,DecisionTreeClassifier,0.9581145309101909,0.25,0.16241354166434596,0.4264705882352941,0.5866133192000811,0.590686274509804,0.7259497855086091
real_data6_testing,category_flip,pleura,1,RandomForestClassifier,0.9883148516835841,0.5,0.9759398064518736,0.8529411764705882,0.8576286275880606,0.9460784313725492,0.8064784072137015
real_data6_testing,category_flip,pleura,2,DecisionTreeClassifier,0.9630803637573284,0.0625,0.7725099064446632,0.5294117647058822,0.6416867428303439,0.6813725490196079,0.7149808524808526
real_data6_testing,category_flip,pleura,2,RandomForestClassifier,0.9974541124123549,0.4375,0.9480885891539401,0.926470588235294,0.9445499558720479,0.985294117647059,0.7678271891507187
real_data6_testing,category_flip,pleura,3,DecisionTreeClassifier,0.9626970603976572,0.1875,0.7148037309292588,0.6029411764705882,0.6328463216688879,0.7794117647058825,0.7057831874008345
real_data6_testing,category_flip,pleura,3,RandomForestClassifier,0.9909323385197049,0.4375,0.9523074952301824,0.8088235294117646,0.8622391149726487,0.9215686274509804,0.7515064184181833
real_data6_testing,category_flip,pleura,4,DecisionTreeClassifier,0.965713254890128,0.0,0.6929087910674585,0.6176470588235293,0.6638739963954915,0.7990196078431374,0.6590511612570437
real_data6_testing,category_flip,pleura,4,RandomForestClassifier,0.9835221500850714,0.25,0.9812170802898411,0.764705882352941,0.814210672987042,0.911764705882353,0.8076243201243202
real_data6_testing,category_flip,peritoneum,0,DecisionTreeClassifier,0.8687573532177651,0.125,0.4182192853563508,0.4705882352941176,0.30677168329492266,0.6421568627450981,0.6513211461740874
real_data6_testing,category_flip,peritoneum,0,RandomForestClassifier,0.9893747516773914,0.6875,0.940520488081915,0.8382352941176471,0.8693989635999979,0.9436274509803922,0.9576542738307443
real_data6_testing,category_flip,peritoneum,1,DecisionTreeClassifier,0.9442357906121133,0.125,0.3503485882168794,0.3529411764705882,0.48182021627098315,0.5759803921568628,0.6749789426260014
real_data6_testing,category_flip,peritoneum,1,RandomForestClassifier,0.9725959953941176,0.1875,0.9609372110394917,0.764705882352941,0.7466979820926866,0.9166666666666667,0.6891836105071399
real_data6_testing,category_flip,peritoneum,2,DecisionTreeClassifier,0.9352609999534974,0.125,0.5840579403971167,0.3235294117647059,0.5046844942185418,0.46813725490196084,0.694524837907191
real_data6_testing,category_flip,peritoneum,2,RandomForestClassifier,0.9719920780759794,0.3125,0.9630547089932976,0.7941176470588235,0.7517959482108953,0.931372549019608,0.8019987365575602
real_data6_testing,category_flip,peritoneum,3,DecisionTreeClassifier,0.9600066402732159,0.0,0.8604535865720493,0.5147058823529411,0.590418653579333,0.732843137254902,0.6610323500029383
real_data6_testing,category_flip,peritoneum,3,RandomForestClassifier,0.978971789130805,0.375,0.9390744658982102,0.8235294117647057,0.7827532555650897,0.9240196078431374,0.8064784072137015
real_data6_testing,category_flip,peritoneum,4,DecisionTreeClassifier,0.9587552325451526,0.0625,0.7395302731721323,0.5441176470588235,0.6419408822477164,0.6862745098039217,0.5954154505625094
real_data6_testing,category_flip,peritoneum,4,RandomForestClassifier,0.9774305870748632,0.25,0.9576378619486627,0.8382352941176471,0.8292834599636568,0.948529411764706,0.6984988051164523
real_data6_testing,category_flip,liver,0,DecisionTreeClassifier,0.9564222794214485,0.125,0.6267382880242287,0.49999999999999994,0.5281095933168974,0.6862745098039217,0.6473200002611769
real_data6_testing,category_flip,liver,0,RandomForestClassifier,0.9929953472883739,0.4375,0.9459098985453632,0.8823529411764705,0.9005175284654539,0.9632352941176472,0.8341299223652165
real_data6_testing,category_flip,liver,1,DecisionTreeClassifier,0.9500215353939204,0.0625,0.7001229670325403,0.5588235294117646,0.542982421988038,0.7818627450980392,0.6345844514962162
real_data6_testing,category_flip,liver,1,RandomForestClassifier,0.9890322328747764,0.1875,0.938547859761882,0.764705882352941,0.8331859119059761,0.8946078431372549,0.7246330466918702
real_data6_testing,category_flip,liver,2,DecisionTreeClassifier,0.9531266679072711,0.1875,0.8334465731387437,0.4411764705882352,0.5548440011102405,0.6127450980392157,0.7390785684903333
real_data6_testing,category_flip,liver,2,RandomForestClassifier,0.9950501907332334,0.4375,0.9734514569823713,0.8676470588235293,0.915022586136474,0.9411764705882353,0.8655279361161715
real_data6_testing,category_flip,liver,3,DecisionTreeClassifier,0.9543275497509743,0.1875,0.6198435122225004,0.5588235294117646,0.561044448224765,0.7083333333333334,0.7625744353685532
real_data6_testing,category_flip,liver,3,RandomForestClassifier,0.9954829604066346,0.375,0.8739785661317434,0.8235294117647057,0.8965370194163702,0.9411764705882353,0.8471996957291076
real_data6_testing,category_flip,liver,4,DecisionTreeClassifier,0.9524486140218115,-0.0625,0.6238896577975201,0.588235294117647,0.6201560012626767,0.7745098039215688,0.4900268848798261
real_data6_testing,category_flip,liver,4,RandomForestClassifier,0.9862814057009015,0.375,0.9200715828059879,0.7941176470588235,0.8208217771283683,0.9191176470588237,0.8328248548836783
real_data6_testing,category_flip,brain,0,DecisionTreeClassifier,0.8170676075597524,-0.0625,-0.26706925925430225,-0.02941176470588235,-0.029360433537167642,-0.004901960784313726,0.4573435551376728
real_data6_testing,category_flip,brain,0,RandomForestClassifier,0.9634054152452729,0.0625,0.8950967527989663,0.7058823529411764,0.7417056804881887,0.8627450980392157,0.6546393965511612
real_data6_testing,category_flip,brain,1,DecisionTreeClassifier,0.9513828004185829,0.0,-0.2624891361339252,0.39705882352941174,0.6022871423394063,0.5049019607843138,0.5095413573354749
real_data6_testing,category_flip,brain,1,RandomForestClassifier,0.9318386207162493,0.1875,0.4785664779886005,0.6470588235294118,0.6490333637596669,0.7794117647058825,0.7924749270337507
real_data6_testing,category_flip,brain,2,DecisionTreeClassifier,0.9262987254380236,0.1875,0.25661392314749276,0.5147058823529411,0.5183174603769716,0.6519607843137255,0.7700617193264252
real_data6_testing,category_flip,brain,2,RandomForestClassifier,0.9490940488578495,0.0625,0.7575606713568764,0.6176470588235293,0.6130331538276943,0.7990196078431374,0.7382025654084479
real_data6_testing,category_flip,brain,3,DecisionTreeClassifier,0.9519918565124156,0.125,-0.10449685470504866,0.39705882352941174,0.583879454757287,0.49754901960784315,0.7114539871892814
real_data6_testing,category_flip,brain,3,RandomForestClassifier,0.9536950176569559,0.0625,0.7135664546970989,0.6029411764705882,0.6740093940345766,0.7573529411764707,0.7233856829445066
real_data6_testing,category_flip,brain,4,DecisionTreeClassifier,0.9593801751818575,0.0625,-2.26500514569909,0.4411764705882352,0.5527085626213881,0.5588235294117647,0.6390195588725001
real_data6_testing,category_flip,brain,4,RandomForestClassifier,0.9146803642052191,0.1875,0.7858257909615941,0.6617647058823529,0.6223622891227167,0.7892156862745099,0.6997090327972681
real_data6_testing,category_flip,skin,0,DecisionTreeClassifier,0.8689200585405598,0.0625,-1.4813900009042062,0.014705882352941175,0.02146660755176598,0.04166666666666667,0.5952775166010459
real_data6_testing,category_flip,skin,0,RandomForestClassifier,0.988610838100487,0.25,0.6841707604747946,0.7205882352941176,0.8281176205987046,0.8848039215686275,0.6621557364204423
real_data6_testing,category_flip,skin,1,DecisionTreeClassifier,0.9243325056129197,-0.0625,-0.6287773716074618,0.2352941176470588,0.36394536246936954,0.41421568627450983,0.473566711066711
real_data6_testing,category_flip,skin,1,RandomForestClassifier,0.9580207610658014,0.0625,0.7445545218801165,0.4705882352941176,0.5814259756776476,0.6568627450980393,0.593573501661737
real_data6_testing,category_flip,skin,2,DecisionTreeClassifier,0.8810555476054704,0.0,-0.6322718321213983,0.2941176470588235,0.29905060418858315,0.3970588235294118,0.5224908261672967
real_data6_testing,category_flip,skin,2,RandomForestClassifier,0.9650945210344695,0.25,0.6761473963796947,0.45588235294117646,0.6405798244791217,0.625,0.6416806232982704
real_data6_testing,category_flip,skin,3,DecisionTreeClassifier,0.9616868385057621,0.25,0.3510432324646535,0.4705882352941176,0.6451149272547867,0.573529411764706,0.5410234373469668
real_data6_testing,category_flip,skin,3,RandomForestClassifier,0.9817319480389475,0.3125,0.7053174748172399,0.6029411764705882,0.7577011095261871,0.8039215686274511,0.7479859193094488
real_data6_testing,category_flip,skin,4,DecisionTreeClassifier,0.9745273578335198,0.125,0.3505116679859006,0.6176470588235293,0.6957438490489694,0.8137254901960784,0.52089397530574
real_data6_testing,category_flip,skin,4,RandomForestClassifier,0.9574948280770216,0.1875,0.7338084408701344,0.5441176470588235,0.6091407111461586,0.7377450980392158,0.6901304577775168
real_data6_testing,category_flip,neck,0,DecisionTreeClassifier,0.8380029974150423,0.125,0.32453730047354057,0.20588235294117643,0.1130540888884766,0.26715686274509803,0.6554082355552945
real_data6_testing,category_flip,neck,0,RandomForestClassifier,0.9850627346979269,0.3125,0.8428054567784142,0.7941176470588235,0.8239241437263525,0.9166666666666667,0.7464665236724061
real_data6_testing,category_flip,neck,1,DecisionTreeClassifier,0.8706175411541667,0.0,0.427643781598977,0.2647058823529411,0.1473311175943423,0.29656862745098045,0.7084406606465431
real_data6_testing,category_flip,neck,1,RandomForestClassifier,0.9881166286491296,0.375,0.8047479645738775,0.7352941176470588,0.843797543617953,0.8602941176470589,0.7851920138684846
real_data6_testing,category_flip,neck,2,DecisionTreeClassifier,0.8976563096930587,0.0625,0.6366801468012679,0.3823529411764705,0.33246948968496515,0.49754901960784315,0.6287020985550398
real_data6_testing,category_flip,neck,2,RandomForestClassifier,0.9755071318413074,0.125,0.8543836056763343,0.7352941176470588,0.7775791988951318,0.8676470588235294,0.6623855719443954
real_data6_testing,category_flip,neck,3,DecisionTreeClassifier,0.8774795923435995,0.0625,0.8560229810483616,0.3823529411764705,0.28838073812575094,0.5049019607843138,0.7026283357165711
real_data6_testing,category_flip,neck,3,RandomForestClassifier,0.9818415094773042,0.25,0.9433636123428687,0.7352941176470588,0.7801190803342292,0.8823529411764707,0.7066920824273766
real_data6_testing,category_flip,neck,4,DecisionTreeClassifier,0.9399104580990701,0.25,0.6953915591553979,0.49999999999999994,0.5286263938900424,0.6568627450980393,0.7630500218735513
real_data6_testing,category_flip,neck,4,RandomForestClassifier,0.9849541917853996,0.25,0.9278248830562269,0.7352941176470588,0.8078438250635236,0.8578431372549021,0.7342116217116219
real_data6_testing,category_flip,supraclavicular,0,DecisionTreeClassifier,0.9797455847244215,0.125,0.24843614073482,0.6176470588235293,0.7635513333622671,0.7549019607843138,0.6327403805344982
real_data6_testing,category_flip,supraclavicular,0,RandomForestClassifier,0.9916317931052394,0.1875,0.7965930121172281,0.7794117647058824,0.8709760146611156,0.9068627450980394,0.6664259759847996
real_data6_testing,category_flip,supraclavicular,1,DecisionTreeClassifier,0.9588006478584941,0.125,0.5141725971808685,0.5441176470588235,0.60624856423687,0.7156862745098039,0.6015093566564155
real_data6_testing,category_flip,supraclavicular,1,RandomForestClassifier,0.9895813508478223,0.375,0.8976663269654055,0.7205882352941176,0.841668369630145,0.875,0.6842831188419425
real_data6_testing,category_flip,supraclavicular,2,DecisionTreeClassifier,0.9425108768777569,0.0625,0.391420195631454,0.41176470588235287,0.48868692213982157,0.5294117647058825,0.6254305335187688
real_data6_testing,category_flip,supraclavicular,2,RandomForestClassifier,0.9912117220023916,0.4375,0.8470160684243019,0.7499999999999999,0.8563405088407414,0.8897058823529412,0.7421612701024467
real_data6_testing,category_flip,supraclavicular,3,DecisionTreeClassifier,0.9523249944366832,0.125,0.08562277340245306,0.5294117647058822,0.6015279497714205,0.7205882352941178,0.5651648188412894
real_data6_testing,category_flip,supraclavicular,3,RandomForestClassifier,0.9949022075412117,0.4375,0.9392694093996827,0.8529411764705882,0.9147321410880485,0.9362745098039217,0.7712097542979898
real_data6_testing,category_flip,supraclavicular,4,DecisionTreeClassifier,0.9416297467708121,0.0625,-0.06078329229335755,0.6176470588235293,0.5969442377897342,0.7745098039215688,0.5532812775459834
real_data6_testing,category_flip,supraclavicular,4,RandomForestClassifier,0.9842468314091948,0.4375,0.8945618780130911,0.7352941176470588,0.8208296433484299,0.8725490196078433,0.7368508125861067
real_data6_testing,category_flip,axillar,0,DecisionTreeClassifier,0.8961948610750792,0.0,0.9330718686292924,0.14705882352941174,0.14736996966201804,0.23529411764705882,0.5577170378640968
real_data6_testing,category_flip,axillar,0,RandomForestClassifier,0.9559391116621524,0.1875,0.9433779338189018,0.5294117647058822,0.586837456047347,0.6666666666666667,0.7867340992340993
real_data6_testing,category_flip,axillar,1,DecisionTreeClassifier,0.883150412944094,0.125,0.9439468691908919,0.2647058823529411,0.14954525684371225,0.33333333333333337,0.6944386495857086
real_data6_testing,category_flip,axillar,1,RandomForestClassifier,0.9627507094039397,0.0625,0.9704926067674603,0.588235294117647,0.6435486922462539,0.7769607843137256,0.6773234118822354
real_data6_testing,category_flip,axillar,2,DecisionTreeClassifier,0.7631482590289058,0.0,0.8802760434500752,-0.0588235294117647,-0.279345390726066,-0.07598039215686275,0.568715026803262
real_data6_testing,category_flip,axillar,2,RandomForestClassifier,0.921601809208788,0.25,0.9563624184541774,0.5147058823529411,0.5693252584231259,0.5833333333333334,0.6716992974345916
real_data6_testing,category_flip,axillar,3,DecisionTreeClassifier,0.9072840110363102,0.1875,0.9263832658565156,0.3235294117647059,0.3425203506706327,0.48774509803921573,0.7227015631427396
real_data6_testing,category_flip,axillar,3,RandomForestClassifier,0.9566331084554675,0.125,0.9662658651580858,0.5294117647058822,0.6219443205452166,0.678921568627451,0.752533495915849
real_data6_testing,category_flip,axillar,4,DecisionTreeClassifier,0.8063839093193227,0.0,0.8485057174661002,0.07352941176470587,0.0155020180117219,0.13480392156862747,0.6437850548144668
real_data6_testing,category_flip,axillar,4,RandomForestClassifier,0.9672276016961798,0.125,0.9503060696997266,0.5735294117647058,0.6615665718441099,0.7254901960784315,0.7037509059567885
real_data6_testing,category_flip,mediastinum,0,DecisionTreeClassifier,0.9644449891528779,0.25,0.8693853580087559,0.5588235294117646,0.6611302991776205,0.7156862745098039,0.6624541308364837
real_data6_testing,category_flip,mediastinum,0,RandomForestClassifier,0.9755028636090124,0.125,0.9236463821918288,0.5588235294117646,0.7452233683780753,0.6887254901960785,0.6429432495608964
real_data6_testing,category_flip,mediastinum,1,DecisionTreeClassifier,0.9725252276918434,0.1875,0.8156539081208738,0.4705882352941176,0.7056931669812483,0.6127450980392157,0.693830923977983
real_data6_testing,category_flip,mediastinum,1,RandomForestClassifier,0.9920442908591851,0.375,0.9772201010046472,0.7941176470588235,0.877081436828807,0.9142156862745098,0.6697370440017498
real_data6_testing,category_flip,mediastinum,2,DecisionTreeClassifier,0.9726364630044255,0.1875,0.8163881785746884,0.45588235294117646,0.6902344309767428,0.6102941176470589,0.6895840270840271
real_data6_testing,category_flip,mediastinum,2,RandomForestClassifier,0.9825484571741865,0.3125,0.9634111429597302,0.6323529411764706,0.8044224983693908,0.7573529411764707,0.6834625341978282
real_data6_testing,category_flip,mediastinum,3,DecisionTreeClassifier,0.9404125116411929,0.25,0.806375266439014,0.49999999999999994,0.5620977149212086,0.6593137254901962,0.7416331217801806
real_data6_testing,category_flip,mediastinum,3,RandomForestClassifier,0.9871356317045962,0.125,0.9677987771620467,0.7352941176470588,0.8269237956431487,0.8725490196078433,0.6945326732091439
real_data6_testing,category_flip,mediastinum,4,DecisionTreeClassifier,0.8977050246304067,0.0625,0.6606891456118738,0.2647058823529411,0.3814172457157754,0.3651960784313726,0.6836295240707005
real_data6_testing,category_flip,mediastinum,4,RandomForestClassifier,0.9894616360441141,0.4375,0.9573990369383084,0.7941176470588235,0.8506495759609074,0.9142156862745098,0.7919730596201184
real_data6_testing,category_flip,abdominal,0,DecisionTreeClassifier,0.9648017309339906,0.125,0.7045939836451053,0.588235294117647,0.641096801537973,0.7549019607843138,0.5645600314717962
real_data6_testing,category_flip,abdominal,0,RandomForestClassifier,0.990737515405721,0.3125,0.8637811044387891,0.7941176470588235,0.8609204894103475,0.9166666666666667,0.7680970989794521
real_data6_testing,category_flip,abdominal,1,DecisionTreeClassifier,0.9572037808411328,0.0,0.3428441064857555,0.48529411764705876,0.5918842665229122,0.6495098039215687,0.6441280125103656
real_data6_testing,category_flip,abdominal,1,RandomForestClassifier,0.9954825824713933,0.375,0.8648262109226448,0.8676470588235293,0.9091880191037858,0.9607843137254902,0.8330714220420105
real_data6_testing,category_flip,abdominal,2,DecisionTreeClassifier,0.9231126957046586,0.0,0.2501295069439623,0.39705882352941174,0.45848163076257265,0.5392156862745099,0.4654317904317904
real_data6_testing,category_flip,abdominal,2,RandomForestClassifier,0.996239941341294,0.5,0.7474494554133088,0.8970588235294118,0.9309720028295612,0.9632352941176472,0.8471419919949332
real_data6_testing,category_flip,abdominal,3,DecisionTreeClassifier,0.9363661260637746,0.1875,0.7141731145615864,0.5588235294117646,0.5756806599879651,0.7009803921568628,0.6750591728532904
real_data6_testing,category_flip,abdominal,3,RandomForestClassifier,0.9902179327262475,0.375,0.8790484827641795,0.7499999999999999,0.8432392941160223,0.8872549019607844,0.7804301091065797
real_data6_testing,category_flip,abdominal,4,DecisionTreeClassifier,0.979442229767219,0.0625,0.8025293465345359,0.6617647058823529,0.7539877998367575,0.8259803921568629,0.6471880243939068
real_data6_testing,category_flip,abdominal,4,RandomForestClassifier,0.9968141852412482,0.375,0.8675981720791717,0.8676470588235293,0.9137272314751882,0.9681372549019608,0.8046050354873886
real_data6_testing,correlation_mix,class,0,DecisionTreeClassifier,1.0,1.0,1.0,0.9999999999999999,1.0,1.0,1.0
real_data6_testing,correlation_mix,class,0,RandomForestClassifier,1.0,1.0,1.0,0.9999999999999999,1.0,1.0,1.0
real_data6_testing,correlation_mix,class,1,DecisionTreeClassifier,1.0,1.0,1.0,0.9999999999999999,1.0,1.0,1.0
real_data6_testing,correlation_mix,class,1,RandomForestClassifier,1.0,1.0,1.0,0.9999999999999999,1.0,1.0,1.0
real_data6_testing,correlation_mix,class,2,DecisionTreeClassifier,1.0,1.0,1.0,0.9999999999999999,1.0,1.0,1.0
real_data6_testing,correlation_mix,class,2,RandomForestClassifier,1.0,1.0,1.0,0.9999999999999999,1.0,1.0,1.0
real_data6_testing,correlation_mix,class,3,DecisionTreeClassifier,1.0,1.0,1.0,0.9999999999999999,1.0,1.0,1.0
real_data6_testing,correlation_mix,class,3,RandomForestClassifier,1.0,1.0,1.0,0.9999999999999999,1.0,1.0,1.0
real_data6_testing,correlation_mix,class,4,DecisionTreeClassifier,1.0,1.0,1.0,0.9999999999999999,1.0,1.0,1.0
real_data6_testing,correlation_mix,class,4,RandomForestClassifier,1.0,1.0,1.0,0.9999999999999999,1.0,1.0,1.0
real_data6_testing,correlation_mix,age,0,DecisionTreeClassifier,1.0,1.0,1.0,0.9999999999999999,1.0,1.0,1.0
real_data6_testing,correlation_mix,age,0,RandomForestClassifier,1.0,1.0,1.0,0.9999999999999999,1.0,1.0,1.0
real_data6_testing,correlation_mix,age,1,DecisionTreeClassifier,1.0,1.0,1.0,0.9999999999999999,1.0,1.0,1.0
real_data6_testing,correlation_mix,age,1,RandomForestClassifier,1.0,1.0,1.0,0.9999999999999999,1.0,1.0,1.0
real_data6_testing,correlation_mix,age,2,DecisionTreeClassifier,1.0,1.0,1.0,0.9999999999999999,1.0,1.0,1.0
real_data6_testing,correlation_mix,age,2,RandomForestClassifier,1.0,1.0,1.0,0.9999999999999999,1.0,1.0,1.0
real_data6_testing,correlation_mix,age,3,DecisionTreeClassifier,1.0,1.0,1.0,0.9999999999999999,1.0,1.0,1.0
real_data6_testing,correlation_mix,age,3,RandomForestClassifier,1.0,1.0,1.0,0.9999999999999999,1.0,1.0,1.0
real_data6_testing,correlation_mix,age,4,DecisionTreeClassifier,1.0,1.0,1.0,0.9999999999999999,1.0,1.0,1.0
real_data6_testing,correlation_mix,age,4,RandomForestClassifier,1.0,1.0,1.0,0.9999999999999999,1.0,1.0,1.0
real_data6_testing,correlation_mix,sex,0,DecisionTreeClassifier,1.0,1.0,1.0,0.9999999999999999,1.0,1.0,1.0
real_data6_testing,correlation_mix,sex,0,RandomForestClassifier,1.0,1.0,1.0,0.9999999999999999,1.0,1.0,1.0
real_data6_testing,correlation_mix,sex,1,DecisionTreeClassifier,1.0,1.0,1.0,0.9999999999999999,1.0,1.0,1.0
real_data6_testing,correlation_mix,sex,1,RandomForestClassifier,1.0,1.0,1.0,0.9999999999999999,1.0,1.0,1.0
real_data6_testing,correlation_mix,sex,2,DecisionTreeClassifier,1.0,1.0,1.0,0.9999999999999999,1.0,1.0,1.0
real_data6_testing,correlation_mix,sex,2,RandomForestClassifier,1.0,1.0,1.0,0.9999999999999999,1.0,1.0,1.0
real_data6_testing,correlation_mix,sex,3,DecisionTreeClassifier,1.0,1.0,1.0,0.9999999999999999,1.0,1.0,1.0
real_data6_testing,correlation_mix,sex,3,RandomForestClassifier,1.0,1.0,1.0,0.9999999999999999,1.0,1.0,1.0
real_data6_testing,correlation_mix,sex,4,DecisionTreeClassifier,1.0,1.0,1.0,0.9999999999999999,1.0,1.0,1.0
real_data6_testing,correlation_mix,sex,4,RandomForestClassifier,1.0,1.0,1.0,0.9999999999999999,1.0,1.0,1.0
real_data6_testing,correlation_mix,histologic-type,0,DecisionTreeClassifier,1.0,1.0,1.0,0.9999999999999999,1.0,1.0,1.0
real_data6_testing,correlation_mix,histologic-type,0,RandomForestClassifier,1.0,1.0,1.0,0.9999999999999999,1.0,1.0,1.0
real_data6_testing,correlation_mix,histologic-type,1,DecisionTreeClassifier,1.0,1.0,1.0,0.9999999999999999,1.0,1.0,1.0
real_data6_testing,correlation_mix,histologic-type,1,RandomForestClassifier,1.0,1.0,1.0,0.9999999999999999,1.0,1.0,1.0
real_data6_testing,correlation_mix,histologic-type,2,DecisionTreeClassifier,1.0,1.0,1.0,0.9999999999999999,1.0,1.0,1.0
real_data6_testing,correlation_mix,histologic-type,2,RandomForestClassifier,1.0,1.0,1.0,0.9999999999999999,1.0,1.0,1.0
real_data6_testing,correlation_mix,histologic-type,3,DecisionTreeClassifier,1.0,1.0,1.0,0.9999999999999999,1.0,1.0,1.0
real_data6_testing,correlation_mix,histologic-type,3,RandomForestClassifier,1.0,1.0,1.0,0.9999999999999999,1.0,1.0,1.0
real_data6_testing,correlation_mix,histologic-type,4,DecisionTreeClassifier,1.0,1.0,1.0,0.9999999999999999,1.0,1.0,1.0
real_data6_testing,correlation_mix,histologic-type,4,RandomForestClassifier,1.0,1.0,1.0,0.9999999999999999,1.0,1.0,1.0
real_data6_testing,correlation_mix,degree-of-diffe,0,DecisionTreeClassifier,1.0,1.0,1.0,0.9999999999999999,1.0,1.0,1.0
real_data6_testing,correlation_mix,degree-of-diffe,0,RandomForestClassifier,1.0,1.0,1.0,0.9999999999999999,1.0,1.0,1.0
real_data6_testing,correlation_mix,degree-of-diffe,1,DecisionTreeClassifier,1.0,1.0,1.0,0.9999999999999999,1.0,1.0,1.0
real_data6_testing,correlation_mix,degree-of-diffe,1,RandomForestClassifier,1.0,1.0,1.0,0.9999999999999999,1.0,1.0,1.0
real_data6_testing,correlation_mix,degree-of-diffe,2,DecisionTreeClassifier,1.0,1.0,1.0,0.9999999999999999,1.0,1.0,1.0
real_data6_testing,correlation_mix,degree-of-diffe,2,RandomForestClassifier,1.0,1.0,1.0,0.9999999999999999,1.0,1.0,1.0
real_data6_testing,correlation_mix,degree-of-diffe,3,DecisionTreeClassifier,1.0,1.0,1.0,0.9999999999999999,1.0,1.0,1.0
real_data6_testing,correlation_mix,degree-of-diffe,3,RandomForestClassifier,1.0,1.0,1.0,0.9999999999999999,1.0,1.0,1.0
real_data6_testing,correlation_mix,degree-of-diffe,4,DecisionTreeClassifier,1.0,1.0,1.0,0.9999999999999999,1.0,1.0,1.0
real_data6_testing,correlation_mix,degree-of-diffe,4,RandomForestClassifier,1.0,1.0,1.0,0.9999999999999999,1.0,1.0,1.0
real_data6_testing,correlation_mix,bone,0,DecisionTreeClassifier,1.0,1.0,1.0,0.9999999999999999,1.0,1.0,1.0
real_data6_testing,correlation_mix,bone,0,RandomForestClassifier,1.0,1.0,1.0,0.9999999999999999,1.0,1.0,1.0
real_data6_testing,correlation_mix,bone,1,DecisionTreeClassifier,1.0,1.0,1.0,0.9999999999999999,1.0,1.0,1.0
real_data6_testing,correlation_mix,bone,1,RandomForestClassifier,1.0,1.0,1.0,0.9999999999999999,1.0,1.0,1.0
real_data6_testing,correlation_mix,bone,2,DecisionTreeClassifier,1.0,1.0,1.0,0.9999999999999999,1.0,1.0,1.0
real_data6_testing,correlation_mix,bone,2,RandomForestClassifier,1.0,1.0,1.0,0.9999999999999999,1.0,1.0,1.0
real_data6_testing,correlation_mix,bone,3,DecisionTreeClassifier,1.0,1.0,1.0,0.9999999999999999,1.0,1.0,1.0
real_data6_testing,correlation_mix,bone,3,RandomForestClassifier,1.0,1.0,1.0,0.9999999999999999,1.0,1.0,1.0
real_data6_testing,correlation_mix,bone,4,DecisionTreeClassifier,1.0,1.0,1.0,0.9999999999999999,1.0,1.0,1.0
real_data6_testing,correlation_mix,bone,4,RandomForestClassifier,1.0,1.0,1.0,0.9999999999999999,1.0,1.0,1.0
real_data6_testing,correlation_mix,bone-marrow,0,DecisionTreeClassifier,1.0,1.0,1.0,0.9999999999999999,1.0,1.0,1.0
real_data6_testing,correlation_mix,bone-marrow,0,RandomForestClassifier,1.0,1.0,1.0,0.9999999999999999,1.0,1.0,1.0
real_data6_testing,correlation_mix,bone-marrow,1,DecisionTreeClassifier,1.0,1.0,1.0,0.9999999999999999,1.0,1.0,1.0
real_data6_testing,correlation_mix,bone-marrow,1,RandomForestClassifier,1.0,1.0,1.0,0.9999999999999999,1.0,1.0,1.0
real_data6_testing,correlation_mix,bone-marrow,2,DecisionTreeClassifier,1.0,1.0,1.0,0.9999999999999999,1.0,1.0,1.0
real_data6_testing,correlation_mix,bone-marrow,2,RandomForestClassifier,1.0,1.0,1.0,0.9999999999999999,1.0,1.0,1.0
real_data6_testing,correlation_mix,bone-marrow,3,DecisionTreeClassifier,1.0,1.0,1.0,0.9999999999999999,1.0,1.0,1.0
real_data6_testing,correlation_mix,bone-marrow,3,RandomForestClassifier,1.0,1.0,1.0,0.9999999999999999,1.0,1.0,1.0
real_data6_testing,correlation_mix,bone-marrow,4,DecisionTreeClassifier,1.0,1.0,1.0,0.9999999999999999,1.0,1.0,1.0
real_data6_testing,correlation_mix,bone-marrow,4,RandomForestClassifier,1.0,1.0,1.0,0.9999999999999999,1.0,1.0,1.0
real_data6_testing,correlation_mix,lung,0,DecisionTreeClassifier,1.0,1.0,1.0,0.9999999999999999,1.0,1.0,1.0
real_data6_testing,correlation_mix,lung,0,RandomForestClassifier,1.0,1.0,1.0,0.9999999999999999,1.0,1.0,1.0
real_data6_testing,correlation_mix,lung,1,DecisionTreeClassifier,1.0,1.0,1.0,0.9999999999999999,1.0,1.0,1.0
real_data6_testing,correlation_mix,lung,1,RandomForestClassifier,1.0,1.0,1.0,0.9999999999999999,1.0,1.0,1.0
real_data6_testing,correlation_mix,lung,2,DecisionTreeClassifier,1.0,1.0,1.0,0.9999999999999999,1.0,1.0,1.0
real_data6_testing,correlation_mix,lung,2,RandomForestClassifier,1.0,1.0,1.0,0.9999999999999999,1.0,1.0,1.0
real_data6_testing,correlation_mix,lung,3,DecisionTreeClassifier,1.0,1.0,1.0,0.9999999999999999,1.0,1.0,1.0
real_data6_testing,correlation_mix,lung,3,RandomForestClassifier,1.0,1.0,1.0,0.9999999999999999,1.0,1.0,1.0
real_data6_testing,correlation_mix,lung,4,DecisionTreeClassifier,1.0,1.0,1.0,0.9999999999999999,1.0,1.0,1.0
real_data6_testing,correlation_mix,lung,4,RandomForestClassifier,1.0,1.0,1.0,0.9999999999999999,1.0,1.0,1.0
real_data6_testing,correlation_mix,pleura,0,DecisionTreeClassifier,1.0,1.0,1.0,0.9999999999999999,1.0,1.0,1.0
real_data6_testing,correlation_mix,pleura,0,RandomForestClassifier,1.0,1.0,1.0,0.9999999999999999,1.0,1.0,1.0
real_data6_testing,correlation_mix,pleura,1,DecisionTreeClassifier,1.0,1.0,1.0,0.9999999999999999,1.0,1.0,1.0
real_data6_testing,correlation_mix,pleura,1,RandomForestClassifier,1.0,1.0,1.0,0.9999999999999999,1.0,1.0,1.0
real_data6_testing,correlation_mix,pleura,2,DecisionTreeClassifier,1.0,1.0,1.0,0.9999999999999999,1.0,1.0,1.0
real_data6_testing,correlation_mix,pleura,2,RandomForestClassifier,1.0,1.0,1.0,0.9999999999999999,1.0,1.0,1.0
real_data6_testing,correlation_mix,pleura,3,DecisionTreeClassifier,1.0,1.0,1.0,0.9999999999999999,1.0,1.0,1.0
real_data6_testing,correlation_mix,pleura,3,RandomForestClassifier,1.0,1.0,1.0,0.9999999999999999,1.0,1.0,1.0
real_data6_testing,correlation_mix,pleura,4,DecisionTreeClassifier,1.0,1.0,1.0,0.9999999999999999,1.0,1.0,1.0
real_data6_testing,correlation_mix,pleura,4,RandomForestClassifier,1.0,1.0,1.0,0.9999999999999999,1.0,1.0,1.0
real_data6_testing,correlation_mix,peritoneum,0,DecisionTreeClassifier,1.0,1.0,1.0,0.9999999999999999,1.0,1.0,1.0
real_data6_testing,correlation_mix,peritoneum,0,RandomForestClassifier,1.0,1.0,1.0,0.9999999999999999,1.0,1.0,1.0
real_data6_testing,correlation_mix,peritoneum,1,DecisionTreeClassifier,1.0,1.0,1.0,0.9999999999999999,1.0,1.0,1.0
real_data6_testing,correlation_mix,peritoneum,1,RandomForestClassifier,1.0,1.0,1.0,0.9999999999999999,1.0,1.0,1.0
real_data6_testing,correlation_mix,peritoneum,2,DecisionTreeClassifier,1.0,1.0,1.0,0.9999999999999999,1.0,1.0,1.0
real_data6_testing,correlation_mix,peritoneum,2,RandomForestClassifier,1.0,1.0,1.0,0.9999999999999999,1.0,1.0,1.0
real_data6_testing,correlation_mix,peritoneum,3,DecisionTreeClassifier,1.0,1.0,1.0,0.9999999999999999,1.0,1.0,1.0
real_data6_testing,correlation_mix,peritoneum,3,RandomForestClassifier,1.0,1.0,1.0,0.9999999999999999,1.0,1.0,1.0
real_data6_testing,correlation_mix,peritoneum,4,DecisionTreeClassifier,1.0,1.0,1.0,0.9999999999999999,1.0,1.0,1.0
real_data6_testing,correlation_mix,peritoneum,4,RandomForestClassifier,1.0,1.0,1.0,0.9999999999999999,1.0,1.0,1.0
real_data6_testing,correlation_mix,liver,0,DecisionTreeClassifier,1.0,1.0,1.0,0.9999999999999999,1.0,1.0,1.0
real_data6_testing,correlation_mix,liver,0,RandomForestClassifier,1.0,1.0,1.0,0.9999999999999999,1.0,1.0,1.0
real_data6_testing,correlation_mix,liver,1,DecisionTreeClassifier,1.0,1.0,1.0,0.9999999999999999,1.0,1.0,1.0
real_data6_testing,correlation_mix,liver,1,RandomForestClassifier,1.0,1.0,1.0,0.9999999999999999,1.0,1.0,1.0
real_data6_testing,correlation_mix,liver,2,DecisionTreeClassifier,1.0,1.0,1.0,0.9999999999999999,1.0,1.0,1.0
real_data6_testing,correlation_mix,liver,2,RandomForestClassifier,1.0,1.0,1.0,0.9999999999999999,1.0,1.0,1.0
real_data6_testing,correlation_mix,liver,3,DecisionTreeClassifier,1.0,1.0,1.0,0.9999999999999999,1.0,1.0,1.0
real_data6_testing,correlation_mix,liver,3,RandomForestClassifier,1.0,1.0,1.0,0.9999999999999999,1.0,1.0,1.0
real_data6_testing,correlation_mix,liver,4,DecisionTreeClassifier,1.0,1.0,1.0,0.9999999999999999,1.0,1.0,1.0
real_data6_testing,correlation_mix,liver,4,RandomForestClassifier,1.0,1.0,1.0,0.9999999999999999,1.0,1.0,1.0
real_data6_testing,correlation_mix,brain,0,DecisionTreeClassifier,1.0,1.0,1.0,0.9999999999999999,1.0,1.0,1.0
real_data6_testing,correlation_mix,brain,0,RandomForestClassifier,1.0,1.0,1.0,0.9999999999999999,1.0,1.0,1.0
real_data6_testing,correlation_mix,brain,1,DecisionTreeClassifier,1.0,1.0,1.0,0.9999999999999999,1.0,1.0,1.0
real_data6_testing,correlation_mix,brain,1,RandomForestClassifier,1.0,1.0,1.0,0.9999999999999999,1.0,1.0,1.0
real_data6_testing,correlation_mix,brain,2,DecisionTreeClassifier,1.0,1.0,1.0,0.9999999999999999,1.0,1.0,1.0
real_data6_testing,correlation_mix,brain,2,RandomForestClassifier,1.0,1.0,1.0,0.9999999999999999,1.0,1.0,1.0
real_data6_testing,correlation_mix,brain,3,DecisionTreeClassifier,1.0,1.0,1.0,0.9999999999999999,1.0,1.0,1.0
real_data6_testing,correlation_mix,brain,3,RandomForestClassifier,1.0,1.0,1.0,0.9999999999999999,1.0,1.0,1.0
real_data6_testing,correlation_mix,brain,4,DecisionTreeClassifier,1.0,1.0,1.0,0.9999999999999999,1.0,1.0,1.0
real_data6_testing,correlation_mix,brain,4,RandomForestClassifier,1.0,1.0,1.0,0.9999999999999999,1.0,1.0,1.0
real_data6_testing,correlation_mix,skin,0,DecisionTreeClassifier,1.0,1.0,1.0,0.9999999999999999,1.0,1.0,1.0
real_data6_testing,correlation_mix,skin,0,RandomForestClassifier,1.0,1.0,1.0,0.9999999999999999,1.0,1.0,1.0
real_data6_testing,correlation_mix,skin,1,DecisionTreeClassifier,1.0,1.0,1.0,0.9999999999999999,1.0,1.0,1.0
real_data6_testing,correlation_mix,skin,1,RandomForestClassifier,1.0,1.0,1.0,0.9999999999999999,1.0,1.0,1.0
real_data6_testing,correlation_mix,skin,2,DecisionTreeClassifier,1.0,1.0,1.0,0.9999999999999999,1.0,1.0,1.0
real_data6_testing,correlation_mix,skin,2,RandomForestClassifier,1.0,1.0,1.0,0.9999999999999999,1.0,1.0,1.0
real_data6_testing,correlation_mix,skin,3,DecisionTreeClassifier,1.0,1.0,1.0,0.9999999999999999,1.0,1.0,1.0
real_data6_testing,correlation_mix,skin,3,RandomForestClassifier,1.0,1.0,1.0,0.9999999999999999,1.0,1.0,1.0
real_data6_testing,correlation_mix,skin,4,DecisionTreeClassifier,1.0,1.0,1.0,0.9999999999999999,1.0,1.0,1.0
real_data6_testing,correlation_mix,skin,4,RandomForestClassifier,1.0,1.0,1.0,0.9999999999999999,1.0,1.0,1.0
real_data6_testing,correlation_mix,neck,0,DecisionTreeClassifier,1.0,1.0,1.0,0.9999999999999999,1.0,1.0,1.0
real_data6_testing,correlation_mix,neck,0,RandomForestClassifier,1.0,1.0,1.0,0.9999999999999999,1.0,1.0,1.0
real_data6_testing,correlation_mix,neck,1,DecisionTreeClassifier,1.0,1.0,1.0,0.9999999999999999,1.0,1.0,1.0
real_data6_testing,correlation_mix,neck,1,RandomForestClassifier,1.0,1.0,1.0,0.9999999999999999,1.0,1.0,1.0
real_data6_testing,correlation_mix,neck,2,DecisionTreeClassifier,1.0,1.0,1.0,0.9999999999999999,1.0,1.0,1.0
real_data6_testing,correlation_mix,neck,2,RandomForestClassifier,1.0,1.0,1.0,0.9999999999999999,1.0,1.0,1.0
real_data6_testing,correlation_mix,neck,3,DecisionTreeClassifier,1.0,1.0,1.0,0.9999999999999999,1.0,1.0,1.0
real_data6_testing,correlation_mix,neck,3,RandomForestClassifier,1.0,1.0,1.0,0.9999999999999999,1.0,1.0,1.0
real_data6_testing,correlation_mix,neck,4,DecisionTreeClassifier,1.0,1.0,1.0,0.9999999999999999,1.0,1.0,1.0
real_data6_testing,correlation_mix,neck,4,RandomForestClassifier,1.0,1.0,1.0,0.9999999999999999,1.0,1.0,1.0
real_data6_testing,correlation_mix,supraclavicular,0,DecisionTreeClassifier,1.0,1.0,1.0,0.9999999999999999,1.0,1.0,1.0
real_data6_testing,correlation_mix,supraclavicular,0,RandomForestClassifier,1.0,1.0,1.0,0.9999999999999999,1.0,1.0,1.0
real_data6_testing,correlation_mix,supraclavicular,1,DecisionTreeClassifier,1.0,1.0,1.0,0.9999999999999999,1.0,1.0,1.0
real_data6_testing,correlation_mix,supraclavicular,1,RandomForestClassifier,1.0,1.0,1.0,0.9999999999999999,1.0,1.0,1.0
real_data6_testing,correlation_mix,supraclavicular,2,DecisionTreeClassifier,1.0,1.0,1.0,0.9999999999999999,1.0,1.0,1.0
real_data6_testing,correlation_mix,supraclavicular,2,RandomForestClassifier,1.0,1.0,1.0,0.9999999999999999,1.0,1.0,1.0
real_data6_testing,correlation_mix,supraclavicular,3,DecisionTreeClassifier,1.0,1.0,1.0,0.9999999999999999,1.0,1.0,1.0
real_data6_testing,correlation_mix,supraclavicular,3,RandomForestClassifier,1.0,1.0,1.0,0.9999999999999999,1.0,1.0,1.0
real_data6_testing,correlation_mix,supraclavicular,4,DecisionTreeClassifier,1.0,1.0,1.0,0.9999999999999999,1.0,1.0,1.0
real_data6_testing,correlation_mix,supraclavicular,4,RandomForestClassifier,1.0,1.0,1.0,0.9999999999999999,1.0,1.0,1.0
real_data6_testing,correlation_mix,axillar,0,DecisionTreeClassifier,1.0,1.0,1.0,0.9999999999999999,1.0,1.0,1.0
real_data6_testing,correlation_mix,axillar,0,RandomForestClassifier,1.0,1.0,1.0,0.9999999999999999,1.0,1.0,1.0
real_data6_testing,correlation_mix,axillar,1,DecisionTreeClassifier,1.0,1.0,1.0,0.9999999999999999,1.0,1.0,1.0
real_data6_testing,correlation_mix,axillar,1,RandomForestClassifier,1.0,1.0,1.0,0.9999999999999999,1.0,1.0,1.0
real_data6_testing,correlation_mix,axillar,2,DecisionTreeClassifier,1.0,1.0,1.0,0.9999999999999999,1.0,1.0,1.0
real_data6_testing,correlation_mix,axillar,2,RandomForestClassifier,1.0,1.0,1.0,0.9999999999999999,1.0,1.0,1.0
real_data6_testing,correlation_mix,axillar,3,DecisionTreeClassifier,1.0,1.0,1.0,0.9999999999999999,1.0,1.0,1.0
real_data6_testing,correlation_mix,axillar,3,RandomForestClassifier,1.0,1.0,1.0,0.9999999999999999,1.0,1.0,1.0
real_data6_testing,correlation_mix,axillar,4,DecisionTreeClassifier,1.0,1.0,1.0,0.9999999999999999,1.0,1.0,1.0
real_data6_testing,correlation_mix,axillar,4,RandomForestClassifier,1.0,1.0,1.0,0.9999999999999999,1.0,1.0,1.0
real_data6_testing,correlation_mix,mediastinum,0,DecisionTreeClassifier,1.0,1.0,1.0,0.9999999999999999,1.0,1.0,1.0
real_data6_testing,correlation_mix,mediastinum,0,RandomForestClassifier,1.0,1.0,1.0,0.9999999999999999,1.0,1.0,1.0
real_data6_testing,correlation_mix,mediastinum,1,DecisionTreeClassifier,1.0,1.0,1.0,0.9999999999999999,1.0,1.0,1.0
real_data6_testing,correlation_mix,mediastinum,1,RandomForestClassifier,1.0,1.0,1.0,0.9999999999999999,1.0,1.0,1.0
real_data6_testing,correlation_mix,mediastinum,2,DecisionTreeClassifier,1.0,1.0,1.0,0.9999999999999999,1.0,1.0,1.0
real_data6_testing,correlation_mix,mediastinum,2,RandomForestClassifier,1.0,1.0,1.0,0.9999999999999999,1.0,1.0,1.0
real_data6_testing,correlation_mix,mediastinum,3,DecisionTreeClassifier,1.0,1.0,1.0,0.9999999999999999,1.0,1.0,1.0
real_data6_testing,correlation_mix,mediastinum,3,RandomForestClassifier,1.0,1.0,1.0,0.9999999999999999,1.0,1.0,1.0
real_data6_testing,correlation_mix,mediastinum,4,DecisionTreeClassifier,1.0,1.0,1.0,0.9999999999999999,1.0,1.0,1.0
real_data6_testing,correlation_mix,mediastinum,4,RandomForestClassifier,1.0,1.0,1.0,0.9999999999999999,1.0,1.0,1.0
real_data6_testing,correlation_mix,abdominal,0,DecisionTreeClassifier,1.0,1.0,1.0,0.9999999999999999,1.0,1.0,1.0
real_data6_testing,correlation_mix,abdominal,0,RandomForestClassifier,1.0,1.0,1.0,0.9999999999999999,1.0,1.0,1.0
real_data6_testing,correlation_mix,abdominal,1,DecisionTreeClassifier,1.0,1.0,1.0,0.9999999999999999,1.0,1.0,1.0
real_data6_testing,correlation_mix,abdominal,1,RandomForestClassifier,1.0,1.0,1.0,0.9999999999999999,1.0,1.0,1.0
real_data6_testing,correlation_mix,abdominal,2,DecisionTreeClassifier,1.0,1.0,1.0,0.9999999999999999,1.0,1.0,1.0
real_data6_testing,correlation_mix,abdominal,2,RandomForestClassifier,1.0,1.0,1.0,0.9999999999999999,1.0,1.0,1.0
real_data6_testing,correlation_mix,abdominal,3,DecisionTreeClassifier,1.0,1.0,1.0,0.9999999999999999,1.0,1.0,1.0
real_data6_testing,correlation_mix,abdominal,3,RandomForestClassifier,1.0,1.0,1.0,0.9999999999999999,1.0,1.0,1.0
real_data6_testing,correlation_mix,abdominal,4,DecisionTreeClassifier,1.0,1.0,1.0,0.9999999999999999,1.0,1.0,1.0
real_data6_testing,correlation_mix,abdominal,4,RandomForestClassifier,1.0,1.0,1.0,0.9999999999999999,1.0,1.0,1.0
real_data6_testing,missingness_mcar,class,0,DecisionTreeClassifier,0.9571694276204378,-0.0625,0.3132817615812552,0.45588235294117646,0.6000107466447606,0.6200980392156864,0.40076026914262214
real_data6_testing,missingness_mcar,class,0,RandomForestClassifier,0.9859831030582513,0.1875,0.6188074729811295,0.6470588235294118,0.8077802709292292,0.8308823529411766,0.6418249234425705
real_data6_testing,missingness_mcar,class,1,DecisionTreeClassifier,0.9115715611568399,-0.0625,-0.1637330289350747,0.14705882352941174,0.39144722651436786,0.20098039215686278,0.4637627894980836
real_data6_testing,missingness_mcar,class,1,RandomForestClassifier,0.9715282138266306,0.3125,0.47957771223755774,0.5294117647058822,0.7195950958733239,0.6740196078431374,0.6117071653836359
real_data6_testing,missingness_mcar,class,2,DecisionTreeClassifier,0.9154157552592485,0.125,0.28926608057286296,0.41176470588235287,0.4965329382956376,0.5490196078431373,0.6670292942351767
real_data6_testing,missingness_mcar,class,2,RandomForestClassifier,0.9776436748760963,0.125,0.6544905558819958,0.588235294117647,0.7540572477038052,0.7647058823529413,0.6143987548399314
real_data6_testing,missingness_mcar,class,3,DecisionTreeClassifier,0.9232815447147041,0.1875,0.3422444106981887,0.5441176470588235,0.5142455851225504,0.6960784313725491,0.5771600131894248
real_data6_testing,missingness_mcar,class,3,RandomForestClassifier,0.9822210415809506,0.1875,0.6686309511516171,0.6470588235294118,0.7887721952873725,0.8088235294117647,0.6450171560465678
real_data6_testing,missingness_mcar,class,4,DecisionTreeClassifier,0.9749394667532119,0.0625,0.6119935023818948,0.6323529411764706,0.7245905030330271,0.823529411764706,0.6275816503757681
real_data6_testing,missingness_mcar,class,4,RandomForestClassifier,0.9723897905178804,0.125,0.6020890029540573,0.6176470588235293,0.7165074428441993,0.786764705882353,0.5821334711040592
real_data6_testing,missingness_mcar,age,0,DecisionTreeClassifier,0.9498466363543314,0.0625,0.6040241471939094,0.588235294117647,0.5812865015450182,0.7598039215686275,0.6223040848040847
real_data6_testing,missingness_mcar,age,0,RandomForestClassifier,0.9880213245298433,0.3125,0.7284082651551671,0.7499999999999999,0.8310791768151387,0.9019607843137255,0.798590706678942
real_data6_testing,missingness_mcar,age,1,DecisionTreeClassifier,0.9193859856485608,0.0625,0.578664043454489,0.48529411764705876,0.46296675248954006,0.6470588235294119,0.6801143301143301
real_data6_testing,missingness_mcar,age,1,RandomForestClassifier,0.9628446174214365,0.0625,0.6978016456108431,0.6470588235294118,0.6529595656356335,0.8382352941176472,0.7209508628626277
real_data6_testing,missingness_mcar,age,2,DecisionTreeClassifier,0.7838007621811834,0.0625,0.5157544793842148,0.08823529411764705,0.01122834099188355,0.13235294117647062,0.6779572551631375
real_data6_testing,missingness_mcar,age,2,RandomForestClassifier,0.9499924172444678,0.125,0.7437324562874943,0.588235294117647,0.6267019213723017,0.752450980392157,0.7277435799494626
real_data6_testing,missingness_mcar,age,3,DecisionTreeClassifier,0.9240030794812752,0.0625,0.6559724422069427,0.5735294117647058,0.5518283646308834,0.7401960784313727,0.6727284969932028
real_data6_testing,missingness_mcar,age,3,RandomForestClassifier,0.9776934117061459,0.125,0.7225020525086433,0.6617647058823529,0.7452914414363001,0.8578431372549021,0.7356348716642835
real_data6_testing,missingness_mcar,age,4,DecisionTreeClassifier,0.895482857141826,0.0625,0.4729027910791328,0.3823529411764705,0.38450796425712996,0.49509803921568635,0.7374825338060633
real_data6_testing,missingness_mcar,age,4,RandomForestClassifier,0.9834075922958939,0.125,0.7256074799841603,0.7058823529411764,0.7906909271255103,0.8578431372549021,0.725481462981463
real_data6_testing,missingness_mcar,sex,0,DecisionTreeClassifier,0.8489966464840033,0.125,0.8233488874386242,0.3823529411764705,0.23067838341133545,0.5073529411764706,0.7307089152677387
real_data6_testing,missingness_mcar,sex,0,RandomForestClassifier,0.965146697162441,0.25,0.7834306581460001,0.5588235294117646,0.7075116000643821,0.6887254901960785,0.7967028886146533
real_data6_testing,missingness_mcar,sex,1,DecisionTreeClassifier,0.8512425557813728,0.0625,0.8084453834546887,0.30882352941176466,0.2112724185195451,0.3651960784313726,0.753400765900766
real_data6_testing,missingness_mcar,sex,1,RandomForestClassifier,0.9790731115656778,0.0625,0.8546613939575988,0.6029411764705882,0.7287341575455097,0.823529411764706,0.6794221301574243
real_data6_testing,missingness_mcar,sex,2,DecisionTreeClassifier,0.9030510361539628,0.125,0.6708416169970594,0.3235294117647059,0.22797638724468813,0.5098039215686275,0.8129033548151195
real_data6_testing,missingness_mcar,sex,2,RandomForestClassifier,0.9839199609136224,0.1875,0.8082854143240026,0.6176470588235293,0.7823160248333364,0.7965686274509804,0.7709508628626276
real_data6_testing,missingness_mcar,sex,3,DecisionTreeClassifier,0.915674220775634,0.0,0.7741104896646818,0.3235294117647059,0.3416839092707568,0.44852941176470595,0.722776651453122
real_data6_testing,missingness_mcar,sex,3,RandomForestClassifier,0.9903917363931651,0.25,0.8045412428248208,0.7352941176470588,0.8537388826166099,0.8578431372549021,0.7625708441884912
real_data6_testing,missingness_mcar,sex,4,DecisionTreeClassifier,0.9258587948107901,0.0,0.824231438094998,0.4705882352941176,0.4397834892335889,0.6568627450980393,0.7003152892858776
real_data6_testing,missingness_mcar,sex,4,RandomForestClassifier,0.9692219091859855,0.1875,0.775382178271724,0.5441176470588235,0.654022412984716,0.6666666666666667,0.7199485971544796
real_data6_testing,missingness_mcar,histologic-type,0,DecisionTreeClassifier,0.8583198810704945,0.0625,0.5568465665102206,0.3235294117647059,0.18923467356005402,0.5122549019607844,0.5143732901085842
real_data6_testing,missingness_mcar,histologic-type,0,RandomForestClassifier,0.9863569640903851,0.25,0.930562804736604,0.764705882352941,0.81855065820804,0.8946078431372549,0.7683400749577222
real_data6_testing,missingness_mcar,histologic-type,1,DecisionTreeClassifier,0.8896974865850564,0.125,0.5627001910791707,0.338235294117647,0.28397898290747503,0.4558823529411765,0.716817741082447
real_data6_testing,missingness_mcar,histologic-type,1,RandomForestClassifier,0.9923336540223223,0.4375,0.8626983513242211,0.764705882352941,0.8786770544828639,0.8897058823529412,0.6976548778019367
real_data6_testing,missingness_mcar,histologic-type,2,DecisionTreeClassifier,0.8949672904261176,0.0,0.2447820696075551,0.338235294117647,0.29627770229396766,0.4730392156862746,0.4091636304871599
real_data6_testing,missingness_mcar,histologic-type,2,RandomForestClassifier,0.9734033653351951,0.0625,0.7841235669741615,0.6029411764705882,0.6982362528668694,0.732843137254902,0.6177777288071404
real_data6_testing,missingness_mcar,histologic-type,3,DecisionTreeClassifier,0.949514393318603,0.0625,0.10060103432395118,0.4411764705882352,0.5307692329139828,0.536764705882353,0.5782819304878127
real_data6_testing,missingness_mcar,histologic-type,3,RandomForestClassifier,0.9713718220123191,0.125,0.8736431560109874,0.588235294117647,0.7164474095255962,0.7450980392156863,0.574102939544116
real_data6_testing,missingness_mcar,histologic-type,4,DecisionTreeClassifier,0.900503380942884,0.0625,0.653590164157313,0.3823529411764705,0.41294146075303145,0.5220588235294118,0.5051026587791293
real_data6_testing,missingness_mcar,histologic-type,4,RandomForestClassifier,0.9872831595225356,0.125,0.9039032823221926,0.7058823529411764,0.8108285869257539,0.8700980392156864,0.5411203992086344
real_data6_testing,missingness_mcar,degree-of-diffe,0,DecisionTreeClassifier,0.8960644199369981,0.0625,0.43354066565347527,0.39705882352941174,0.36623556705824456,0.5588235294117647,0.6348142870201692
real_data6_testing,missingness_mcar,degree-of-diffe,0,RandomForestClassifier,0.9710797968290238,0.25,0.626180080689133,0.7499999999999999,0.7337128193261188,0.9093137254901962,0.7429258649846886
real_data6_testing,missingness_mcar,degree-of-diffe,1,DecisionTreeClassifier,0.9300756503541184,0.125,0.6915803964840054,0.45588235294117646,0.4231488037543725,0.625,0.7032819304878128
real_data6_testing,missingness_mcar,degree-of-diffe,1,RandomForestClassifier,0.9786309356791231,0.1875,0.719637889837544,0.6176470588235293,0.7468649879955312,0.7769607843137256,0.723611927288398
real_data6_testing,missingness_mcar,degree-of-diffe,2,DecisionTreeClassifier,0.8927935667161286,0.0,0.6052397662611877,0.3529411764705882,0.3553780403326138,0.45833333333333337,0.6633192787604552
real_data6_testing,missingness_mcar,degree-of-diffe,2,RandomForestClassifier,0.9889877122530046,0.1875,0.7491450701849465,0.7058823529411764,0.826530056031928,0.8455882352941178,0.6644433181197886
real_data6_testing,missingness_mcar,degree-of-diffe,3,DecisionTreeClassifier,0.7958002357877926,0.0,0.4535806662516837,0.1176470588235294,0.01148396793163979,0.12500000000000003,0.6992633999986942
real_data6_testing,missingness_mcar,degree-of-diffe,3,RandomForestClassifier,0.9651498839253575,0.1875,0.751562174059614,0.6617647058823529,0.6890485730902236,0.806372549019608,0.77517947738536
real_data6_testing,missingness_mcar,degree-of-diffe,4,DecisionTreeClassifier,0.8881390649001835,0.1875,0.32368875689307774,0.2794117647058823,0.3185962508432456,0.39460784313725494,0.6968612270082859
real_data6_testing,missingness_mcar,degree-of-diffe,4,RandomForestClassifier,0.9690580232673941,0.1875,0.6654917221872223,0.6911764705882353,0.7053118822184582,0.8676470588235294,0.7751154074683487
real_data6_testing,missingness_mcar,bone,0,DecisionTreeClassifier,0.8634640860557407,-0.0625,-0.07791795914965349,0.2647058823529411,0.20192543147284842,0.3995098039215687,0.5330453043688338
real_data6_testing,missingness_mcar,bone,0,RandomForestClassifier,0.9559631549301728,0.0625,0.8271165351336384,0.5441176470588235,0.58955253736852,0.7156862745098039,0.7322020299961478
real_data6_testing,missingness_mcar,bone,1,DecisionTreeClassifier,0.8901442795943474,0.0,0.26433569882841856,0.1176470588235294,0.11499744863957452,0.20098039215686278,0.5872936703819057
real_data6_testing,missingness_mcar,bone,1,RandomForestClassifier,0.9683869282090855,0.3125,0.7161448366762131,0.588235294117647,0.6715960024225585,0.7034313725490197,0.7700617193264252
real_data6_testing,missingness_mcar,bone,2,DecisionTreeClassifier,0.9267847559283917,0.0,0.44650194403725296,0.2205882352941176,0.384418965036562,0.2377450980392157,0.7305264180264182
real_data6_testing,missingness_mcar,bone,2,RandomForestClassifier,0.9504749098424331,0.0625,0.797119262407574,0.6470588235294118,0.5957257552597546,0.8137254901960784,0.699080249815544
real_data6_testing,missingness_mcar,bone,3,DecisionTreeClassifier,0.7629253674016968,0.0,-0.07898506446652687,-0.14705882352941174,-0.1805261702734571,-0.10784313725490197,0.5253619746266804
real_data6_testing,missingness_mcar,bone,3,RandomForestClassifier,0.9146187883803241,0.0625,0.7005044764968941,0.39705882352941174,0.30373917982447207,0.5955882352941178,0.6223543613249495
real_data6_testing,missingness_mcar,bone,4,DecisionTreeClassifier,0.7927841883065806,0.125,0.06644485452449078,0.02941176470588235,-0.040892754103171204,0.08333333333333334,0.603470140970141
real_data6_testing,missingness_mcar,bone,4,RandomForestClassifier,0.9258459026193294,0.125,0.7240956595267916,0.3676470588235294,0.4598251556402233,0.49019607843137264,0.7705576286458641
real_data6_testing,missingness_mcar,bone-marrow,0,DecisionTreeClassifier,0.9092161830704117,-0.0625,-1.8685882558515758,0.16176470588235295,0.22038488275760876,0.23529411764705882,0.6000160786925492
real_data6_testing,missingness_mcar,bone-marrow,0,RandomForestClassifier,0.9733912177581372,0.1875,0.28076520684699946,0.7058823529411764,0.7240804163320953,0.8725490196078433,0.7627647679118267
real_data6_testing,missingness_mcar,bone-marrow,1,DecisionTreeClassifier,0.8749482697316968,-0.0625,-0.6711545469996245,0.14705882352941174,0.20932350614252115,0.18382352941176472,0.6159357799063682
real_data6_testing,missingness_mcar,bone-marrow,1,RandomForestClassifier,0.9620827068526836,-0.0625,0.4666575715071637,0.5588235294117646,0.6422137573283686,0.7377450980392158,0.4893434180198887
real_data6_testing,missingness_mcar,bone-marrow,2,DecisionTreeClassifier,0.8661417991746712,0.0,-0.6857695809385282,0.08823529411764705,0.13157932188342325,0.05392156862745098,0.6181978968743675
real_data6_testing,missingness_mcar,bone-marrow,2,RandomForestClassifier,0.958880215961154,0.125,0.3662771271224967,0.48529411764705876,0.5755960032056211,0.7058823529411765,0.61833648377766
real_data6_testing,missingness_mcar,bone-marrow,3,DecisionTreeClassifier,0.9662278509938711,0.125,-0.7083237807442351,0.6323529411764706,0.6143963917138401,0.7181372549019608,0.5954890697537757
real_data6_testing,missingness_mcar,bone-marrow,3,RandomForestClassifier,0.9481869120293247,0.125,0.33214323086135666,0.5147058823529411,0.5484090563993267,0.6666666666666667,0.5333275384745972
real_data6_testing,missingness_mcar,bone-marrow,4,DecisionTreeClassifier,0.8939445457519626,0.0625,-0.6382827511845408,0.2205882352941176,0.26671286419798,0.30637254901960786,0.5212908007025654
real_data6_testing,missingness_mcar,bone-marrow,4,RandomForestClassifier,0.944641760705738,0.0,0.49939575870121244,0.48529411764705876,0.5107805181515934,0.6299019607843138,0.5776304577775165
real_data6_testing,missingness_mcar,lung,0,DecisionTreeClassifier,0.8315814690001391,0.125,0.5056006018638886,0.24999999999999997,0.2783815118153591,0.31617647058823534,0.6951813709166651
real_data6_testing,missingness_mcar,lung,0,RandomForestClassifier,0.9900974477487375,0.25,0.826118542253426,0.764705882352941,0.8630730603603896,0.8823529411764707,0.6193087957793839
real_data6_testing,missingness_mcar,lung,1,DecisionTreeClassifier,0.9330156780805179,0.3125,0.6737520866441189,0.5441176470588235,0.5833893539503126,0.6666666666666667,0.7999927360221479
real_data6_testing,missingness_mcar,lung,1,RandomForestClassifier,0.9881519869739547,0.3125,0.8884987164140901,0.8235294117647057,0.886377947480369,0.9142156862745098,0.6168242705007411
real_data6_testing,missingness_mcar,lung,2,DecisionTreeClassifier,0.8174698376730916,0.0625,0.48135298845898766,0.2794117647058823,0.13415845137073107,0.36274509803921573,0.604353571265336
real_data6_testing,missingness_mcar,lung,2,RandomForestClassifier,0.9943282576155609,0.5,0.7891362028283445,0.8676470588235293,0.9031288109789558,0.9509803921568628,0.869796053619583
real_data6_testing,missingness_mcar,lung,3,DecisionTreeClassifier,0.8844595350775493,0.125,0.7926027739165862,0.3823529411764705,0.40132034563055685,0.5514705882352942,0.7155835177894003
real_data6_testing,missingness_mcar,lung,3,RandomForestClassifier,0.9869545167304367,0.375,0.8327399160201324,0.7794117647058824,0.8061526381747826,0.9215686274509804,0.8162575169928111
real_data6_testing,missingness_mcar,lung,4,DecisionTreeClassifier,0.9026244564358006,0.0,0.4809812853341836,0.2647058823529411,0.3343094540242929,0.40441176470588236,0.7195751144280558
real_data6_testing,missingness_mcar,lung,4,RandomForestClassifier,0.9863051634082092,0.25,0.831706114207799,0.8382352941176471,0.8430324528679943,0.9436274509803922,0.775481462981463
real_data6_testing,missingness_mcar,pleura,0,DecisionTreeClassifier,0.93074178713291,0.1875,0.597376654072777,0.4264705882352941,0.44847820883820017,0.5980392156862745,0.696355768414592
real_data6_testing,missingness_mcar,pleura,0,RandomForestClassifier,0.9926171600862281,0.375,0.6876626513469881,0.7941176470588235,0.881269846040158,0.911764705882353,0.7839686457333517
real_data6_testing,missingness_mcar,pleura,1,DecisionTreeClassifier,0.9199775757034883,0.25,-0.25936537813424176,0.14705882352941174,0.3904417162568762,0.2573529411764706,0.6910043387984565
real_data6_testing,missingness_mcar,pleura,1,RandomForestClassifier,0.9873186024474715,0.375,0.83326064371345,0.8235294117647057,0.8250791670387203,0.9509803921568628,0.7644403798815564
real_data6_testing,missingness_mcar,pleura,2,DecisionTreeClassifier,0.9162560339972052,0.0625,0.6201782207860406,0.5441176470588235,0.4388918834443073,0.7058823529411765,0.6416827453592161
real_data6_testing,missingness_mcar,pleura,2,RandomForestClassifier,0.9838265395780706,0.375,0.8722455719382679,0.764705882352941,0.7960602274113542,0.9019607843137255,0.7604990597637658
real_data6_testing,missingness_mcar,pleura,3,DecisionTreeClassifier,0.9340607242130132,0.0,-0.11593480231960607,0.41176470588235287,0.5091961807520216,0.5833333333333334,0.4880625093860388
real_data6_testing,missingness_mcar,pleura,3,RandomForestClassifier,0.986692763929104,0.1875,0.8104277895110621,0.764705882352941,0.8144069250926796,0.9019607843137255,0.6959077687018864
real_data6_testing,missingness_mcar,pleura,4,DecisionTreeClassifier,0.9037064200022767,0.0625,0.42590394419831046,0.30882352941176466,0.3848256133166018,0.4460784313725491,0.6761825592707946
real_data6_testing,missingness_mcar,pleura,4,RandomForestClassifier,0.9855047915701189,0.1875,0.7694413727725264,0.7058823529411764,0.7835877304099501,0.8823529411764707,0.7149772613007909
real_data6_testing,missingness_mcar,peritoneum,0,DecisionTreeClassifier,0.9370244667710819,0.1875,0.6717601353784698,0.6029411764705882,0.5848042146471486,0.7941176470588236,0.7424042460807169
real_data6_testing,missingness_mcar,peritoneum,0,RandomForestClassifier,0.985610732995444,0.125,0.7684216375513804,0.7499999999999999,0.7911717498267712,0.911764705882353,0.6649539186303891
real_data6_testing,missingness_mcar,peritoneum,1,DecisionTreeClassifier,0.9255456614444488,0.0,0.6174570914091095,0.4264705882352941,0.4286215246642304,0.6176470588235294,0.657391709597592
real_data6_testing,missingness_mcar,peritoneum,1,RandomForestClassifier,0.9957525283760862,0.4375,0.7796856703314254,0.8382352941176471,0.9091406705099538,0.948529411764706,0.7537940001175296
real_data6_testing,missingness_mcar,peritoneum,2,DecisionTreeClassifier,0.8687911571352243,0.0,0.43910588286739693,0.14705882352941174,0.052770731565347256,0.20833333333333337,0.6345589867648691
real_data6_testing,missingness_mcar,peritoneum,2,RandomForestClassifier,0.9601765513812995,0.125,0.7547364254511512,0.7352941176470588,0.642987392062825,0.8995098039215688,0.6841511429746724
real_data6_testing,missingness_mcar,peritoneum,3,DecisionTreeClassifier,0.9656524162376555,0.25,0.7886572977537474,0.6176470588235293,0.6711515357768383,0.7965686274509804,0.6498972432795962
real_data6_testing,missingness_mcar,peritoneum,3,RandomForestClassifier,0.9806554986362174,0.1875,0.8318951803360598,0.7205882352941176,0.760257126801308,0.8823529411764707,0.727278848602378
real_data6_testing,missingness_mcar,peritoneum,4,DecisionTreeClassifier,0.9176771277785171,0.125,0.5511063360667536,0.30882352941176466,0.4046757675194306,0.3970588235294118,0.6663538259126495
real_data6_testing,missingness_mcar,peritoneum,4,RandomForestClassifier,0.9890646838429167,0.125,0.7624157378442784,0.7058823529411764,0.8172121401853909,0.8700980392156864,0.6227066234419176
real_data6_testing,missingness_mcar,liver,0,DecisionTreeClassifier,0.8094900222593483,0.0625,0.5490003339422569,0.10294117647058822,0.03590351356168384,0.17647058823529413,0.6158774232303644
real_data6_testing,missingness_mcar,liver,0,RandomForestClassifier,0.9666865118248246,0.125,0.830505257380749,0.6323529411764706,0.6734740120377608,0.7843137254901962,0.659362696127402
real_data6_testing,missingness_mcar,liver,1,DecisionTreeClassifier,0.9669930624065552,0.0625,0.8535419306117136,0.6323529411764706,0.6606081031843052,0.8186274509803922,0.6650116223645636
real_data6_testing,missingness_mcar,liver,1,RandomForestClassifier,0.9927743370397346,0.375,0.841988719866716,0.764705882352941,0.8767972444168406,0.8872549019607844,0.742786461904109
real_data6_testing,missingness_mcar,liver,2,DecisionTreeClassifier,0.8774030746641476,0.0625,0.7106626680630743,0.2647058823529411,0.22340747485010462,0.31127450980392163,0.595214915803151
real_data6_testing,missingness_mcar,liver,2,RandomForestClassifier,0.96704450043724,0.125,0.8127434431711148,0.676470588235294,0.6606930684458673,0.8553921568627452,0.7272219610454905
real_data6_testing,missingness_mcar,liver,3,DecisionTreeClassifier,0.784258766892171,0.0625,0.5521902310853692,0.13235294117647056,0.005845526943370136,0.21568627450980393,0.5962653359712183
real_data6_testing,missingness_mcar,liver,3,RandomForestClassifier,0.9752354821684774,0.1875,0.8553587217739321,0.6470588235294118,0.7200641207275659,0.7990196078431374,0.7464527302762598
real_data6_testing,missingness_mcar,liver,4,DecisionTreeClassifier,0.9319006741225396,0.125,0.671291990560053,0.4411764705882352,0.47568436292504074,0.5710784313725491,0.6232303644068349
real_data6_testing,missingness_mcar,liver,4,RandomForestClassifier,0.9753907603812623,0.125,0.8324373781587209,0.676470588235294,0.7163898395915185,0.8553921568627452,0.637605205252264
real_data6_testing,missingness_mcar,brain,0,DecisionTreeClassifier,0.9136399401697713,0.0,-0.6045343510644499,0.19117647058823525,0.24806399184257563,0.26960784313725494,0.48738557194439547
real_data6_testing,missingness_mcar,brain,0,RandomForestClassifier,0.9420992723734724,0.1875,0.7442238151434444,0.588235294117647,0.6541169084744296,0.7132352941176472,0.737993134316664
real_data6_testing,missingness_mcar,brain,1,DecisionTreeClassifier,0.9244571981940828,0.125,-0.8199128387640076,0.14705882352941174,0.4502651458965513,0.2622549019607843,0.49569768466827285
real_data6_testing,missingness_mcar,brain,1,RandomForestClassifier,0.9564515252336164,0.125,0.631244812986816,0.5147058823529411,0.6232647866013145,0.6764705882352942,0.7740611512670337
real_data6_testing,missingness_mcar,brain,2,DecisionTreeClassifier,0.9320614633845359,0.125,-0.7773654340277323,0.4264705882352941,0.3763294638609833,0.5514705882352942,0.6121177841766076
real_data6_testing,missingness_mcar,brain,2,RandomForestClassifier,0.9489443582847799,0.125,0.7170420461600786,0.4411764705882352,0.5867157565465875,0.5833333333333334,0.6252459142165023
real_data6_testing,missingness_mcar,brain,3,DecisionTreeClassifier,0.7797132975920195,0.0,-0.6686174417542525,0.0,-0.05593888728888358,-0.02696078431372549,0.5400014201484789
real_data6_testing,missingness_mcar,brain,3,RandomForestClassifier,0.8696913926309672,0.0,0.6013969266366948,0.4264705882352941,0.42052123413138415,0.5000000000000001,0.6585106886577475
real_data6_testing,missingness_mcar,brain,4,DecisionTreeClassifier,0.9300160652292913,0.0,-0.4274254923208176,0.45588235294117646,0.43597356919211405,0.590686274509804,0.45241972080207365
real_data6_testing,missingness_mcar,brain,4,RandomForestClassifier,0.914269549979283,0.0,0.5091670322444615,0.3823529411764705,0.448055273448674,0.502450980392157,0.7270687645687646
real_data6_testing,missingness_mcar,skin,0,DecisionTreeClassifier,0.7933935081655207,0.0,-0.9213685860009195,0.1176470588235294,0.06499962193498914,0.1519607843137255,0.5586259328906387
real_data6_testing,missingness_mcar,skin,0,RandomForestClassifier,0.9440824321187388,0.1875,0.721114965223361,0.6029411764705882,0.5587928435811276,0.7843137254901962,0.7577155687449806
real_data6_testing,missingness_mcar,skin,1,DecisionTreeClassifier,0.8017366935187015,-0.0625,-1.2131558200526427,0.02941176470588235,0.019443138120644507,0.004901960784313726,0.4573216815863874
real_data6_testing,missingness_mcar,skin,1,RandomForestClassifier,0.9703895634039211,0.25,0.7390229190428023,0.6176470588235293,0.7126081542969387,0.7426470588235294,0.6803148648736885
real_data6_testing,missingness_mcar,skin,2,DecisionTreeClassifier,0.8468354958031263,-0.0625,-1.72944094445999,0.13235294117647056,0.10282642185249691,0.08823529411764706,0.48577280562574676
real_data6_testing,missingness_mcar,skin,2,RandomForestClassifier,0.9674472836229617,0.125,0.7203978107754436,0.6029411764705882,0.6751372133358984,0.7132352941176472,0.729403031608914
real_data6_testing,missingness_mcar,skin,3,DecisionTreeClassifier,0.8683596601081394,0.0,-0.3918465704851919,0.14705882352941174,0.09999755767511358,0.17401960784313728,0.42189771013300426
real_data6_testing,missingness_mcar,skin,3,RandomForestClassifier,0.9044723003921437,0.125,0.5214064098717557,0.3529411764705882,0.32460112658271484,0.5049019607843138,0.726930177665472
real_data6_testing,missingness_mcar,skin,4,DecisionTreeClassifier,0.883291684800695,0.0,-1.2461421360230616,0.10294117647058822,0.2167061805804597,0.13725490196078433,0.5388349395702337
real_data6_testing,missingness_mcar,skin,4,RandomForestClassifier,0.9664055122191205,0.125,0.7386130811784726,0.5147058823529411,0.6683644987118975,0.6446078431372549,0.662437970526206
real_data6_testing,missingness_mcar,neck,0,DecisionTreeClassifier,0.8722850988206623,-0.0625,0.6927180790215481,0.338235294117647,0.2462489965230358,0.4730392156862746,0.5018361540420363
real_data6_testing,missingness_mcar,neck,0,RandomForestClassifier,0.9475690020613837,0.1875,0.7482042631500485,0.6176470588235293,0.6213266057417047,0.7598039215686275,0.666754895431366
real_data6_testing,missingness_mcar,neck,1,DecisionTreeClassifier,0.8698370804981911,0.125,0.7423125034734679,0.39705882352941174,0.2221311302206342,0.5343137254901961,0.6959049936991115
real_data6_testing,missingness_mcar,neck,1,RandomForestClassifier,0.9718396057468386,0.125,0.8660807202823826,0.676470588235294,0.7041037114961877,0.8406862745098039,0.698914729061788
real_data6_testing,missingness_mcar,neck,2,DecisionTreeClassifier,0.8625423118585556,-0.0625,0.7090917550306096,0.3235294117647059,0.23130988486297938,0.4068627450980392,0.5886460761460761
real_data6_testing,missingness_mcar,neck,2,RandomForestClassifier,0.9489886910667964,0.1875,0.7246547229516935,0.6617647058823529,0.6178412147361092,0.7916666666666667,0.6659336578454226
real_data6_testing,missingness_mcar,neck,3,DecisionTreeClassifier,0.926308895555782,0.1875,0.49920276340279,0.5588235294117646,0.532048253007441,0.732843137254902,0.7177433677433678
real_data6_testing,missingness_mcar,neck,3,RandomForestClassifier,0.9585906089811188,0.0625,0.8015250232629195,0.6176470588235293,0.6015457347848026,0.7941176470588236,0.6467451665981079
real_data6_testing,missingness_mcar,neck,4,DecisionTreeClassifier,0.8421588212890884,0.0,0.5284210217047424,0.19117647058823525,0.018080207230643977,0.29656862745098045,0.6067621104385811
real_data6_testing,missingness_mcar,neck,4,RandomForestClassifier,0.9583612994064334,-0.0625,0.6966686104648225,0.6617647058823529,0.6173301625545478,0.8161764705882354,0.5356334025451672
real_data6_testing,missingness_mcar,supraclavicular,0,DecisionTreeClassifier,0.8572115563853369,0.0625,-0.003705989161592038,0.3529411764705882,0.2538510323126524,0.4730392156862746,0.7992421793892382
real_data6_testing,missingness_mcar,supraclavicular,0,RandomForestClassifier,0.9902665641365395,0.25,0.8450035634842021,0.7499999999999999,0.8318812287144892,0.8995098039215688,0.7847018177900532
real_data6_testing,missingness_mcar,supraclavicular,1,DecisionTreeClassifier,0.9344823762486364,0.0625,0.49157256669151417,0.4411764705882352,0.3969512714125213,0.625,0.6457407788290143
real_data6_testing,missingness_mcar,supraclavicular,1,RandomForestClassifier,0.9843810070744426,0.25,0.8141865335954288,0.764705882352941,0.8150101532375262,0.8970588235294119,0.7138313483901718
real_data6_testing,missingness_mcar,supraclavicular,2,DecisionTreeClassifier,0.88714429233791,0.0625,0.24041555671685544,0.24999999999999997,0.24773393687608747,0.3186274509803922,0.7021600131894249
real_data6_testing,missingness_mcar,supraclavicular,2,RandomForestClassifier,0.9569915698447423,0.125,0.8041617373668251,0.588235294117647,0.6502408789635992,0.7352941176470589,0.6692914112031759
real_data6_testing,missingness_mcar,supraclavicular,3,DecisionTreeClassifier,0.9012924692745768,-0.0625,-0.09023709221967335,0.338235294117647,0.3778590046732941,0.49019607843137264,0.48234567719861837
real_data6_testing,missingness_mcar,supraclavicular,3,RandomForestClassifier,0.9899141370521093,0.1875,0.6882702800242533,0.7352941176470588,0.8384113511287719,0.8897058823529412,0.7278836359718713
real_data6_testing,missingness_mcar,supraclavicular,4,DecisionTreeClassifier,0.833624388994267,0.0,-0.05800338559173124,0.2352941176470588,0.18201084960563202,0.38480392156862747,0.6239635364635363
real_data6_testing,missingness_mcar,supraclavicular,4,RandomForestClassifier,0.9694624041490929,0.0625,0.6068165485431096,0.676470588235294,0.7411586964100114,0.8333333333333335,0.5593022173904526
real_data6_testing,missingness_mcar,axillar,0,DecisionTreeClassifier,0.9150624041521809,0.125,0.770560918565294,0.24999999999999997,0.4000829034932495,0.34803921568627455,0.6919592662239723
real_data6_testing,missingness_mcar,axillar,0,RandomForestClassifier,0.9686664971813256,0.0625,0.8714967433229981,0.6176470588235293,0.68725164605104,0.7769607843137256,0.7334661253778901
real_data6_testing,missingness_mcar,axillar,1,DecisionTreeClassifier,0.842634469604124,0.0,0.8389747553785094,0.13235294117647056,0.040168215022733954,0.18137254901960786,0.639040779481956
real_data6_testing,missingness_mcar,axillar,1,RandomForestClassifier,0.9651709665638194,0.25,0.8470143105100181,0.7499999999999999,0.7087303095045555,0.8946078431372549,0.7729466611819554
real_data6_testing,missingness_mcar,axillar,2,DecisionTreeClassifier,0.7591395653300043,0.125,0.7510531683246557,-0.07352941176470587,-0.13049764840359765,-0.08823529411764706,0.6314331909920146
real_data6_testing,missingness_mcar,axillar,2,RandomForestClassifier,0.9686119387766088,0.3125,0.74510870163805,0.6176470588235293,0.7293794397129928,0.7843137254901962,0.6420986693045517
real_data6_testing,missingness_mcar,axillar,3,DecisionTreeClassifier,0.9145611935067902,0.125,0.9109551772121359,0.3529411764705882,0.47011018794618403,0.465686274509804,0.6410605734135144
real_data6_testing,missingness_mcar,axillar,3,RandomForestClassifier,0.9721269495988529,0.1875,0.897956370574197,0.6470588235294118,0.7360837283073558,0.7941176470588236,0.736197217814865
real_data6_testing,missingness_mcar,axillar,4,DecisionTreeClassifier,0.8753683144241906,0.0625,0.3827190048724589,0.2647058823529411,0.22179656374558127,0.3308823529411765,0.6406550149197209
real_data6_testing,missingness_mcar,axillar,4,RandomForestClassifier,0.9616369480998219,0.125,0.5878636302616287,0.588235294117647,0.6706395507422568,0.7205882352941178,0.8141814884461943
real_data6_testing,missingness_mcar,mediastinum,0,DecisionTreeClassifier,0.9232993401607198,0.125,0.7758765185589039,0.2941176470588235,0.4698397614193252,0.40441176470588236,0.6599345915522387
real_data6_testing,missingness_mcar,mediastinum,0,RandomForestClassifier,0.9774966795722251,0.3125,0.914621120811058,0.6323529411764706,0.7614787608617609,0.7892156862745099,0.7451593341299224
real_data6_testing,missingness_mcar,mediastinum,1,DecisionTreeClassifier,0.8825715369639956,0.0,0.8223965065949215,0.16176470588235295,0.20791001283914246,0.21813725490196081,0.594925254484078
real_data6_testing,missingness_mcar,mediastinum,1,RandomForestClassifier,0.9620984834644629,0.25,0.9444947075836763,0.5735294117647058,0.6627315287805298,0.7083333333333334,0.7204956807897984
real_data6_testing,missingness_mcar,mediastinum,2,DecisionTreeClassifier,0.9267707024511005,0.1875,0.7888408371005338,0.41176470588235287,0.44098437361740506,0.502450980392157,0.6805228268463562
real_data6_testing,missingness_mcar,mediastinum,2,RandomForestClassifier,0.9496774109277994,0.125,0.9160590857487423,0.45588235294117646,0.612123294373911,0.6127450980392157,0.67333181524358
real_data6_testing,missingness_mcar,mediastinum,3,DecisionTreeClassifier,0.902378332740567,0.0625,0.6360616159911143,0.19117647058823525,0.32518322686726797,0.25000000000000006,0.6386708879355939
real_data6_testing,missingness_mcar,mediastinum,3,RandomForestClassifier,0.9713332295192196,0.125,0.9070226338654768,0.5588235294117646,0.686962562463779,0.7426470588235294,0.6403755558167324
real_data6_testing,missingness_mcar,mediastinum,4,DecisionTreeClassifier,0.8903456443313525,0.125,0.7599607920638927,0.20588235294117643,0.33690021377135226,0.286764705882353,0.6591642834289894
real_data6_testing,missingness_mcar,mediastinum,4,RandomForestClassifier,0.9632057049127954,0.125,0.8499251313977418,0.4705882352941176,0.6440863433450105,0.6323529411764707,0.7573384948384949
real_data6_testing,missingness_mcar,abdominal,0,DecisionTreeClassifier,0.9293772588161059,0.1875,0.6228796165627479,0.49999999999999994,0.3812025738414416,0.6470588235294119,0.6225869718516778
real_data6_testing,missingness_mcar,abdominal,0,RandomForestClassifier,0.9963095444503313,0.3125,0.8233934482723781,0.8529411764705882,0.9150518827637546,0.9558823529411765,0.6777004857887211
real_data6_testing,missingness_mcar,abdominal,1,DecisionTreeClassifier,0.9304818196416984,0.1875,0.3714234555717336,0.4705882352941176,0.5725288269676708,0.5686274509803922,0.8212097542979897
real_data6_testing,missingness_mcar,abdominal,1,RandomForestClassifier,0.9953911430441874,0.5625,0.8304343635201035,0.8382352941176471,0.9241113983237192,0.9264705882352943,0.8250612949142361
real_data6_testing,missingness_mcar,abdominal,2,DecisionTreeClassifier,0.9554026808357008,0.125,0.542173517018739,0.5735294117647058,0.6841266388581353,0.7034313725490197,0.665587108969462
real_data6_testing,missingness_mcar,abdominal,2,RandomForestClassifier,0.9897790406912886,0.375,0.7471558461876773,0.7499999999999999,0.8391339844601934,0.8970588235294119,0.7835951630069278
real_data6_testing,missingness_mcar,abdominal,3,DecisionTreeClassifier,0.9666472924986665,0.0,0.5580340726180162,0.5147058823529411,0.625342447525846,0.7107843137254903,0.5795948332713039
real_data6_testing,missingness_mcar,abdominal,3,RandomForestClassifier,0.9862402547234056,0.3125,0.8237019490442246,0.8088235294117646,0.8343755264168196,0.9240196078431374,0.8188557357675005
real_data6_testing,missingness_mcar,abdominal,4,DecisionTreeClassifier,0.9559707025196537,0.0625,0.5161802449245889,0.4411764705882352,0.6119530464731298,0.6323529411764707,0.42186416524651815
real_data6_testing,missingness_mcar,abdominal,4,RandomForestClassifier,0.9950477411888092,0.4375,0.7818810654188817,0.8382352941176471,0.9166731813127182,0.9240196078431374,0.8324142360907069
