{"run 0": {"cross": 1.0, "ndgc_score": 1.0000000000000002, "cohen_kappa_score": 1.0, "r2_score": 1.0, "levenshtein_normalized_similarity": 1.0, "kendalltau": 1.0, "weightedtau": 1.0, "rbo": 1.0, "damerau_levenshtein_normalized_similarity": 1.0, "jaro_winkler_normalized_similarity": 1.0, "hamming_normalized_similarity": 1.0, "debug": {"cross": [1.0, 1.0, 1.0, 1.0, 1.0, 1.0, 1.0, 1.0, 1.0, 1.0], "ndgc_score": [1.0000000000000002, 1.0000000000000002, 1.0000000000000002, 1.0000000000000002, 1.0000000000000002, 1.0000000000000002, 1.0000000000000002, 1.0000000000000002, 1.0000000000000002, 1.0000000000000002], "cohen_kappa_score": [1.0, 1.0, 1.0, 1.0, 1.0, 1.0, 1.0, 1.0, 1.0, 1.0], "r2_score": [1.0, 1.0, 1.0, 1.0, 1.0, 1.0, 1.0, 1.0, 1.0, 1.0], "levenshtein_normalized_similarity": [1.0, 1.0, 1.0, 1.0, 1.0, 1.0, 1.0, 1.0, 1.0, 1.0], "kendalltau": [1.0, 1.0, 1.0, 1.0, 1.0, 1.0, 1.0, 1.0, 1.0, 1.0], "weightedtau": [1.0, 1.0, 1.0, 1.0, 1.0, 1.0, 1.0, 1.0, 1.0, 1.0], "rbo": [1.0, 1.0, 1.0, 1.0, 1.0, 1.0, 1.0, 1.0, 1.0, 1.0], "damerau_levenshtein_normalized_similarity": [1.0, 1.0, 1.0, 1.0, 1.0, 1.0, 1.0, 1.0, 1.0, 1.0], "jaro_winkler_normalized_similarity": [1.0, 1.0, 1.0, 1.0, 1.0, 1.0, 1.0, 1.0, 1.0, 1.0], "hamming_normalized_similarity": [1.0, 1.0, 1.0, 1.0, 1.0, 1.0, 1.0, 1.0, 1.0, 1.0]}}, "run 1": {"cross": 0.8794920597296881, "ndgc_score": 0.9309495225069113, "cohen_kappa_score": 0.4200000000000001, "r2_score": 0.6414167390022943, "levenshtein_normalized_similarity": 0.5144444444444445, "kendalltau": 0.6661111111111111, "weightedtau": 0.6545148337775284, "rbo": 0.7313690476190475, "damerau_levenshtein_normalized_similarity": 0.5244444444444445, "jaro_winkler_normalized_similarity": 0.8112374338624339, "hamming_normalized_similarity": 0.4844444444444445, "debug": {"cross": [1.000295585916973, 0.9574915824915826, 1.0019461670405065, 1.0090466710904666, 1.0031949934123845, 0.5505761843790012, 0.5044677544677546, 0.7965051979650519, 1.0031949934123845, 0.9682014671207756], "ndgc_score": [0.9683691702792162, 0.9572174681513781, 0.9722094788459659, 0.9335910182612572, 0.9522576621520742, 0.8469507802052455, 0.844529043256552, 0.9389687557869687, 0.9522576621520742, 0.9431441859783813], "cohen_kappa_score": [0.6, 0.45000000000000007, 0.6375, 0.4625000000000001, 0.45000000000000007, 0.13750000000000018, 0.1375000000000002, 0.4375000000000001, 0.45000000000000007, 0.4375000000000001], "r2_score": [0.82542507345503, 0.6428744793656669, 0.84625926298853, 0.8566679576998073, 0.8324168092872665, -0.007307062769596096, 0.003290949564164647, 0.8149920335297092, 0.8324168092872665, 0.7671310776150986], "levenshtein_normalized_similarity": [0.6666666666666667, 0.5333333333333333, 0.6888888888888889, 0.5333333333333334, 0.5333333333333334, 0.2888888888888889, 0.30000000000000004, 0.5666666666666667, 0.5333333333333334, 0.5], "kendalltau": [0.8, 0.7222222222222222, 0.8333333333333334, 0.6722222222222223, 0.6944444444444444, 0.4166666666666667, 0.3888888888888889, 0.7333333333333334, 0.6944444444444444, 0.7055555555555555], "weightedtau": [0.8229783279562352, 0.7562613971103943, 0.8277388132977977, 0.6511467246458129, 0.6957602749333709, 0.3630102398653387, 0.3485587038855379, 0.6892867162294853, 0.6957602749333709, 0.6946468649179409], "rbo": [0.8337698412698413, 0.7567857142857144, 0.808584656084656, 0.7370502645502646, 0.7076190476190476, 0.622089947089947, 0.6494179894179894, 0.7410052910052909, 0.7076190476190476, 0.7497486772486772], "damerau_levenshtein_normalized_similarity": [0.6777777777777778, 0.5444444444444445, 0.7222222222222222, 0.5444444444444445, 0.5333333333333334, 0.30000000000000004, 0.30000000000000004, 0.5666666666666667, 0.5333333333333334, 0.5222222222222223], "jaro_winkler_normalized_similarity": [0.8920105820105819, 0.8326322751322752, 0.8902645502645503, 0.8076058201058199, 0.7976455026455026, 0.7207671957671957, 0.752255291005291, 0.8202248677248678, 0.7976455026455026, 0.8013227513227512], "hamming_normalized_similarity": [0.6444444444444445, 0.5111111111111112, 0.6777777777777778, 0.5222222222222223, 0.5111111111111112, 0.23333333333333334, 0.23333333333333334, 0.5, 0.5111111111111112, 0.5]}}, "run 2": {"cross": 0.7973440680402833, "ndgc_score": 0.8757039255365996, "cohen_kappa_score": 0.17625000000000016, "r2_score": -0.13248573968876426, "levenshtein_normalized_similarity": 0.3177777777777778, "kendalltau": 0.39722222222222225, "weightedtau": 0.3844112077430214, "rbo": 0.6318201058201058, "damerau_levenshtein_normalized_similarity": 0.32222222222222224, "jaro_winkler_normalized_similarity": 0.733885582010582, "hamming_normalized_similarity": 0.2677777777777778, "debug": {"cross": [0.5558101677936389, 0.7896125982860677, 0.8450635386119256, 1.0090488215488214, 1.0210843373493976, 0.5795454545454546, 0.7551783659378597, 0.8289345063538613, 0.7859281437125748, 0.803234746263232], "ndgc_score": [0.8485227438477263, 0.8625883151849341, 0.8514623054588663, 0.9427771908506106, 0.8857057344275037, 0.824043183359856, 0.8280039269210258, 0.9025367071098594, 0.9134131951047302, 0.8979859531008832], "cohen_kappa_score": [0.1375000000000002, 0.10000000000000017, 0.13750000000000018, 0.4375000000000001, 0.1500000000000002, 0.02500000000000021, 0.037500000000000214, 0.18750000000000017, 0.2875000000000001, 0.26250000000000007], "r2_score": [-0.4211719007659728, 0.05367605911898288, -0.2644747722877604, 0.49950562399486786, 0.19662083058247937, -1.0172314217506089, -1.2140803116927659, 0.26607527644503975, 0.4139109996022839, 0.16231221986581149], "levenshtein_normalized_similarity": [0.2666666666666667, 0.2555555555555556, 0.3, 0.5666666666666667, 0.2777777777777778, 0.24444444444444446, 0.21111111111111117, 0.2888888888888889, 0.38888888888888895, 0.3777777777777778], "kendalltau": [0.3166666666666667, 0.40555555555555556, 0.3444444444444444, 0.6111111111111112, 0.45, 0.19444444444444445, 0.11111111111111109, 0.49444444444444435, 0.5722222222222222, 0.4722222222222222], "weightedtau": [0.29443996352924673, 0.3738795763781736, 0.3219911628559404, 0.6233009538504699, 0.41085706270164113, 0.1919378594473278, 0.15586337494739794, 0.48384415766587174, 0.537857693926217, 0.45014027212792823], "rbo": [0.6359920634920634, 0.5917063492063492, 0.5806746031746032, 0.7497751322751324, 0.5800529100529099, 0.6034656084656085, 0.5939417989417989, 0.6246693121693122, 0.636084656084656, 0.7218386243386242], "damerau_levenshtein_normalized_similarity": [0.2777777777777778, 0.2555555555555556, 0.3111111111111111, 0.5666666666666667, 0.2777777777777778, 0.24444444444444446, 0.22222222222222227, 0.2888888888888889, 0.38888888888888895, 0.38888888888888895], "jaro_winkler_normalized_similarity": [0.7328835978835978, 0.6944576719576719, 0.7114417989417989, 0.8528373015873015, 0.6783597883597883, 0.7400396825396826, 0.6957936507936507, 0.6971428571428572, 0.7588888888888888, 0.7770105820105819], "hamming_normalized_similarity": [0.23333333333333334, 0.20000000000000004, 0.23333333333333334, 0.5, 0.24444444444444446, 0.13333333333333336, 0.14444444444444446, 0.2777777777777778, 0.36666666666666675, 0.3444444444444445]}}, "run 3": {"cross": 0.795312827837238, "ndgc_score": 0.8642583851098248, "cohen_kappa_score": 0.14000000000000018, "r2_score": -0.24091516138416127, "levenshtein_normalized_similarity": 0.2911111111111111, "kendalltau": 0.2816666666666666, "weightedtau": 0.2757046921026792, "rbo": 0.6189722222222223, "damerau_levenshtein_normalized_similarity": 0.2977777777777778, "jaro_winkler_normalized_similarity": 0.7204728835978835, "hamming_normalized_similarity": 0.2355555555555556, "debug": {"cross": [0.6316332337459099, 0.8547752297752297, 0.8100554968287526, 0.9705014749262536, 0.8172514619883039, 0.7107774997683255, 0.7906197063805759, 0.8518328077151607, 0.7595486111111112, 0.7561327561327562],